INSERT INTO Departures VALUES((SELECT id FROM FlightInstances WHERE airlineCode='AC' AND flightNumber=8551 AND flightDate=TO_DATE('May 15, 2012', 'MON DD, YYYY')), 'A1', 'YYC', TO_TIMESTAMP_TZ('May 15, 2012 07:40 -07:00', 'MON DD, YYYY HH24:MI TZH:TZM'), 'departed at 07:40');
INSERT INTO Arrivals VALUES((SELECT id FROM FlightInstances WHERE airlineCode='AC' AND flightNumber=8551 AND flightDate=TO_DATE('May 15, 2012', 'MON DD, YYYY')), '1', 'YYJ', TO_TIMESTAMP_TZ('May 15, 2012 08:09 -08:00', 'MON DD, YYYY HH24:MI TZH:TZM'), 'arrived at 08:09');
INSERT INTO Departures VALUES((SELECT id FROM FlightInstances WHERE airlineCode='AC' AND flightNumber=8553 AND flightDate=TO_DATE('May 15, 2012', 'MON DD, YYYY')), 'A2', 'YYC', TO_TIMESTAMP_TZ('May 15, 2012 11:25 -07:00', 'MON DD, YYYY HH24:MI TZH:TZM'), 'departed at 11:25');
INSERT INTO Arrivals VALUES((SELECT id FROM FlightInstances WHERE airlineCode='AC' AND flightNumber=8553 AND flightDate=TO_DATE('May 15, 2012', 'MON DD, YYYY')), '1', 'YYJ', TO_TIMESTAMP_TZ('May 15, 2012 11:54 -08:00', 'MON DD, YYYY HH24:MI TZH:TZM'), 'arrived at 11:54');
INSERT INTO Departures VALUES((SELECT id FROM FlightInstances WHERE airlineCode='AC' AND flightNumber=8555 AND flightDate=TO_DATE('May 15, 2012', 'MON DD, YYYY')), 'A2', 'YYC', TO_TIMESTAMP_TZ('May 15, 2012 16:25 -07:00', 'MON DD, YYYY HH24:MI TZH:TZM'), 'departed at 16:25');
INSERT INTO Arrivals VALUES((SELECT id FROM FlightInstances WHERE airlineCode='AC' AND flightNumber=8555 AND flightDate=TO_DATE('May 15, 2012', 'MON DD, YYYY')), '1', 'YYJ', TO_TIMESTAMP_TZ('May 15, 2012 16:54 -08:00', 'MON DD, YYYY HH24:MI TZH:TZM'), 'arrived at 16:54');
INSERT INTO Departures VALUES((SELECT id FROM FlightInstances WHERE airlineCode='AC' AND flightNumber=8559 AND flightDate=TO_DATE('May 15, 2012', 'MON DD, YYYY')), 'A2', 'YYC', TO_TIMESTAMP_TZ('May 15, 2012 18:45 -07:00', 'MON DD, YYYY HH24:MI TZH:TZM'), 'departed at 18:45');
INSERT INTO Arrivals VALUES((SELECT id FROM FlightInstances WHERE airlineCode='AC' AND flightNumber=8559 AND flightDate=TO_DATE('May 15, 2012', 'MON DD, YYYY')), '1', 'YYJ', TO_TIMESTAMP_TZ('May 15, 2012 19:14 -08:00', 'MON DD, YYYY HH24:MI TZH:TZM'), 'arrived at 19:14');
INSERT INTO Departures VALUES((SELECT id FROM FlightInstances WHERE airlineCode='AC' AND flightNumber=8197 AND flightDate=TO_DATE('May 15, 2012', 'MON DD, YYYY')), '1', 'YKA', TO_TIMESTAMP_TZ('May 15, 2012 17:15 -07:00', 'MON DD, YYYY HH24:MI TZH:TZM'), 'departed at 17:15');
INSERT INTO Arrivals VALUES((SELECT id FROM FlightInstances WHERE airlineCode='AC' AND flightNumber=8197 AND flightDate=TO_DATE('May 15, 2012', 'MON DD, YYYY')), '1', 'YYJ', TO_TIMESTAMP_TZ('May 15, 2012 19:22 -08:00', 'MON DD, YYYY HH24:MI TZH:TZM'), 'arrived at 19:22');
INSERT INTO Departures VALUES((SELECT id FROM FlightInstances WHERE airlineCode='AC' AND flightNumber=1191 AND flightDate=TO_DATE('May 15, 2012', 'MON DD, YYYY')), 'A1', 'YOW', TO_TIMESTAMP_TZ('May 15, 2012 07:00 -05:00', 'MON DD, YYYY HH24:MI TZH:TZM'), 'departed at 07:00');
INSERT INTO Arrivals VALUES((SELECT id FROM FlightInstances WHERE airlineCode='AC' AND flightNumber=1191 AND flightDate=TO_DATE('May 15, 2012', 'MON DD, YYYY')), '1', 'YYJ', TO_TIMESTAMP_TZ('May 15, 2012 10:56 -08:00', 'MON DD, YYYY HH24:MI TZH:TZM'), 'arrived at 10:56');
INSERT INTO Departures VALUES((SELECT id FROM FlightInstances WHERE airlineCode='AC' AND flightNumber=8557 AND flightDate=TO_DATE('May 15, 2012', 'MON DD, YYYY')), 'A1', 'YXE', TO_TIMESTAMP_TZ('May 15, 2012 16:50 -06:00', 'MON DD, YYYY HH24:MI TZH:TZM'), 'departed at 16:50');
INSERT INTO Arrivals VALUES((SELECT id FROM FlightInstances WHERE airlineCode='AC' AND flightNumber=8557 AND flightDate=TO_DATE('May 15, 2012', 'MON DD, YYYY')), '1', 'YYJ', TO_TIMESTAMP_TZ('May 15, 2012 19:14 -08:00', 'MON DD, YYYY HH24:MI TZH:TZM'), 'arrived at 19:14');
INSERT INTO Departures VALUES((SELECT id FROM FlightInstances WHERE airlineCode='AC' AND flightNumber=4401 AND flightDate=TO_DATE('May 15, 2012', 'MON DD, YYYY')), 'A1', 'SFO', TO_TIMESTAMP_TZ('May 15, 2012 10:33 -08:00', 'MON DD, YYYY HH24:MI TZH:TZM'), 'departed at 10:33');
INSERT INTO Arrivals VALUES((SELECT id FROM FlightInstances WHERE airlineCode='AC' AND flightNumber=4401 AND flightDate=TO_DATE('May 15, 2012', 'MON DD, YYYY')), '1', 'YYJ', TO_TIMESTAMP_TZ('May 15, 2012 12:50 -08:00', 'MON DD, YYYY HH24:MI TZH:TZM'), 'arrived at 12:50');
INSERT INTO Departures VALUES((SELECT id FROM FlightInstances WHERE airlineCode='AC' AND flightNumber=4403 AND flightDate=TO_DATE('May 15, 2012', 'MON DD, YYYY')), 'A1', 'SFO', TO_TIMESTAMP_TZ('May 15, 2012 19:46 -08:00', 'MON DD, YYYY HH24:MI TZH:TZM'), 'departed at 19:46');
INSERT INTO Arrivals VALUES((SELECT id FROM FlightInstances WHERE airlineCode='AC' AND flightNumber=4403 AND flightDate=TO_DATE('May 15, 2012', 'MON DD, YYYY')), '1', 'YYJ', TO_TIMESTAMP_TZ('May 15, 2012 22:03 -08:00', 'MON DD, YYYY HH24:MI TZH:TZM'), 'arrived at 22:03');
INSERT INTO Departures VALUES((SELECT id FROM FlightInstances WHERE airlineCode='AC' AND flightNumber=8059 AND flightDate=TO_DATE('May 15, 2012', 'MON DD, YYYY')), '1', 'YXT', TO_TIMESTAMP_TZ('May 15, 2012 06:25 -08:00', 'MON DD, YYYY HH24:MI TZH:TZM'), 'departed at 06:25');
INSERT INTO Arrivals VALUES((SELECT id FROM FlightInstances WHERE airlineCode='AC' AND flightNumber=8059 AND flightDate=TO_DATE('May 15, 2012', 'MON DD, YYYY')), '1', 'YYJ', TO_TIMESTAMP_TZ('May 15, 2012 09:23 -08:00', 'MON DD, YYYY HH24:MI TZH:TZM'), 'arrived at 09:23');
INSERT INTO Departures VALUES((SELECT id FROM FlightInstances WHERE airlineCode='AC' AND flightNumber=191 AND flightDate=TO_DATE('May 15, 2012', 'MON DD, YYYY')), 'A8', 'YYZ', TO_TIMESTAMP_TZ('May 15, 2012 18:05 -05:00', 'MON DD, YYYY HH24:MI TZH:TZM'), 'departed at 18:05');
INSERT INTO Arrivals VALUES((SELECT id FROM FlightInstances WHERE airlineCode='AC' AND flightNumber=191 AND flightDate=TO_DATE('May 15, 2012', 'MON DD, YYYY')), '1', 'YYJ', TO_TIMESTAMP_TZ('May 15, 2012 20:09 -08:00', 'MON DD, YYYY HH24:MI TZH:TZM'), 'arrived at 20:09');
INSERT INTO Departures VALUES((SELECT id FROM FlightInstances WHERE airlineCode='AC' AND flightNumber=1193 AND flightDate=TO_DATE('May 15, 2012', 'MON DD, YYYY')), 'A8', 'YYZ', TO_TIMESTAMP_TZ('May 15, 2012 20:55 -05:00', 'MON DD, YYYY HH24:MI TZH:TZM'), 'departed at 20:55');
INSERT INTO Arrivals VALUES((SELECT id FROM FlightInstances WHERE airlineCode='AC' AND flightNumber=1193 AND flightDate=TO_DATE('May 15, 2012', 'MON DD, YYYY')), '1', 'YYJ', TO_TIMESTAMP_TZ('May 15, 2012 23:06 -08:00', 'MON DD, YYYY HH24:MI TZH:TZM'), 'arrived at 23:06');
INSERT INTO Departures VALUES((SELECT id FROM FlightInstances WHERE airlineCode='AC' AND flightNumber=8055 AND flightDate=TO_DATE('May 15, 2012', 'MON DD, YYYY')), 'A1', 'YVR', TO_TIMESTAMP_TZ('May 15, 2012 07:00 -08:00', 'MON DD, YYYY HH24:MI TZH:TZM'), 'departed at 07:00');
INSERT INTO Arrivals VALUES((SELECT id FROM FlightInstances WHERE airlineCode='AC' AND flightNumber=8055 AND flightDate=TO_DATE('May 15, 2012', 'MON DD, YYYY')), '1', 'YYJ', TO_TIMESTAMP_TZ('May 15, 2012 07:24 -08:00', 'MON DD, YYYY HH24:MI TZH:TZM'), 'arrived at 07:24');
INSERT INTO Departures VALUES((SELECT id FROM FlightInstances WHERE airlineCode='AC' AND flightNumber=8057 AND flightDate=TO_DATE('May 15, 2012', 'MON DD, YYYY')), 'A1', 'YVR', TO_TIMESTAMP_TZ('May 15, 2012 08:00 -08:00', 'MON DD, YYYY HH24:MI TZH:TZM'), 'departed at 08:00');
INSERT INTO Arrivals VALUES((SELECT id FROM FlightInstances WHERE airlineCode='AC' AND flightNumber=8057 AND flightDate=TO_DATE('May 15, 2012', 'MON DD, YYYY')), '1', 'YYJ', TO_TIMESTAMP_TZ('May 15, 2012 08:24 -08:00', 'MON DD, YYYY HH24:MI TZH:TZM'), 'arrived at 08:24');
INSERT INTO Departures VALUES((SELECT id FROM FlightInstances WHERE airlineCode='AC' AND flightNumber=8061 AND flightDate=TO_DATE('May 15, 2012', 'MON DD, YYYY')), 'A1', 'YVR', TO_TIMESTAMP_TZ('May 15, 2012 10:00 -08:00', 'MON DD, YYYY HH24:MI TZH:TZM'), 'departed at 10:00');
INSERT INTO Arrivals VALUES((SELECT id FROM FlightInstances WHERE airlineCode='AC' AND flightNumber=8061 AND flightDate=TO_DATE('May 15, 2012', 'MON DD, YYYY')), '1', 'YYJ', TO_TIMESTAMP_TZ('May 15, 2012 10:23 -08:00', 'MON DD, YYYY HH24:MI TZH:TZM'), 'arrived at 10:23');
INSERT INTO Departures VALUES((SELECT id FROM FlightInstances WHERE airlineCode='AC' AND flightNumber=8063 AND flightDate=TO_DATE('May 15, 2012', 'MON DD, YYYY')), 'A1', 'YVR', TO_TIMESTAMP_TZ('May 15, 2012 11:00 -08:00', 'MON DD, YYYY HH24:MI TZH:TZM'), 'departed at 11:00');
INSERT INTO Arrivals VALUES((SELECT id FROM FlightInstances WHERE airlineCode='AC' AND flightNumber=8063 AND flightDate=TO_DATE('May 15, 2012', 'MON DD, YYYY')), '1', 'YYJ', TO_TIMESTAMP_TZ('May 15, 2012 11:22 -08:00', 'MON DD, YYYY HH24:MI TZH:TZM'), 'arrived at 11:22');
INSERT INTO Departures VALUES((SELECT id FROM FlightInstances WHERE airlineCode='AC' AND flightNumber=8051 AND flightDate=TO_DATE('May 15, 2012', 'MON DD, YYYY')), 'A1', 'YVR', TO_TIMESTAMP_TZ('May 15, 2012 11:30 -08:00', 'MON DD, YYYY HH24:MI TZH:TZM'), 'departed at 11:30');
INSERT INTO Arrivals VALUES((SELECT id FROM FlightInstances WHERE airlineCode='AC' AND flightNumber=8051 AND flightDate=TO_DATE('May 15, 2012', 'MON DD, YYYY')), '1', 'YYJ', TO_TIMESTAMP_TZ('May 15, 2012 11:53 -08:00', 'MON DD, YYYY HH24:MI TZH:TZM'), 'arrived at 11:53');
INSERT INTO Departures VALUES((SELECT id FROM FlightInstances WHERE airlineCode='AC' AND flightNumber=8065 AND flightDate=TO_DATE('May 15, 2012', 'MON DD, YYYY')), 'A1', 'YVR', TO_TIMESTAMP_TZ('May 15, 2012 12:00 -08:00', 'MON DD, YYYY HH24:MI TZH:TZM'), 'departed at 12:00');
INSERT INTO Arrivals VALUES((SELECT id FROM FlightInstances WHERE airlineCode='AC' AND flightNumber=8065 AND flightDate=TO_DATE('May 15, 2012', 'MON DD, YYYY')), '1', 'YYJ', TO_TIMESTAMP_TZ('May 15, 2012 12:22 -08:00', 'MON DD, YYYY HH24:MI TZH:TZM'), 'arrived at 12:22');
INSERT INTO Departures VALUES((SELECT id FROM FlightInstances WHERE airlineCode='AC' AND flightNumber=8085 AND flightDate=TO_DATE('May 15, 2012', 'MON DD, YYYY')), 'A1', 'YVR', TO_TIMESTAMP_TZ('May 15, 2012 12:30 -08:00', 'MON DD, YYYY HH24:MI TZH:TZM'), 'departed at 12:30');
INSERT INTO Arrivals VALUES((SELECT id FROM FlightInstances WHERE airlineCode='AC' AND flightNumber=8085 AND flightDate=TO_DATE('May 15, 2012', 'MON DD, YYYY')), '1', 'YYJ', TO_TIMESTAMP_TZ('May 15, 2012 12:53 -08:00', 'MON DD, YYYY HH24:MI TZH:TZM'), 'arrived at 12:53');
INSERT INTO Departures VALUES((SELECT id FROM FlightInstances WHERE airlineCode='AC' AND flightNumber=8067 AND flightDate=TO_DATE('May 15, 2012', 'MON DD, YYYY')), 'A1', 'YVR', TO_TIMESTAMP_TZ('May 15, 2012 13:00 -08:00', 'MON DD, YYYY HH24:MI TZH:TZM'), 'departed at 13:00');
INSERT INTO Arrivals VALUES((SELECT id FROM FlightInstances WHERE airlineCode='AC' AND flightNumber=8067 AND flightDate=TO_DATE('May 15, 2012', 'MON DD, YYYY')), '1', 'YYJ', TO_TIMESTAMP_TZ('May 15, 2012 13:22 -08:00', 'MON DD, YYYY HH24:MI TZH:TZM'), 'arrived at 13:22');
INSERT INTO Departures VALUES((SELECT id FROM FlightInstances WHERE airlineCode='AC' AND flightNumber=8053 AND flightDate=TO_DATE('May 15, 2012', 'MON DD, YYYY')), 'A1', 'YVR', TO_TIMESTAMP_TZ('May 15, 2012 13:30 -08:00', 'MON DD, YYYY HH24:MI TZH:TZM'), 'departed at 13:30');
INSERT INTO Arrivals VALUES((SELECT id FROM FlightInstances WHERE airlineCode='AC' AND flightNumber=8053 AND flightDate=TO_DATE('May 15, 2012', 'MON DD, YYYY')), '1', 'YYJ', TO_TIMESTAMP_TZ('May 15, 2012 13:52 -08:00', 'MON DD, YYYY HH24:MI TZH:TZM'), 'arrived at 13:52');
INSERT INTO Departures VALUES((SELECT id FROM FlightInstances WHERE airlineCode='AC' AND flightNumber=8069 AND flightDate=TO_DATE('May 15, 2012', 'MON DD, YYYY')), 'A1', 'YVR', TO_TIMESTAMP_TZ('May 15, 2012 14:00 -08:00', 'MON DD, YYYY HH24:MI TZH:TZM'), 'departed at 14:00');
INSERT INTO Arrivals VALUES((SELECT id FROM FlightInstances WHERE airlineCode='AC' AND flightNumber=8069 AND flightDate=TO_DATE('May 15, 2012', 'MON DD, YYYY')), '1', 'YYJ', TO_TIMESTAMP_TZ('May 15, 2012 14:22 -08:00', 'MON DD, YYYY HH24:MI TZH:TZM'), 'arrived at 14:22');
INSERT INTO Departures VALUES((SELECT id FROM FlightInstances WHERE airlineCode='AC' AND flightNumber=8071 AND flightDate=TO_DATE('May 15, 2012', 'MON DD, YYYY')), 'A1', 'YVR', TO_TIMESTAMP_TZ('May 15, 2012 15:00 -08:00', 'MON DD, YYYY HH24:MI TZH:TZM'), 'departed at 15:00');
INSERT INTO Arrivals VALUES((SELECT id FROM FlightInstances WHERE airlineCode='AC' AND flightNumber=8071 AND flightDate=TO_DATE('May 15, 2012', 'MON DD, YYYY')), '1', 'YYJ', TO_TIMESTAMP_TZ('May 15, 2012 15:23 -08:00', 'MON DD, YYYY HH24:MI TZH:TZM'), 'arrived at 15:23');
INSERT INTO Departures VALUES((SELECT id FROM FlightInstances WHERE airlineCode='AC' AND flightNumber=8161 AND flightDate=TO_DATE('May 15, 2012', 'MON DD, YYYY')), 'A1', 'YVR', TO_TIMESTAMP_TZ('May 15, 2012 15:30 -08:00', 'MON DD, YYYY HH24:MI TZH:TZM'), 'departed at 15:30');
INSERT INTO Arrivals VALUES((SELECT id FROM FlightInstances WHERE airlineCode='AC' AND flightNumber=8161 AND flightDate=TO_DATE('May 15, 2012', 'MON DD, YYYY')), '1', 'YYJ', TO_TIMESTAMP_TZ('May 15, 2012 15:53 -08:00', 'MON DD, YYYY HH24:MI TZH:TZM'), 'arrived at 15:53');
INSERT INTO Departures VALUES((SELECT id FROM FlightInstances WHERE airlineCode='AC' AND flightNumber=8073 AND flightDate=TO_DATE('May 15, 2012', 'MON DD, YYYY')), 'A1', 'YVR', TO_TIMESTAMP_TZ('May 15, 2012 16:00 -08:00', 'MON DD, YYYY HH24:MI TZH:TZM'), 'departed at 16:00');
INSERT INTO Arrivals VALUES((SELECT id FROM FlightInstances WHERE airlineCode='AC' AND flightNumber=8073 AND flightDate=TO_DATE('May 15, 2012', 'MON DD, YYYY')), '1', 'YYJ', TO_TIMESTAMP_TZ('May 15, 2012 16:22 -08:00', 'MON DD, YYYY HH24:MI TZH:TZM'), 'arrived at 16:22');
INSERT INTO Departures VALUES((SELECT id FROM FlightInstances WHERE airlineCode='AC' AND flightNumber=8091 AND flightDate=TO_DATE('May 15, 2012', 'MON DD, YYYY')), 'A1', 'YVR', TO_TIMESTAMP_TZ('May 15, 2012 16:30 -08:00', 'MON DD, YYYY HH24:MI TZH:TZM'), 'departed at 16:30');
INSERT INTO Arrivals VALUES((SELECT id FROM FlightInstances WHERE airlineCode='AC' AND flightNumber=8091 AND flightDate=TO_DATE('May 15, 2012', 'MON DD, YYYY')), '1', 'YYJ', TO_TIMESTAMP_TZ('May 15, 2012 16:52 -08:00', 'MON DD, YYYY HH24:MI TZH:TZM'), 'arrived at 16:52');
INSERT INTO Departures VALUES((SELECT id FROM FlightInstances WHERE airlineCode='AC' AND flightNumber=8075 AND flightDate=TO_DATE('May 15, 2012', 'MON DD, YYYY')), 'A1', 'YVR', TO_TIMESTAMP_TZ('May 15, 2012 17:00 -08:00', 'MON DD, YYYY HH24:MI TZH:TZM'), 'departed at 17:00');
INSERT INTO Arrivals VALUES((SELECT id FROM FlightInstances WHERE airlineCode='AC' AND flightNumber=8075 AND flightDate=TO_DATE('May 15, 2012', 'MON DD, YYYY')), '1', 'YYJ', TO_TIMESTAMP_TZ('May 15, 2012 17:22 -08:00', 'MON DD, YYYY HH24:MI TZH:TZM'), 'arrived at 17:20');
INSERT INTO Departures VALUES((SELECT id FROM FlightInstances WHERE airlineCode='AC' AND flightNumber=8077 AND flightDate=TO_DATE('May 15, 2012', 'MON DD, YYYY')), 'A1', 'YVR', TO_TIMESTAMP_TZ('May 15, 2012 18:00 -08:00', 'MON DD, YYYY HH24:MI TZH:TZM'), 'departed at 18:00');
INSERT INTO Arrivals VALUES((SELECT id FROM FlightInstances WHERE airlineCode='AC' AND flightNumber=8077 AND flightDate=TO_DATE('May 15, 2012', 'MON DD, YYYY')), '1', 'YYJ', TO_TIMESTAMP_TZ('May 15, 2012 18:22 -08:00', 'MON DD, YYYY HH24:MI TZH:TZM'), 'arrived at 18:22');
INSERT INTO Departures VALUES((SELECT id FROM FlightInstances WHERE airlineCode='AC' AND flightNumber=8079 AND flightDate=TO_DATE('May 15, 2012', 'MON DD, YYYY')), 'A1', 'YVR', TO_TIMESTAMP_TZ('May 15, 2012 19:00 -08:00', 'MON DD, YYYY HH24:MI TZH:TZM'), 'departed at 19:00');
INSERT INTO Arrivals VALUES((SELECT id FROM FlightInstances WHERE airlineCode='AC' AND flightNumber=8079 AND flightDate=TO_DATE('May 15, 2012', 'MON DD, YYYY')), '1', 'YYJ', TO_TIMESTAMP_TZ('May 15, 2012 19:21 -08:00', 'MON DD, YYYY HH24:MI TZH:TZM'), 'arrived at 19:21');
INSERT INTO Departures VALUES((SELECT id FROM FlightInstances WHERE airlineCode='AC' AND flightNumber=8081 AND flightDate=TO_DATE('May 15, 2012', 'MON DD, YYYY')), 'A1', 'YVR', TO_TIMESTAMP_TZ('May 15, 2012 20:00 -08:00', 'MON DD, YYYY HH24:MI TZH:TZM'), 'departed at 20:00');
INSERT INTO Arrivals VALUES((SELECT id FROM FlightInstances WHERE airlineCode='AC' AND flightNumber=8081 AND flightDate=TO_DATE('May 15, 2012', 'MON DD, YYYY')), '1', 'YYJ', TO_TIMESTAMP_TZ('May 15, 2012 20:21 -08:00', 'MON DD, YYYY HH24:MI TZH:TZM'), 'arrived at 20:21');
INSERT INTO Departures VALUES((SELECT id FROM FlightInstances WHERE airlineCode='AC' AND flightNumber=8083 AND flightDate=TO_DATE('May 15, 2012', 'MON DD, YYYY')), 'A1', 'YVR', TO_TIMESTAMP_TZ('May 15, 2012 22:20 -08:00', 'MON DD, YYYY HH24:MI TZH:TZM'), 'departed at 22:20');
INSERT INTO Arrivals VALUES((SELECT id FROM FlightInstances WHERE airlineCode='AC' AND flightNumber=8083 AND flightDate=TO_DATE('May 15, 2012', 'MON DD, YYYY')), '1', 'YYJ', TO_TIMESTAMP_TZ('May 15, 2012 22:43 -08:00', 'MON DD, YYYY HH24:MI TZH:TZM'), 'arrived at 22:43');
INSERT INTO Departures VALUES((SELECT id FROM FlightInstances WHERE airlineCode='AC' AND flightNumber=8087 AND flightDate=TO_DATE('May 15, 2012', 'MON DD, YYYY')), 'A1', 'YVR', TO_TIMESTAMP_TZ('May 15, 2012 23:30 -08:00', 'MON DD, YYYY HH24:MI TZH:TZM'), 'departed at 23:30');
INSERT INTO Arrivals VALUES((SELECT id FROM FlightInstances WHERE airlineCode='AC' AND flightNumber=8087 AND flightDate=TO_DATE('May 15, 2012', 'MON DD, YYYY')), '1', 'YYJ', TO_TIMESTAMP_TZ('May 15, 2012 23:53 -08:00', 'MON DD, YYYY HH24:MI TZH:TZM'), 'arrived at 23:53');
--
-- INSERT INTO Flights VALUES ('AC',8552,'YYJ','YYC','BCRJ',TO_TIMESTAMP_TZ('Jan 15, 1980 08:40 -08:00','MON DD, YYYY HH24:MI TZH:TZM'),TO_TIMESTAMP_TZ('Jan 15, 1980 10:45 -07:00','MON DD, YYYY HH24:MI TZH:TZM'));
INSERT INTO Departures VALUES((SELECT id FROM FlightInstances WHERE airlineCode='AC' AND flightNumber=8552 AND flightDate=TO_DATE('May 15, 2012', 'MON DD, YYYY')), '1', 'YYJ', TO_TIMESTAMP_TZ('May 15, 2012 08:45 -08:00', 'MON DD, YYYY HH24:MI TZH:TZM'), 'delayed to 08:45');
INSERT INTO Arrivals VALUES((SELECT id FROM FlightInstances WHERE airlineCode='AC' AND flightNumber=8552 AND flightDate=TO_DATE('May 15, 2012', 'MON DD, YYYY')), 'A1', 'YYC', TO_TIMESTAMP_TZ('May 15, 2012 10:50 -07:00', 'MON DD, YYYY HH24:MI TZH:TZM'), 'delayed to 10:50');
-- INSERT INTO Flights VALUES ('AC',8554,'YYJ','YYC','BCRJ',TO_TIMESTAMP_TZ('Jan 15, 1980 12:25 -08:00','MON DD, YYYY HH24:MI TZH:TZM'),TO_TIMESTAMP_TZ('Jan 15, 1980 14:45 -07:00','MON DD, YYYY HH24:MI TZH:TZM'));
INSERT INTO Departures VALUES((SELECT id FROM FlightInstances WHERE airlineCode='AC' AND flightNumber=8554 AND flightDate=TO_DATE('May 15, 2012', 'MON DD, YYYY')), '1', 'YYJ', TO_TIMESTAMP_TZ('May 15, 2012 12:25 -08:00', 'MON DD, YYYY HH24:MI TZH:TZM'), 'departed at 12:25');
INSERT INTO Arrivals VALUES((SELECT id FROM FlightInstances WHERE airlineCode='AC' AND flightNumber=8554 AND flightDate=TO_DATE('May 15, 2012', 'MON DD, YYYY')), 'A1', 'YYC', TO_TIMESTAMP_TZ('May 15, 2012 14:45 -07:00', 'MON DD, YYYY HH24:MI TZH:TZM'), 'arrived at 14:45');
-- INSERT INTO Flights VALUES ('AC',8558,'YYJ','YYC','BCRJ',TO_TIMESTAMP_TZ('Jan 15, 1980 20:40 -08:00','MON DD, YYYY HH24:MI TZH:TZM'),TO_TIMESTAMP_TZ('Jan 15, 1980 23:00 -07:00','MON DD, YYYY HH24:MI TZH:TZM'));
INSERT INTO Departures VALUES((SELECT id FROM FlightInstances WHERE airlineCode='AC' AND flightNumber=8558 AND flightDate=TO_DATE('May 15, 2012', 'MON DD, YYYY')), '1', 'YYJ', TO_TIMESTAMP_TZ('May 15, 2012 20:50 -08:00', 'MON DD, YYYY HH24:MI TZH:TZM'), 'delayed to 20:50');
INSERT INTO Arrivals VALUES((SELECT id FROM FlightInstances WHERE airlineCode='AC' AND flightNumber=8558 AND flightDate=TO_DATE('May 15, 2012', 'MON DD, YYYY')), 'A1', 'YYC', TO_TIMESTAMP_TZ('May 15, 2012 23:10 -07:00', 'MON DD, YYYY HH24:MI TZH:TZM'), 'delayed to 23:10');
-- INSERT INTO Flights VALUES ('AC',8178,'YYJ','YKA','BDH3',TO_TIMESTAMP_TZ('Jan 15, 1980 15:00 -08:00','MON DD, YYYY HH24:MI TZH:TZM'),TO_TIMESTAMP_TZ('Jan 15, 1980 16:51 -08:00','MON DD, YYYY HH24:MI TZH:TZM'));
INSERT INTO Departures VALUES((SELECT id FROM FlightInstances WHERE airlineCode='AC' AND flightNumber=8178 AND flightDate=TO_DATE('May 15, 2012', 'MON DD, YYYY')), '1', 'YYJ', TO_TIMESTAMP_TZ('May 15, 2012 15:00 -08:00', 'MON DD, YYYY HH24:MI TZH:TZM'), 'departed at 15:00');
INSERT INTO Arrivals VALUES((SELECT id FROM FlightInstances WHERE airlineCode='AC' AND flightNumber=8178 AND flightDate=TO_DATE('May 15, 2012', 'MON DD, YYYY')), '1', 'YKA', TO_TIMESTAMP_TZ('May 15, 2012 16:51 -08:00', 'MON DD, YYYY HH24:MI TZH:TZM'), 'arrived at 16:51');
--  INSERT INTO Flights VALUES ('AC',4400,'YYJ','SFO','BCRJ',TO_TIMESTAMP_TZ('Jan 15, 1980 06:53 -08:00','MON DD, YYYY HH24:MI TZH:TZM'),TO_TIMESTAMP_TZ('Jan 15, 1980 09:06 -08:00','MON DD, YYYY HH24:MI TZH:TZM'));
INSERT INTO Departures VALUES((SELECT id FROM FlightInstances WHERE airlineCode='AC' AND flightNumber=4400 AND flightDate=TO_DATE('May 15, 2012', 'MON DD, YYYY')), '1', 'YYJ', TO_TIMESTAMP_TZ('May 15, 2012 06:53 -08:00', 'MON DD, YYYY HH24:MI TZH:TZM'), 'departed at 06:53');
INSERT INTO Arrivals VALUES((SELECT id FROM FlightInstances WHERE airlineCode='AC' AND flightNumber=4400 AND flightDate=TO_DATE('May 15, 2012', 'MON DD, YYYY')), 'A1', 'SFO', TO_TIMESTAMP_TZ('May 15, 2012 09:06 -08:00', 'MON DD, YYYY HH24:MI TZH:TZM'), 'arrived at 09:06');
-- INSERT INTO Flights VALUES ('AC',4402,'YYJ','SFO','BCRJ',TO_TIMESTAMP_TZ('Jan 15, 1980 13:21 -08:00','MON DD, YYYY HH24:MI TZH:TZM'),TO_TIMESTAMP_TZ('Jan 15, 1980 15:34 -08:00','MON DD, YYYY HH24:MI TZH:TZM'));
INSERT INTO Departures VALUES((SELECT id FROM FlightInstances WHERE airlineCode='AC' AND flightNumber=4402 AND flightDate=TO_DATE('May 15, 2012', 'MON DD, YYYY')), '1', 'YYJ', TO_TIMESTAMP_TZ('May 15, 2012 13:21 -08:00', 'MON DD, YYYY HH24:MI TZH:TZM'), 'departed at 13:21');
INSERT INTO Arrivals VALUES((SELECT id FROM FlightInstances WHERE airlineCode='AC' AND flightNumber=4402 AND flightDate=TO_DATE('May 15, 2012', 'MON DD, YYYY')), 'A1', 'SFO', TO_TIMESTAMP_TZ('May 15, 2012 15:34 -08:00', 'MON DD, YYYY HH24:MI TZH:TZM'), 'arrived at 15:34');
-- INSERT INTO Flights VALUES ('AC',8556,'YYJ','YXE','BCRJ',TO_TIMESTAMP_TZ('Jan 15, 1980 15:00 -08:00','MON DD, YYYY HH24:MI TZH:TZM'),TO_TIMESTAMP_TZ('Jan 15, 1980 19:12 -06:00','MON DD, YYYY HH24:MI TZH:TZM'));
INSERT INTO Departures VALUES((SELECT id FROM FlightInstances WHERE airlineCode='AC' AND flightNumber=8556 AND flightDate=TO_DATE('May 15, 2012', 'MON DD, YYYY')), '1', 'YYJ', TO_TIMESTAMP_TZ('May 15, 2012 15:00 -08:00', 'MON DD, YYYY HH24:MI TZH:TZM'), 'departed at 15:00');
INSERT INTO Arrivals VALUES((SELECT id FROM FlightInstances WHERE airlineCode='AC' AND flightNumber=8556 AND flightDate=TO_DATE('May 15, 2012', 'MON DD, YYYY')), 'A1', 'YXE', TO_TIMESTAMP_TZ('May 15, 2012 19:12 -06:00', 'MON DD, YYYY HH24:MI TZH:TZM'), 'arrived at 19:12');
-- INSERT INTO Flights VALUES ('AC',190,'YYJ','YYZ','A319',TO_TIMESTAMP_TZ('Jan 15, 1980 06:45 -08:00','MON DD, YYYY HH24:MI TZH:TZM'),TO_TIMESTAMP_TZ('Jan 15, 1980 14:10 -05:00','MON DD, YYYY HH24:MI TZH:TZM'));
INSERT INTO Departures VALUES((SELECT id FROM FlightInstances WHERE airlineCode='AC' AND flightNumber=190 AND flightDate=TO_DATE('May 15, 2012', 'MON DD, YYYY')), '1', 'YYJ', TO_TIMESTAMP_TZ('May 15, 2012 06:45 -08:00', 'MON DD, YYYY HH24:MI TZH:TZM'), 'departed at 06:45');
INSERT INTO Arrivals VALUES((SELECT id FROM FlightInstances WHERE airlineCode='AC' AND flightNumber=190 AND flightDate=TO_DATE('May 15, 2012', 'MON DD, YYYY')), 'A8', 'YYZ', TO_TIMESTAMP_TZ('May 15, 2012 14:10 -05:00', 'MON DD, YYYY HH24:MI TZH:TZM'), 'arrived at 14:10');
-- INSERT INTO Flights VALUES ('AC',1186,'YYJ','YYZ','E90',TO_TIMESTAMP_TZ('Jan 15, 1980 12:00 -08:00','MON DD, YYYY HH24:MI TZH:TZM'),TO_TIMESTAMP_TZ('Jan 15, 1980 19:23 -05:00','MON DD, YYYY HH24:MI TZH:TZM'));
INSERT INTO Departures VALUES((SELECT id FROM FlightInstances WHERE airlineCode='AC' AND flightNumber=1186 AND flightDate=TO_DATE('May 15, 2012', 'MON DD, YYYY')), '1', 'YYJ', TO_TIMESTAMP_TZ('May 15, 2012 12:00 -08:00', 'MON DD, YYYY HH24:MI TZH:TZM'), 'departed at 12:00');
INSERT INTO Arrivals VALUES((SELECT id FROM FlightInstances WHERE airlineCode='AC' AND flightNumber=1186 AND flightDate=TO_DATE('May 15, 2012', 'MON DD, YYYY')), 'A8', 'YYZ', TO_TIMESTAMP_TZ('May 15, 2012 19:23 -05:00', 'MON DD, YYYY HH24:MI TZH:TZM'), 'arrived at 19:23');
-- INSERT INTO Flights VALUES ('AC',1192,'YYJ','YYZ','E90',TO_TIMESTAMP_TZ('Jan 15, 1980 23:50 -08:00','MON DD, YYYY HH24:MI TZH:TZM'),TO_TIMESTAMP_TZ('Jan 16, 1980 07:13 -05:00','MON DD, YYYY HH24:MI TZH:TZM'));
INSERT INTO Departures VALUES((SELECT id FROM FlightInstances WHERE airlineCode='AC' AND flightNumber=1192 AND flightDate=TO_DATE('May 15, 2012', 'MON DD, YYYY')), '1', 'YYJ', TO_TIMESTAMP_TZ('May 15, 2012 23:50 -08:00', 'MON DD, YYYY HH24:MI TZH:TZM'), 'departed at 23:50');
INSERT INTO Arrivals VALUES((SELECT id FROM FlightInstances WHERE airlineCode='AC' AND flightNumber=1192 AND flightDate=TO_DATE('May 15, 2012', 'MON DD, YYYY')), 'A8', 'YYZ', TO_TIMESTAMP_TZ('May 16, 2012 07:13 -05:00', 'MON DD, YYYY HH24:MI TZH:TZM'), 'arrived at 07:13');
-- INSERT INTO Flights VALUES ('AC',8050,'YYJ','YVR','BDH3',TO_TIMESTAMP_TZ('Jan 15, 1980 05:25 -08:00','MON DD, YYYY HH24:MI TZH:TZM'),TO_TIMESTAMP_TZ('Jan 15, 1980 05:48 -08:00','MON DD, YYYY HH24:MI TZH:TZM'));
INSERT INTO Departures VALUES((SELECT id FROM FlightInstances WHERE airlineCode='AC' AND flightNumber=8050 AND flightDate=TO_DATE('May 15, 2012', 'MON DD, YYYY')), '1', 'YYJ', TO_TIMESTAMP_TZ('May 15, 2012 05:25 -08:00', 'MON DD, YYYY HH24:MI TZH:TZM'), 'departed at 05:25');
INSERT INTO Arrivals VALUES((SELECT id FROM FlightInstances WHERE airlineCode='AC' AND flightNumber=8050 AND flightDate=TO_DATE('May 15, 2012', 'MON DD, YYYY')), 'A1', 'YVR', TO_TIMESTAMP_TZ('May 15, 2012 05:48 -08:00', 'MON DD, YYYY HH24:MI TZH:TZM'), 'arrived at 05:48');
-- INSERT INTO Flights VALUES ('AC',8054,'YYJ','YVR','BDH3',TO_TIMESTAMP_TZ('Jan 15, 1980 07:00 -08:00','MON DD, YYYY HH24:MI TZH:TZM'),TO_TIMESTAMP_TZ('Jan 15, 1980 07:23 -08:00','MON DD, YYYY HH24:MI TZH:TZM'));
INSERT INTO Departures VALUES((SELECT id FROM FlightInstances WHERE airlineCode='AC' AND flightNumber=8054 AND flightDate=TO_DATE('May 15, 2012', 'MON DD, YYYY')), '1', 'YYJ', TO_TIMESTAMP_TZ('May 15, 2012 07:00 -08:00', 'MON DD, YYYY HH24:MI TZH:TZM'), 'departed at 07:00');
INSERT INTO Arrivals VALUES((SELECT id FROM FlightInstances WHERE airlineCode='AC' AND flightNumber=8054 AND flightDate=TO_DATE('May 15, 2012', 'MON DD, YYYY')), 'A1', 'YVR', TO_TIMESTAMP_TZ('May 15, 2012 07:23 -08:00', 'MON DD, YYYY HH24:MI TZH:TZM'), 'arrived at 07:23');
-- INSERT INTO Flights VALUES ('AC',8056,'YYJ','YVR','BDH1',TO_TIMESTAMP_TZ('Jan 15, 1980 08:00 -08:00','MON DD, YYYY HH24:MI TZH:TZM'),TO_TIMESTAMP_TZ('Jan 15, 1980 08:23 -08:00','MON DD, YYYY HH24:MI TZH:TZM'));
INSERT INTO Departures VALUES((SELECT id FROM FlightInstances WHERE airlineCode='AC' AND flightNumber=8056 AND flightDate=TO_DATE('May 15, 2012', 'MON DD, YYYY')), '1', 'YYJ', TO_TIMESTAMP_TZ('May 15, 2012 08:00 -08:00', 'MON DD, YYYY HH24:MI TZH:TZM'), 'departed at 08:00');
INSERT INTO Arrivals VALUES((SELECT id FROM FlightInstances WHERE airlineCode='AC' AND flightNumber=8056 AND flightDate=TO_DATE('May 15, 2012', 'MON DD, YYYY')), 'A1', 'YVR', TO_TIMESTAMP_TZ('May 15, 2012 08:23 -08:00', 'MON DD, YYYY HH24:MI TZH:TZM'), 'arrived at 08:23');
-- INSERT INTO Flights VALUES ('AC',8058,'YYJ','YVR','BDH1',TO_TIMESTAMP_TZ('Jan 15, 1980 09:00 -08:00','MON DD, YYYY HH24:MI TZH:TZM'),TO_TIMESTAMP_TZ('Jan 15, 1980 09:23 -08:00','MON DD, YYYY HH24:MI TZH:TZM'));
INSERT INTO Departures VALUES((SELECT id FROM FlightInstances WHERE airlineCode='AC' AND flightNumber=8058 AND flightDate=TO_DATE('May 15, 2012', 'MON DD, YYYY')), '1', 'YYJ', TO_TIMESTAMP_TZ('May 15, 2012 09:00 -08:00', 'MON DD, YYYY HH24:MI TZH:TZM'), 'departed at 09:00');
INSERT INTO Arrivals VALUES((SELECT id FROM FlightInstances WHERE airlineCode='AC' AND flightNumber=8058 AND flightDate=TO_DATE('May 15, 2012', 'MON DD, YYYY')), 'A1', 'YVR', TO_TIMESTAMP_TZ('May 15, 2012 09:23 -08:00', 'MON DD, YYYY HH24:MI TZH:TZM'), 'arrived at 09:23');
-- INSERT INTO Flights VALUES ('AC',8060,'YYJ','YVR','BDH1',TO_TIMESTAMP_TZ('Jan 15, 1980 10:00 -08:00','MON DD, YYYY HH24:MI TZH:TZM'),TO_TIMESTAMP_TZ('Jan 15, 1980 10:23 -08:00','MON DD, YYYY HH24:MI TZH:TZM'));
INSERT INTO Departures VALUES((SELECT id FROM FlightInstances WHERE airlineCode='AC' AND flightNumber=8060 AND flightDate=TO_DATE('May 15, 2012', 'MON DD, YYYY')), '1', 'YYJ', TO_TIMESTAMP_TZ('May 15, 2012 10:00 -08:00', 'MON DD, YYYY HH24:MI TZH:TZM'), 'departed at 10:00');
INSERT INTO Arrivals VALUES((SELECT id FROM FlightInstances WHERE airlineCode='AC' AND flightNumber=8060 AND flightDate=TO_DATE('May 15, 2012', 'MON DD, YYYY')), 'A1', 'YVR', TO_TIMESTAMP_TZ('May 15, 2012 10:23 -08:00', 'MON DD, YYYY HH24:MI TZH:TZM'), 'arrived at 10:23');
-- INSERT INTO Flights VALUES ('AC',8062,'YYJ','YVR','BDH1',TO_TIMESTAMP_TZ('Jan 15, 1980 11:00 -08:00','MON DD, YYYY HH24:MI TZH:TZM'),TO_TIMESTAMP_TZ('Jan 15, 1980 11:23 -08:00','MON DD, YYYY HH24:MI TZH:TZM'));
INSERT INTO Departures VALUES((SELECT id FROM FlightInstances WHERE airlineCode='AC' AND flightNumber=8062 AND flightDate=TO_DATE('May 15, 2012', 'MON DD, YYYY')), '1', 'YYJ', TO_TIMESTAMP_TZ('May 15, 2012 11:00 -08:00', 'MON DD, YYYY HH24:MI TZH:TZM'), 'departed at 11:00');
INSERT INTO Arrivals VALUES((SELECT id FROM FlightInstances WHERE airlineCode='AC' AND flightNumber=8062 AND flightDate=TO_DATE('May 15, 2012', 'MON DD, YYYY')), 'A1', 'YVR', TO_TIMESTAMP_TZ('May 15, 2012 11:23 -08:00', 'MON DD, YYYY HH24:MI TZH:TZM'), 'arrived at 11:23');
-- INSERT INTO Flights VALUES ('AC',8064,'YYJ','YVR','BDH1',TO_TIMESTAMP_TZ('Jan 15, 1980 12:00 -08:00','MON DD, YYYY HH24:MI TZH:TZM'),TO_TIMESTAMP_TZ('Jan 15, 1980 12:23 -08:00','MON DD, YYYY HH24:MI TZH:TZM'));
INSERT INTO Departures VALUES((SELECT id FROM FlightInstances WHERE airlineCode='AC' AND flightNumber=8064 AND flightDate=TO_DATE('May 15, 2012', 'MON DD, YYYY')), '1', 'YYJ', TO_TIMESTAMP_TZ('May 15, 2012 12:00 -08:00', 'MON DD, YYYY HH24:MI TZH:TZM'), 'departed at 12:00');
INSERT INTO Arrivals VALUES((SELECT id FROM FlightInstances WHERE airlineCode='AC' AND flightNumber=8064 AND flightDate=TO_DATE('May 15, 2012', 'MON DD, YYYY')), 'A1', 'YVR', TO_TIMESTAMP_TZ('May 15, 2012 12:23 -08:00', 'MON DD, YYYY HH24:MI TZH:TZM'), 'arrived at 12:23');
-- INSERT INTO Flights VALUES ('AC',8052,'YYJ','YVR','BDH3',TO_TIMESTAMP_TZ('Jan 15, 1980 12:30 -08:00','MON DD, YYYY HH24:MI TZH:TZM'),TO_TIMESTAMP_TZ('Jan 15, 1980 12:53 -08:00','MON DD, YYYY HH24:MI TZH:TZM'));
INSERT INTO Departures VALUES((SELECT id FROM FlightInstances WHERE airlineCode='AC' AND flightNumber=8052 AND flightDate=TO_DATE('May 15, 2012', 'MON DD, YYYY')), '1', 'YYJ', TO_TIMESTAMP_TZ('May 15, 2012 12:30 -08:00', 'MON DD, YYYY HH24:MI TZH:TZM'), 'departed at 12:30');
INSERT INTO Arrivals VALUES((SELECT id FROM FlightInstances WHERE airlineCode='AC' AND flightNumber=8052 AND flightDate=TO_DATE('May 15, 2012', 'MON DD, YYYY')), 'A1', 'YVR', TO_TIMESTAMP_TZ('May 15, 2012 12:53 -08:00', 'MON DD, YYYY HH24:MI TZH:TZM'), 'arrived at 12:53');
-- INSERT INTO Flights VALUES ('AC',8174,'YYJ','YVR','BDH1',TO_TIMESTAMP_TZ('Jan 15, 1980 12:30 -08:00','MON DD, YYYY HH24:MI TZH:TZM'),TO_TIMESTAMP_TZ('Jan 15, 1980 12:53 -08:00','MON DD, YYYY HH24:MI TZH:TZM'));
INSERT INTO Departures VALUES((SELECT id FROM FlightInstances WHERE airlineCode='AC' AND flightNumber=8174 AND flightDate=TO_DATE('May 15, 2012', 'MON DD, YYYY')), '1', 'YYJ', TO_TIMESTAMP_TZ('May 15, 2012 12:30 -08:00', 'MON DD, YYYY HH24:MI TZH:TZM'), 'departed at 12:30');
INSERT INTO Arrivals VALUES((SELECT id FROM FlightInstances WHERE airlineCode='AC' AND flightNumber=8174 AND flightDate=TO_DATE('May 15, 2012', 'MON DD, YYYY')), 'A1', 'YVR', TO_TIMESTAMP_TZ('May 15, 2012 12:53 -08:00', 'MON DD, YYYY HH24:MI TZH:TZM'), 'arrived at 12:53');
-- INSERT INTO Flights VALUES ('AC',8066,'YYJ','YVR','BDH3',TO_TIMESTAMP_TZ('Jan 15, 1980 13:00 -08:00','MON DD, YYYY HH24:MI TZH:TZM'),TO_TIMESTAMP_TZ('Jan 15, 1980 13:23 -08:00','MON DD, YYYY HH24:MI TZH:TZM'));
INSERT INTO Departures VALUES((SELECT id FROM FlightInstances WHERE airlineCode='AC' AND flightNumber=8066 AND flightDate=TO_DATE('May 15, 2012', 'MON DD, YYYY')), '1', 'YYJ', TO_TIMESTAMP_TZ('May 15, 2012 13:00 -08:00', 'MON DD, YYYY HH24:MI TZH:TZM'), 'departed at 13:00');
INSERT INTO Arrivals VALUES((SELECT id FROM FlightInstances WHERE airlineCode='AC' AND flightNumber=8066 AND flightDate=TO_DATE('May 15, 2012', 'MON DD, YYYY')), 'A1', 'YVR', TO_TIMESTAMP_TZ('May 15, 2012 13:23 -08:00', 'MON DD, YYYY HH24:MI TZH:TZM'), 'arrived at 13:23');
-- INSERT INTO Flights VALUES ('AC',8068,'YYJ','YVR','BDH3',TO_TIMESTAMP_TZ('Jan 15, 1980 14:00 -08:00','MON DD, YYYY HH24:MI TZH:TZM'),TO_TIMESTAMP_TZ('Jan 15, 1980 14:23 -08:00','MON DD, YYYY HH24:MI TZH:TZM'));
INSERT INTO Departures VALUES((SELECT id FROM FlightInstances WHERE airlineCode='AC' AND flightNumber=8068 AND flightDate=TO_DATE('May 15, 2012', 'MON DD, YYYY')), '1', 'YYJ', TO_TIMESTAMP_TZ('May 15, 2012 14:00 -08:00', 'MON DD, YYYY HH24:MI TZH:TZM'), 'departed at 14:00');
INSERT INTO Arrivals VALUES((SELECT id FROM FlightInstances WHERE airlineCode='AC' AND flightNumber=8068 AND flightDate=TO_DATE('May 15, 2012', 'MON DD, YYYY')), 'A1', 'YVR', TO_TIMESTAMP_TZ('May 15, 2012 14:23 -08:00', 'MON DD, YYYY HH24:MI TZH:TZM'), 'arrived at 14:23');
-- INSERT INTO Flights VALUES ('AC',8084,'YYJ','YVR','BDH3',TO_TIMESTAMP_TZ('Jan 15, 1980 14:30 -08:00','MON DD, YYYY HH24:MI TZH:TZM'),TO_TIMESTAMP_TZ('Jan 15, 1980 14:53 -08:00','MON DD, YYYY HH24:MI TZH:TZM'));
INSERT INTO Departures VALUES((SELECT id FROM FlightInstances WHERE airlineCode='AC' AND flightNumber=8084 AND flightDate=TO_DATE('May 15, 2012', 'MON DD, YYYY')), '1', 'YYJ', TO_TIMESTAMP_TZ('May 15, 2012 14:30 -08:00', 'MON DD, YYYY HH24:MI TZH:TZM'), 'departed at 14:30');
INSERT INTO Arrivals VALUES((SELECT id FROM FlightInstances WHERE airlineCode='AC' AND flightNumber=8084 AND flightDate=TO_DATE('May 15, 2012', 'MON DD, YYYY')), 'A1', 'YVR', TO_TIMESTAMP_TZ('May 15, 2012 14:53 -08:00', 'MON DD, YYYY HH24:MI TZH:TZM'), 'arrived at 14:53');
-- INSERT INTO Flights VALUES ('AC',8070,'YYJ','YVR','BDH1',TO_TIMESTAMP_TZ('Jan 15, 1980 15:00 -08:00','MON DD, YYYY HH24:MI TZH:TZM'),TO_TIMESTAMP_TZ('Jan 15, 1980 15:23 -08:00','MON DD, YYYY HH24:MI TZH:TZM'));
INSERT INTO Departures VALUES((SELECT id FROM FlightInstances WHERE airlineCode='AC' AND flightNumber=8070 AND flightDate=TO_DATE('May 15, 2012', 'MON DD, YYYY')), '1', 'YYJ', TO_TIMESTAMP_TZ('May 15, 2012 15:00 -08:00', 'MON DD, YYYY HH24:MI TZH:TZM'), 'departed at 15:00');
INSERT INTO Arrivals VALUES((SELECT id FROM FlightInstances WHERE airlineCode='AC' AND flightNumber=8070 AND flightDate=TO_DATE('May 15, 2012', 'MON DD, YYYY')), 'A1', 'YVR', TO_TIMESTAMP_TZ('May 15, 2012 15:23 -08:00', 'MON DD, YYYY HH24:MI TZH:TZM'), 'arrived at 15:23');
-- INSERT INTO Flights VALUES ('AC',8072,'YYJ','YVR','BDH3',TO_TIMESTAMP_TZ('Jan 15, 1980 16:00 -08:00','MON DD, YYYY HH24:MI TZH:TZM'),TO_TIMESTAMP_TZ('Jan 15, 1980 16:23 -08:00','MON DD, YYYY HH24:MI TZH:TZM'));
INSERT INTO Departures VALUES((SELECT id FROM FlightInstances WHERE airlineCode='AC' AND flightNumber=8072 AND flightDate=TO_DATE('May 15, 2012', 'MON DD, YYYY')), '1', 'YYJ', TO_TIMESTAMP_TZ('May 15, 2012 16:00 -08:00', 'MON DD, YYYY HH24:MI TZH:TZM'), 'departed at 16:00');
INSERT INTO Arrivals VALUES((SELECT id FROM FlightInstances WHERE airlineCode='AC' AND flightNumber=8072 AND flightDate=TO_DATE('May 15, 2012', 'MON DD, YYYY')), 'A1', 'YVR', TO_TIMESTAMP_TZ('May 15, 2012 16:23 -08:00', 'MON DD, YYYY HH24:MI TZH:TZM'), 'arrived at 16:23');
-- INSERT INTO Flights VALUES ('AC',8086,'YYJ','YVR','BDH3',TO_TIMESTAMP_TZ('Jan 15, 1980 16:30 -08:00','MON DD, YYYY HH24:MI TZH:TZM'),TO_TIMESTAMP_TZ('Jan 15, 1980 16:53 -08:00','MON DD, YYYY HH24:MI TZH:TZM'));
INSERT INTO Departures VALUES((SELECT id FROM FlightInstances WHERE airlineCode='AC' AND flightNumber=8086 AND flightDate=TO_DATE('May 15, 2012', 'MON DD, YYYY')), '1', 'YYJ', TO_TIMESTAMP_TZ('May 15, 2012 16:30 -08:00', 'MON DD, YYYY HH24:MI TZH:TZM'), 'departed at 16:30');
INSERT INTO Arrivals VALUES((SELECT id FROM FlightInstances WHERE airlineCode='AC' AND flightNumber=8086 AND flightDate=TO_DATE('May 15, 2012', 'MON DD, YYYY')), 'A1', 'YVR', TO_TIMESTAMP_TZ('May 15, 2012 16:53 -08:00', 'MON DD, YYYY HH24:MI TZH:TZM'), 'arrived at 16:53');
-- INSERT INTO Flights VALUES ('AC',8074,'YYJ','YVR','BDH3',TO_TIMESTAMP_TZ('Jan 15, 1980 17:00 -08:00','MON DD, YYYY HH24:MI TZH:TZM'),TO_TIMESTAMP_TZ('Jan 15, 1980 17:23 -08:00','MON DD, YYYY HH24:MI TZH:TZM'));
INSERT INTO Departures VALUES((SELECT id FROM FlightInstances WHERE airlineCode='AC' AND flightNumber=8074 AND flightDate=TO_DATE('May 15, 2012', 'MON DD, YYYY')), '1', 'YYJ', TO_TIMESTAMP_TZ('May 15, 2012 17:00 -08:00', 'MON DD, YYYY HH24:MI TZH:TZM'), 'departed at 17:00');
INSERT INTO Arrivals VALUES((SELECT id FROM FlightInstances WHERE airlineCode='AC' AND flightNumber=8074 AND flightDate=TO_DATE('May 15, 2012', 'MON DD, YYYY')), 'A1', 'YVR', TO_TIMESTAMP_TZ('May 15, 2012 17:23 -08:00', 'MON DD, YYYY HH24:MI TZH:TZM'), 'arrived at 17:23');
-- INSERT INTO Flights VALUES ('AC',8076,'YYJ','YVR','BDH3',TO_TIMESTAMP_TZ('Jan 15, 1980 18:00 -08:00','MON DD, YYYY HH24:MI TZH:TZM'),TO_TIMESTAMP_TZ('Jan 15, 1980 18:23 -08:00','MON DD, YYYY HH24:MI TZH:TZM'));
INSERT INTO Departures VALUES((SELECT id FROM FlightInstances WHERE airlineCode='AC' AND flightNumber=8076 AND flightDate=TO_DATE('May 15, 2012', 'MON DD, YYYY')), '1', 'YYJ', TO_TIMESTAMP_TZ('May 15, 2012 18:00 -08:00', 'MON DD, YYYY HH24:MI TZH:TZM'), 'departed at 18:00');
INSERT INTO Arrivals VALUES((SELECT id FROM FlightInstances WHERE airlineCode='AC' AND flightNumber=8076 AND flightDate=TO_DATE('May 15, 2012', 'MON DD, YYYY')), 'A1', 'YVR', TO_TIMESTAMP_TZ('May 15, 2012 18:23 -08:00', 'MON DD, YYYY HH24:MI TZH:TZM'), 'arrived at 18:23');
-- INSERT INTO Flights VALUES ('AC',8078,'YYJ','YVR','BDH3',TO_TIMESTAMP_TZ('Jan 15, 1980 19:00 -08:00','MON DD, YYYY HH24:MI TZH:TZM'),TO_TIMESTAMP_TZ('Jan 15, 1980 19:23 -08:00','MON DD, YYYY HH24:MI TZH:TZM'));
INSERT INTO Departures VALUES((SELECT id FROM FlightInstances WHERE airlineCode='AC' AND flightNumber=8078 AND flightDate=TO_DATE('May 15, 2012', 'MON DD, YYYY')), '1', 'YYJ', TO_TIMESTAMP_TZ('May 15, 2012 19:00 -08:00', 'MON DD, YYYY HH24:MI TZH:TZM'), 'departed at 19:00');
INSERT INTO Arrivals VALUES((SELECT id FROM FlightInstances WHERE airlineCode='AC' AND flightNumber=8078 AND flightDate=TO_DATE('May 15, 2012', 'MON DD, YYYY')), 'A1', 'YVR', TO_TIMESTAMP_TZ('May 15, 2012 19:23 -08:00', 'MON DD, YYYY HH24:MI TZH:TZM'), 'arrived at 19:23');
-- INSERT INTO Flights VALUES ('AC',8080,'YYJ','YVR','BDH3',TO_TIMESTAMP_TZ('Jan 15, 1980 20:00 -08:00','MON DD, YYYY HH24:MI TZH:TZM'),TO_TIMESTAMP_TZ('Jan 15, 1980 20:23 -08:00','MON DD, YYYY HH24:MI TZH:TZM'));
INSERT INTO Departures VALUES((SELECT id FROM FlightInstances WHERE airlineCode='AC' AND flightNumber=8080 AND flightDate=TO_DATE('May 15, 2012', 'MON DD, YYYY')), '1', 'YYJ', TO_TIMESTAMP_TZ('May 15, 2012 20:00 -08:00', 'MON DD, YYYY HH24:MI TZH:TZM'), 'departed at 20:00');
INSERT INTO Arrivals VALUES((SELECT id FROM FlightInstances WHERE airlineCode='AC' AND flightNumber=8080 AND flightDate=TO_DATE('May 15, 2012', 'MON DD, YYYY')), 'A1', 'YVR', TO_TIMESTAMP_TZ('May 15, 2012 20:23 -08:00', 'MON DD, YYYY HH24:MI TZH:TZM'), 'arrived at 20:23');
-- INSERT INTO Flights VALUES ('WS',354,'YYJ','YYC','B737',TO_TIMESTAMP_TZ('Jan 15, 1980 07:00 -08:00','MON DD, YYYY HH24:MI TZH:TZM'),TO_TIMESTAMP_TZ('Jan 15, 1980 09:19 -07:00','MON DD, YYYY HH24:MI TZH:TZM'));
INSERT INTO Departures VALUES((SELECT id FROM FlightInstances WHERE airlineCode='WS' AND flightNumber=354 AND flightDate=TO_DATE('May 15, 2012', 'MON DD, YYYY')), '1', 'YYJ', TO_TIMESTAMP_TZ('May 15, 2012 07:00 -08:00', 'MON DD, YYYY HH24:MI TZH:TZM'), 'departed at 07:00');
INSERT INTO Arrivals VALUES((SELECT id FROM FlightInstances WHERE airlineCode='WS' AND flightNumber=354 AND flightDate=TO_DATE('May 15, 2012', 'MON DD, YYYY')), 'A1', 'YYC', TO_TIMESTAMP_TZ('May 15, 2012 09:19 -07:00', 'MON DD, YYYY HH24:MI TZH:TZM'), 'arrived at 09:19');
-- INSERT INTO Flights VALUES ('WS',196,'YYJ','YYC','B737',TO_TIMESTAMP_TZ('Jan 15, 1980 12:40 -08:00','MON DD, YYYY HH24:MI TZH:TZM'),TO_TIMESTAMP_TZ('Jan 15, 1980 14:59 -07:00','MON DD, YYYY HH24:MI TZH:TZM'));
INSERT INTO Departures VALUES((SELECT id FROM FlightInstances WHERE airlineCode='WS' AND flightNumber=196 AND flightDate=TO_DATE('May 15, 2012', 'MON DD, YYYY')), '1', 'YYJ', TO_TIMESTAMP_TZ('May 15, 2012 12:40 -08:00', 'MON DD, YYYY HH24:MI TZH:TZM'), 'departed at 12:40');
INSERT INTO Arrivals VALUES((SELECT id FROM FlightInstances WHERE airlineCode='WS' AND flightNumber=196 AND flightDate=TO_DATE('May 15, 2012', 'MON DD, YYYY')), 'A1', 'YYC', TO_TIMESTAMP_TZ('May 15, 2012 14:59 -07:00', 'MON DD, YYYY HH24:MI TZH:TZM'), 'arrived at 14:59');
-- INSERT INTO Flights VALUES ('WS',502,'YYJ','YYC','B737',TO_TIMESTAMP_TZ('Jan 15, 1980 18:10 -08:00','MON DD, YYYY HH24:MI TZH:TZM'),TO_TIMESTAMP_TZ('Jan 15, 1980 20:29 -07:00','MON DD, YYYY HH24:MI TZH:TZM'));
INSERT INTO Departures VALUES((SELECT id FROM FlightInstances WHERE airlineCode='WS' AND flightNumber=502 AND flightDate=TO_DATE('May 15, 2012', 'MON DD, YYYY')), '1', 'YYJ', TO_TIMESTAMP_TZ('May 15, 2012 18:10 -08:00', 'MON DD, YYYY HH24:MI TZH:TZM'), 'departed at 18:10');
INSERT INTO Arrivals VALUES((SELECT id FROM FlightInstances WHERE airlineCode='WS' AND flightNumber=502 AND flightDate=TO_DATE('May 15, 2012', 'MON DD, YYYY')), 'A1', 'YYC', TO_TIMESTAMP_TZ('May 15, 2012 20:29 -07:00', 'MON DD, YYYY HH24:MI TZH:TZM'), 'arrived at 20:29');
-- INSERT INTO Flights VALUES ('WS',508,'YYJ','YYC','B738',TO_TIMESTAMP_TZ('Jan 15, 1980 20:10 -08:00','MON DD, YYYY HH24:MI TZH:TZM'),TO_TIMESTAMP_TZ('Jan 15, 1980 22:29 -07:00','MON DD, YYYY HH24:MI TZH:TZM'));
INSERT INTO Departures VALUES((SELECT id FROM FlightInstances WHERE airlineCode='WS' AND flightNumber=508 AND flightDate=TO_DATE('May 15, 2012', 'MON DD, YYYY')), '1', 'YYJ', TO_TIMESTAMP_TZ('May 15, 2012 20:10 -08:00', 'MON DD, YYYY HH24:MI TZH:TZM'), 'departed at 20:10');
INSERT INTO Arrivals VALUES((SELECT id FROM FlightInstances WHERE airlineCode='WS' AND flightNumber=508 AND flightDate=TO_DATE('May 15, 2012', 'MON DD, YYYY')), 'A1', 'YYC', TO_TIMESTAMP_TZ('May 15, 2012 22:29 -07:00', 'MON DD, YYYY HH24:MI TZH:TZM'), 'arrived at 22:29');
-- INSERT INTO Flights VALUES ('WS',614,'YYJ','YEG','B737',TO_TIMESTAMP_TZ('Jan 15, 1980 09:00 -08:00','MON DD, YYYY HH24:MI TZH:TZM'),TO_TIMESTAMP_TZ('Jan 15, 1980 11:28 -07:00','MON DD, YYYY HH24:MI TZH:TZM'));
INSERT INTO Departures VALUES((SELECT id FROM FlightInstances WHERE airlineCode='WS' AND flightNumber=614 AND flightDate=TO_DATE('May 15, 2012', 'MON DD, YYYY')), '1', 'YYJ', TO_TIMESTAMP_TZ('May 15, 2012 09:00 -08:00', 'MON DD, YYYY HH24:MI TZH:TZM'), 'departed at 09:00');
INSERT INTO Arrivals VALUES((SELECT id FROM FlightInstances WHERE airlineCode='WS' AND flightNumber=614 AND flightDate=TO_DATE('May 15, 2012', 'MON DD, YYYY')), 'A1', 'YEG', TO_TIMESTAMP_TZ('May 15, 2012 11:28 -07:00', 'MON DD, YYYY HH24:MI TZH:TZM'), 'arrived at 11:28');
-- INSERT INTO Flights VALUES ('WS',336,'YYJ','YEG','B737',TO_TIMESTAMP_TZ('Jan 15, 1980 14:00 -08:00','MON DD, YYYY HH24:MI TZH:TZM'),TO_TIMESTAMP_TZ('Jan 15, 1980 16:28 -07:00','MON DD, YYYY HH24:MI TZH:TZM'));
INSERT INTO Departures VALUES((SELECT id FROM FlightInstances WHERE airlineCode='WS' AND flightNumber=336 AND flightDate=TO_DATE('May 15, 2012', 'MON DD, YYYY')), '1', 'YYJ', TO_TIMESTAMP_TZ('May 15, 2012 14:00 -08:00', 'MON DD, YYYY HH24:MI TZH:TZM'), 'departed at 14:00');
INSERT INTO Arrivals VALUES((SELECT id FROM FlightInstances WHERE airlineCode='WS' AND flightNumber=336 AND flightDate=TO_DATE('May 15, 2012', 'MON DD, YYYY')), 'A1', 'YEG', TO_TIMESTAMP_TZ('May 15, 2012 16:28 -07:00', 'MON DD, YYYY HH24:MI TZH:TZM'), 'arrived at 16:28');
-- INSERT INTO Flights VALUES ('WS',192,'YYJ','YEG','B737',TO_TIMESTAMP_TZ('Jan 15, 1980 19:30 -08:00','MON DD, YYYY HH24:MI TZH:TZM'),TO_TIMESTAMP_TZ('Jan 15, 1980 21:58 -07:00','MON DD, YYYY HH24:MI TZH:TZM'));
INSERT INTO Departures VALUES((SELECT id FROM FlightInstances WHERE airlineCode='WS' AND flightNumber=192 AND flightDate=TO_DATE('May 15, 2012', 'MON DD, YYYY')), '1', 'YYJ', TO_TIMESTAMP_TZ('May 15, 2012 19:30 -08:00', 'MON DD, YYYY HH24:MI TZH:TZM'), 'departed at 19:30');
INSERT INTO Arrivals VALUES((SELECT id FROM FlightInstances WHERE airlineCode='WS' AND flightNumber=192 AND flightDate=TO_DATE('May 15, 2012', 'MON DD, YYYY')), 'A1', 'YEG', TO_TIMESTAMP_TZ('May 15, 2012 21:58 -07:00', 'MON DD, YYYY HH24:MI TZH:TZM'), 'arrived at 21:58');
-- INSERT INTO Flights VALUES ('WS',312,'YYJ','YLW','B737',TO_TIMESTAMP_TZ('Jan 15, 1980 09:15 -08:00','MON DD, YYYY HH24:MI TZH:TZM'),TO_TIMESTAMP_TZ('Jan 15, 1980 10:13 -08:00','MON DD, YYYY HH24:MI TZH:TZM'));
INSERT INTO Departures VALUES((SELECT id FROM FlightInstances WHERE airlineCode='WS' AND flightNumber=312 AND flightDate=TO_DATE('May 15, 2012', 'MON DD, YYYY')), '1', 'YYJ', TO_TIMESTAMP_TZ('May 15, 2012 09:15 -08:00', 'MON DD, YYYY HH24:MI TZH:TZM'), 'departed at 19:30');
INSERT INTO Arrivals VALUES((SELECT id FROM FlightInstances WHERE airlineCode='WS' AND flightNumber=312 AND flightDate=TO_DATE('May 15, 2012', 'MON DD, YYYY')), '1', 'YLW', TO_TIMESTAMP_TZ('May 15, 2012 10:13 -08:00', 'MON DD, YYYY HH24:MI TZH:TZM'), 'arrived at 21:58');
-- INSERT INTO Flights VALUES ('WS',650,'YYJ','YYZ','B737',TO_TIMESTAMP_TZ('Jan 15, 1980 11:35 -08:00','MON DD, YYYY HH24:MI TZH:TZM'),TO_TIMESTAMP_TZ('Jan 15, 1980 19:00 -05:00','MON DD, YYYY HH24:MI TZH:TZM'));
INSERT INTO Departures VALUES((SELECT id FROM FlightInstances WHERE airlineCode='WS' AND flightNumber=650 AND flightDate=TO_DATE('May 15, 2012', 'MON DD, YYYY')), '1', 'YYJ', TO_TIMESTAMP_TZ('May 15, 2012 11:35 -08:00', 'MON DD, YYYY HH24:MI TZH:TZM'), 'departed at 11:35');
INSERT INTO Arrivals VALUES((SELECT id FROM FlightInstances WHERE airlineCode='WS' AND flightNumber=650 AND flightDate=TO_DATE('May 15, 2012', 'MON DD, YYYY')), 'A8', 'YYZ', TO_TIMESTAMP_TZ('May 15, 2012 19:00 -05:00', 'MON DD, YYYY HH24:MI TZH:TZM'), 'arrived at 19:00');
-- INSERT INTO Flights VALUES ('WS',197,'YLW','YYJ','B737',TO_TIMESTAMP_TZ('Jan 15, 1980 18:00 -08:00','MON DD, YYYY HH24:MI TZH:TZM'),TO_TIMESTAMP_TZ('Jan 15, 1980 18:55 -08:00','MON DD, YYYY HH24:MI TZH:TZM'));
INSERT INTO Departures VALUES((SELECT id FROM FlightInstances WHERE airlineCode='WS' AND flightNumber=197 AND flightDate=TO_DATE('May 15, 2012', 'MON DD, YYYY')), '1', 'YLW', TO_TIMESTAMP_TZ('May 15, 2012 18:00 -08:00', 'MON DD, YYYY HH24:MI TZH:TZM'), 'departed at 18:00');
INSERT INTO Arrivals VALUES((SELECT id FROM FlightInstances WHERE airlineCode='WS' AND flightNumber=197 AND flightDate=TO_DATE('May 15, 2012', 'MON DD, YYYY')), '1', 'YYJ', TO_TIMESTAMP_TZ('May 15, 2012 18:55 -08:00', 'MON DD, YYYY HH24:MI TZH:TZM'), 'arrived at 18:55');
-- INSERT INTO Flights VALUES ('WS',546,'YYZ','YYJ','B737',TO_TIMESTAMP_TZ('Jan 15, 1980 08:45 -05:00','MON DD, YYYY HH24:MI TZH:TZM'),TO_TIMESTAMP_TZ('Jan 15, 1980 10:51 -08:00','MON DD, YYYY HH24:MI TZH:TZM'));
INSERT INTO Departures VALUES((SELECT id FROM FlightInstances WHERE airlineCode='WS' AND flightNumber=546 AND flightDate=TO_DATE('May 15, 2012', 'MON DD, YYYY')), 'A8', 'YYZ', TO_TIMESTAMP_TZ('May 15, 2012 09:30 -05:00', 'MON DD, YYYY HH24:MI TZH:TZM'), 'delayed to 09:30');
INSERT INTO Arrivals VALUES((SELECT id FROM FlightInstances WHERE airlineCode='WS' AND flightNumber=546 AND flightDate=TO_DATE('May 15, 2012', 'MON DD, YYYY')), '1', 'YYJ', TO_TIMESTAMP_TZ('May 15, 2012 11:37 -08:00', 'MON DD, YYYY HH24:MI TZH:TZM'), 'delayed to 11:37');
-- INSERT INTO Flights VALUES ('WS',413,'YEG','YYJ','B737',TO_TIMESTAMP_TZ('Jan 15, 1980 08:05 -07:00','MON DD, YYYY HH24:MI TZH:TZM'),TO_TIMESTAMP_TZ('Jan 15, 1980 08:40 -08:00','MON DD, YYYY HH24:MI TZH:TZM'));
INSERT INTO Departures VALUES((SELECT id FROM FlightInstances WHERE airlineCode='WS' AND flightNumber=413 AND flightDate=TO_DATE('May 15, 2012', 'MON DD, YYYY')), 'A1', 'YEG', TO_TIMESTAMP_TZ('May 15, 2012 08:05 -07:00', 'MON DD, YYYY HH24:MI TZH:TZM'), 'departed at 08:05');
INSERT INTO Arrivals VALUES((SELECT id FROM FlightInstances WHERE airlineCode='WS' AND flightNumber=413 AND flightDate=TO_DATE('May 15, 2012', 'MON DD, YYYY')), '1', 'YYJ', TO_TIMESTAMP_TZ('May 15, 2012 08:40 -08:00', 'MON DD, YYYY HH24:MI TZH:TZM'), 'arrived at 08:40');
-- INSERT INTO Flights VALUES ('WS',335,'YEG','YYJ','B737',TO_TIMESTAMP_TZ('Jan 15, 1980 11:30 -07:00','MON DD, YYYY HH24:MI TZH:TZM'),TO_TIMESTAMP_TZ('Jan 15, 1980 12:05 -08:00','MON DD, YYYY HH24:MI TZH:TZM'));
INSERT INTO Departures VALUES((SELECT id FROM FlightInstances WHERE airlineCode='WS' AND flightNumber=335 AND flightDate=TO_DATE('May 15, 2012', 'MON DD, YYYY')), 'A1', 'YEG', TO_TIMESTAMP_TZ('May 15, 2012 11:30 -07:00', 'MON DD, YYYY HH24:MI TZH:TZM'), 'departed at 11:30');
INSERT INTO Arrivals VALUES((SELECT id FROM FlightInstances WHERE airlineCode='WS' AND flightNumber=335 AND flightDate=TO_DATE('May 15, 2012', 'MON DD, YYYY')), '1', 'YYJ', TO_TIMESTAMP_TZ('May 15, 2012 12:05 -08:00', 'MON DD, YYYY HH24:MI TZH:TZM'), 'arrived at 12:05');
-- INSERT INTO Flights VALUES ('WS',615,'YEG','YYJ','B737',TO_TIMESTAMP_TZ('Jan 15, 1980 17:00 -07:00','MON DD, YYYY HH24:MI TZH:TZM'),TO_TIMESTAMP_TZ('Jan 15, 1980 17:35 -08:00','MON DD, YYYY HH24:MI TZH:TZM'));
INSERT INTO Departures VALUES((SELECT id FROM FlightInstances WHERE airlineCode='WS' AND flightNumber=615 AND flightDate=TO_DATE('May 15, 2012', 'MON DD, YYYY')), 'A1', 'YEG', TO_TIMESTAMP_TZ('May 15, 2012 17:00 -07:00', 'MON DD, YYYY HH24:MI TZH:TZM'), 'departed at 17:00');
INSERT INTO Arrivals VALUES((SELECT id FROM FlightInstances WHERE airlineCode='WS' AND flightNumber=615 AND flightDate=TO_DATE('May 15, 2012', 'MON DD, YYYY')), '1', 'YYJ', TO_TIMESTAMP_TZ('May 15, 2012 17:35 -08:00', 'MON DD, YYYY HH24:MI TZH:TZM'), 'arrived at 17:35');
-- INSERT INTO Flights VALUES ('WS',209,'YYC','YYJ','B737',TO_TIMESTAMP_TZ('Jan 15, 1980 08:00 -07:00','MON DD, YYYY HH24:MI TZH:TZM'),TO_TIMESTAMP_TZ('Jan 15, 1980 08:27 -08:00','MON DD, YYYY HH24:MI TZH:TZM'));
INSERT INTO Departures VALUES((SELECT id FROM FlightInstances WHERE airlineCode='WS' AND flightNumber=209 AND flightDate=TO_DATE('May 15, 2012', 'MON DD, YYYY')), 'A1', 'YYC', TO_TIMESTAMP_TZ('May 15, 2012 08:00 -07:00', 'MON DD, YYYY HH24:MI TZH:TZM'), 'departed at 08:00');
INSERT INTO Arrivals VALUES((SELECT id FROM FlightInstances WHERE airlineCode='WS' AND flightNumber=209 AND flightDate=TO_DATE('May 15, 2012', 'MON DD, YYYY')), '1', 'YYJ', TO_TIMESTAMP_TZ('May 15, 2012 08:27 -08:00', 'MON DD, YYYY HH24:MI TZH:TZM'), 'arrived at 08:27');
-- INSERT INTO Flights VALUES ('WS',449,'YYC','YYJ','B737',TO_TIMESTAMP_TZ('Jan 15, 1980 12:50 -07:00','MON DD, YYYY HH24:MI TZH:TZM'),TO_TIMESTAMP_TZ('Jan 15, 1980 13:17 -08:00','MON DD, YYYY HH24:MI TZH:TZM'));
INSERT INTO Departures VALUES((SELECT id FROM FlightInstances WHERE airlineCode='WS' AND flightNumber=449 AND flightDate=TO_DATE('May 15, 2012', 'MON DD, YYYY')), 'A1', 'YYC', TO_TIMESTAMP_TZ('May 15, 2012 12:50 -07:00', 'MON DD, YYYY HH24:MI TZH:TZM'), 'departed at 12:50');
INSERT INTO Arrivals VALUES((SELECT id FROM FlightInstances WHERE airlineCode='WS' AND flightNumber=449 AND flightDate=TO_DATE('May 15, 2012', 'MON DD, YYYY')), '1', 'YYJ', TO_TIMESTAMP_TZ('May 15, 2012 13:17 -08:00', 'MON DD, YYYY HH24:MI TZH:TZM'), 'arrived at 13:17');
-- INSERT INTO Flights VALUES ('WS',221,'YYC','YYJ','B738',TO_TIMESTAMP_TZ('Jan 15, 1980 19:05 -07:00','MON DD, YYYY HH24:MI TZH:TZM'),TO_TIMESTAMP_TZ('Jan 15, 1980 19:32 -08:00','MON DD, YYYY HH24:MI TZH:TZM'));
INSERT INTO Departures VALUES((SELECT id FROM FlightInstances WHERE airlineCode='WS' AND flightNumber=221 AND flightDate=TO_DATE('May 15, 2012', 'MON DD, YYYY')), 'A1', 'YYC', TO_TIMESTAMP_TZ('May 15, 2012 19:05 -07:00', 'MON DD, YYYY HH24:MI TZH:TZM'), 'departed at 19:05');
INSERT INTO Arrivals VALUES((SELECT id FROM FlightInstances WHERE airlineCode='WS' AND flightNumber=221 AND flightDate=TO_DATE('May 15, 2012', 'MON DD, YYYY')), '1', 'YYJ', TO_TIMESTAMP_TZ('May 15, 2012 19:23 -08:00', 'MON DD, YYYY HH24:MI TZH:TZM'), 'arrived at 19:32');
-- INSERT INTO Flights VALUES ('WS',751,'YYC','YYJ','B737',TO_TIMESTAMP_TZ('Jan 15, 1980 22:30 -07:00','MON DD, YYYY HH24:MI TZH:TZM'),TO_TIMESTAMP_TZ('Jan 15, 1980 22:57 -08:00','MON DD, YYYY HH24:MI TZH:TZM'));
INSERT INTO Departures VALUES((SELECT id FROM FlightInstances WHERE airlineCode='WS' AND flightNumber=751 AND flightDate=TO_DATE('May 15, 2012', 'MON DD, YYYY')), 'A1', 'YYC', TO_TIMESTAMP_TZ('May 15, 2012 22:30 -07:00', 'MON DD, YYYY HH24:MI TZH:TZM'), 'departed at 22:30');
INSERT INTO Arrivals VALUES((SELECT id FROM FlightInstances WHERE airlineCode='WS' AND flightNumber=751 AND flightDate=TO_DATE('May 15, 2012', 'MON DD, YYYY')), '1', 'YYJ', TO_TIMESTAMP_TZ('May 15, 2012 22:57 -08:00', 'MON DD, YYYY HH24:MI TZH:TZM'), 'arrived at 22:57');
-- INSERT INTO Flights VALUES ('AS',2381,'YYJ','SEA','BDH4',TO_TIMESTAMP_TZ('Jan 15, 1980 06:00 -08:00','MON DD, YYYY HH24:MI TZH:TZM'),TO_TIMESTAMP_TZ('Jan 15, 1980 06:40 -08:00','MON DD, YYYY HH24:MI TZH:TZM'));
INSERT INTO Departures VALUES((SELECT id FROM FlightInstances WHERE airlineCode='AS' AND flightNumber=2381 AND flightDate=TO_DATE('May 15, 2012', 'MON DD, YYYY')), '1', 'YYJ', TO_TIMESTAMP_TZ('May 15, 2012 06:00 -08:00', 'MON DD, YYYY HH24:MI TZH:TZM'), 'departed at 06:00');
INSERT INTO Arrivals VALUES((SELECT id FROM FlightInstances WHERE airlineCode='AS' AND flightNumber=2381 AND flightDate=TO_DATE('May 15, 2012', 'MON DD, YYYY')), 'A1', 'SEA', TO_TIMESTAMP_TZ('May 15, 2012 06:40 -08:00', 'MON DD, YYYY HH24:MI TZH:TZM'), 'arrived at 06:40');
-- INSERT INTO Flights VALUES ('AS',2383,'YYJ','SEA','BDH4',TO_TIMESTAMP_TZ('Jan 15, 1980 09:05 -08:00','MON DD, YYYY HH24:MI TZH:TZM'),TO_TIMESTAMP_TZ('Jan 15, 1980 09:45 -08:00','MON DD, YYYY HH24:MI TZH:TZM'));
INSERT INTO Departures VALUES((SELECT id FROM FlightInstances WHERE airlineCode='AS' AND flightNumber=2383 AND flightDate=TO_DATE('May 15, 2012', 'MON DD, YYYY')), '1', 'YYJ', TO_TIMESTAMP_TZ('May 15, 2012 09:05 -08:00', 'MON DD, YYYY HH24:MI TZH:TZM'), 'departed at 09:05');
INSERT INTO Arrivals VALUES((SELECT id FROM FlightInstances WHERE airlineCode='AS' AND flightNumber=2383 AND flightDate=TO_DATE('May 15, 2012', 'MON DD, YYYY')), 'A1', 'SEA', TO_TIMESTAMP_TZ('May 15, 2012 09:45 -08:00', 'MON DD, YYYY HH24:MI TZH:TZM'), 'arrived at 09:45');
-- INSERT INTO Flights VALUES ('AS',2385,'YYJ','SEA','BDH4',TO_TIMESTAMP_TZ('Jan 15, 1980 12:20 -08:00','MON DD, YYYY HH24:MI TZH:TZM'),TO_TIMESTAMP_TZ('Jan 15, 1980 13:01 -08:00','MON DD, YYYY HH24:MI TZH:TZM'));
INSERT INTO Departures VALUES((SELECT id FROM FlightInstances WHERE airlineCode='AS' AND flightNumber=2385 AND flightDate=TO_DATE('May 15, 2012', 'MON DD, YYYY')), '1', 'YYJ', TO_TIMESTAMP_TZ('May 15, 2012 12:20 -08:00', 'MON DD, YYYY HH24:MI TZH:TZM'), 'departed at 12:20');
INSERT INTO Arrivals VALUES((SELECT id FROM FlightInstances WHERE airlineCode='AS' AND flightNumber=2385 AND flightDate=TO_DATE('May 15, 2012', 'MON DD, YYYY')), 'A1', 'SEA', TO_TIMESTAMP_TZ('May 15, 2012 13:01 -08:00', 'MON DD, YYYY HH24:MI TZH:TZM'), 'arrived at 13:01');
-- INSERT INTO Flights VALUES ('AS',2387,'YYJ','SEA','BDH4',TO_TIMESTAMP_TZ('Jan 15, 1980 15:40 -08:00','MON DD, YYYY HH24:MI TZH:TZM'),TO_TIMESTAMP_TZ('Jan 15, 1980 16:20 -08:00','MON DD, YYYY HH24:MI TZH:TZM'));
INSERT INTO Departures VALUES((SELECT id FROM FlightInstances WHERE airlineCode='AS' AND flightNumber=2387 AND flightDate=TO_DATE('May 15, 2012', 'MON DD, YYYY')), '1', 'YYJ', TO_TIMESTAMP_TZ('May 15, 2012 15:40 -08:00', 'MON DD, YYYY HH24:MI TZH:TZM'), 'departed at 15:40');
INSERT INTO Arrivals VALUES((SELECT id FROM FlightInstances WHERE airlineCode='AS' AND flightNumber=2387 AND flightDate=TO_DATE('May 15, 2012', 'MON DD, YYYY')), 'A1', 'SEA', TO_TIMESTAMP_TZ('May 15, 2012 16:20 -08:00', 'MON DD, YYYY HH24:MI TZH:TZM'), 'arrived at 16:20');
-- INSERT INTO Flights VALUES ('AS',2389,'YYJ','SEA','BDH4',TO_TIMESTAMP_TZ('Jan 15, 1980 18:50 -08:00','MON DD, YYYY HH24:MI TZH:TZM'),TO_TIMESTAMP_TZ('Jan 15, 1980 19:30 -08:00','MON DD, YYYY HH24:MI TZH:TZM'));
INSERT INTO Departures VALUES((SELECT id FROM FlightInstances WHERE airlineCode='AS' AND flightNumber=2389 AND flightDate=TO_DATE('May 15, 2012', 'MON DD, YYYY')), '1', 'YYJ', TO_TIMESTAMP_TZ('May 15, 2012 18:50 -08:00', 'MON DD, YYYY HH24:MI TZH:TZM'), 'departed at 18:50');
INSERT INTO Arrivals VALUES((SELECT id FROM FlightInstances WHERE airlineCode='AS' AND flightNumber=2389 AND flightDate=TO_DATE('May 15, 2012', 'MON DD, YYYY')), 'A1', 'SEA', TO_TIMESTAMP_TZ('May 15, 2012 19:30 -08:00', 'MON DD, YYYY HH24:MI TZH:TZM'), 'arrived at 19:30');
-- INSERT INTO Flights VALUES ('AS',2382,'SEA','YYJ','BDH4',TO_TIMESTAMP_TZ('Jan 15, 1980 07:50 -08:00','MON DD, YYYY HH24:MI TZH:TZM'),TO_TIMESTAMP_TZ('Jan 15, 1980 08:29 -08:00','MON DD, YYYY HH24:MI TZH:TZM'));
INSERT INTO Departures VALUES((SELECT id FROM FlightInstances WHERE airlineCode='AS' AND flightNumber=2382 AND flightDate=TO_DATE('May 15, 2012', 'MON DD, YYYY')), 'A1', 'SEA', TO_TIMESTAMP_TZ('May 15, 2012 07:50 -08:00', 'MON DD, YYYY HH24:MI TZH:TZM'), 'departed at 07:50');
INSERT INTO Arrivals VALUES((SELECT id FROM FlightInstances WHERE airlineCode='AS' AND flightNumber=2382 AND flightDate=TO_DATE('May 15, 2012', 'MON DD, YYYY')), '1', 'YYJ', TO_TIMESTAMP_TZ('May 15, 2012 08:29 -08:00', 'MON DD, YYYY HH24:MI TZH:TZM'), 'arrived at 08:29');
-- INSERT INTO Flights VALUES ('AS',2384,'SEA','YYJ','BDH4',TO_TIMESTAMP_TZ('Jan 15, 1980 11:00 -08:00','MON DD, YYYY HH24:MI TZH:TZM'),TO_TIMESTAMP_TZ('Jan 15, 1980 11:45 -08:00','MON DD, YYYY HH24:MI TZH:TZM'));
INSERT INTO Departures VALUES((SELECT id FROM FlightInstances WHERE airlineCode='AS' AND flightNumber=2384 AND flightDate=TO_DATE('May 15, 2012', 'MON DD, YYYY')), 'A1', 'SEA', TO_TIMESTAMP_TZ('May 15, 2012 11:00 -08:00', 'MON DD, YYYY HH24:MI TZH:TZM'), 'departed at 11:00');
INSERT INTO Arrivals VALUES((SELECT id FROM FlightInstances WHERE airlineCode='AS' AND flightNumber=2384 AND flightDate=TO_DATE('May 15, 2012', 'MON DD, YYYY')), '1', 'YYJ', TO_TIMESTAMP_TZ('May 15, 2012 11:45 -08:00', 'MON DD, YYYY HH24:MI TZH:TZM'), 'arrived at 11:45');
-- INSERT INTO Flights VALUES ('AS',2386,'SEA','YYJ','BDH4',TO_TIMESTAMP_TZ('Jan 15, 1980 14:20 -08:00','MON DD, YYYY HH24:MI TZH:TZM'),TO_TIMESTAMP_TZ('Jan 15, 1980 15:04 -08:00','MON DD, YYYY HH24:MI TZH:TZM'));
INSERT INTO Departures VALUES((SELECT id FROM FlightInstances WHERE airlineCode='AS' AND flightNumber=2386 AND flightDate=TO_DATE('May 15, 2012', 'MON DD, YYYY')), 'A1', 'SEA', TO_TIMESTAMP_TZ('May 15, 2012 14:20 -08:00', 'MON DD, YYYY HH24:MI TZH:TZM'), 'departed at 14:20');
INSERT INTO Arrivals VALUES((SELECT id FROM FlightInstances WHERE airlineCode='AS' AND flightNumber=2386 AND flightDate=TO_DATE('May 15, 2012', 'MON DD, YYYY')), '1', 'YYJ', TO_TIMESTAMP_TZ('May 15, 2012 15:04 -08:00', 'MON DD, YYYY HH24:MI TZH:TZM'), 'arrived at 15:04');
-- INSERT INTO Flights VALUES ('AS',2388,'SEA','YYJ','BDH4',TO_TIMESTAMP_TZ('Jan 15, 1980 17:32 -08:00','MON DD, YYYY HH24:MI TZH:TZM'),TO_TIMESTAMP_TZ('Jan 15, 1980 18:15 -08:00','MON DD, YYYY HH24:MI TZH:TZM'));
INSERT INTO Departures VALUES((SELECT id FROM FlightInstances WHERE airlineCode='AS' AND flightNumber=2388 AND flightDate=TO_DATE('May 15, 2012', 'MON DD, YYYY')), 'A1', 'SEA', TO_TIMESTAMP_TZ('May 15, 2012 17:55 -08:00', 'MON DD, YYYY HH24:MI TZH:TZM'), 'delayed to 17:55');
INSERT INTO Arrivals VALUES((SELECT id FROM FlightInstances WHERE airlineCode='AS' AND flightNumber=2388 AND flightDate=TO_DATE('May 15, 2012', 'MON DD, YYYY')), '1', 'YYJ', TO_TIMESTAMP_TZ('May 15, 2012 18:40 -08:00', 'MON DD, YYYY HH24:MI TZH:TZM'), 'delayed to 18:40');
-- INSERT INTO Flights VALUES ('AS',2380,'SEA','YYJ','BDH4',TO_TIMESTAMP_TZ('Jan 15, 1980 23:00 -08:00','MON DD, YYYY HH24:MI TZH:TZM'),TO_TIMESTAMP_TZ('Jan 15, 1980 23:42 -08:00','MON DD, YYYY HH24:MI TZH:TZM'));
INSERT INTO Departures VALUES((SELECT id FROM FlightInstances WHERE airlineCode='AS' AND flightNumber=2380 AND flightDate=TO_DATE('May 15, 2012', 'MON DD, YYYY')), 'A1', 'SEA', TO_TIMESTAMP_TZ('May 15, 2012 23:00 -08:00', 'MON DD, YYYY HH24:MI TZH:TZM'), 'departed at 23:00');
INSERT INTO Arrivals VALUES((SELECT id FROM FlightInstances WHERE airlineCode='AS' AND flightNumber=2380 AND flightDate=TO_DATE('May 15, 2012', 'MON DD, YYYY')), '1', 'YYJ', TO_TIMESTAMP_TZ('May 15, 2012 23:42 -08:00', 'MON DD, YYYY HH24:MI TZH:TZM'), 'arrived at 23:42');
INSERT INTO Departures VALUES((SELECT id FROM FlightInstances WHERE airlineCode='AC' AND flightNumber=8551 AND flightDate=TO_DATE('May 16, 2012', 'MON DD, YYYY')), 'A1', 'YYC', TO_TIMESTAMP_TZ('May 16, 2012 07:40 -07:00', 'MON DD, YYYY HH24:MI TZH:TZM'), 'departed at 07:40');
INSERT INTO Arrivals VALUES((SELECT id FROM FlightInstances WHERE airlineCode='AC' AND flightNumber=8551 AND flightDate=TO_DATE('May 16, 2012', 'MON DD, YYYY')), '1', 'YYJ', TO_TIMESTAMP_TZ('May 16, 2012 08:09 -08:00', 'MON DD, YYYY HH24:MI TZH:TZM'), 'arrived at 08:09');
INSERT INTO Departures VALUES((SELECT id FROM FlightInstances WHERE airlineCode='AC' AND flightNumber=8553 AND flightDate=TO_DATE('May 16, 2012', 'MON DD, YYYY')), 'A2', 'YYC', TO_TIMESTAMP_TZ('May 16, 2012 11:25 -07:00', 'MON DD, YYYY HH24:MI TZH:TZM'), 'departed at 11:25');
INSERT INTO Arrivals VALUES((SELECT id FROM FlightInstances WHERE airlineCode='AC' AND flightNumber=8553 AND flightDate=TO_DATE('May 16, 2012', 'MON DD, YYYY')), '1', 'YYJ', TO_TIMESTAMP_TZ('May 16, 2012 11:54 -08:00', 'MON DD, YYYY HH24:MI TZH:TZM'), 'arrived at 11:54');
INSERT INTO Departures VALUES((SELECT id FROM FlightInstances WHERE airlineCode='AC' AND flightNumber=8555 AND flightDate=TO_DATE('May 16, 2012', 'MON DD, YYYY')), 'A2', 'YYC', TO_TIMESTAMP_TZ('May 16, 2012 16:25 -07:00', 'MON DD, YYYY HH24:MI TZH:TZM'), 'departed at 16:25');
INSERT INTO Arrivals VALUES((SELECT id FROM FlightInstances WHERE airlineCode='AC' AND flightNumber=8555 AND flightDate=TO_DATE('May 16, 2012', 'MON DD, YYYY')), '1', 'YYJ', TO_TIMESTAMP_TZ('May 16, 2012 16:54 -08:00', 'MON DD, YYYY HH24:MI TZH:TZM'), 'arrived at 16:54');
INSERT INTO Departures VALUES((SELECT id FROM FlightInstances WHERE airlineCode='AC' AND flightNumber=8559 AND flightDate=TO_DATE('May 16, 2012', 'MON DD, YYYY')), 'A2', 'YYC', TO_TIMESTAMP_TZ('May 16, 2012 18:45 -07:00', 'MON DD, YYYY HH24:MI TZH:TZM'), 'departed at 18:45');
INSERT INTO Arrivals VALUES((SELECT id FROM FlightInstances WHERE airlineCode='AC' AND flightNumber=8559 AND flightDate=TO_DATE('May 16, 2012', 'MON DD, YYYY')), '1', 'YYJ', TO_TIMESTAMP_TZ('May 16, 2012 19:14 -08:00', 'MON DD, YYYY HH24:MI TZH:TZM'), 'arrived at 19:14');
INSERT INTO Departures VALUES((SELECT id FROM FlightInstances WHERE airlineCode='AC' AND flightNumber=8197 AND flightDate=TO_DATE('May 16, 2012', 'MON DD, YYYY')), '1', 'YKA', TO_TIMESTAMP_TZ('May 16, 2012 17:15 -07:00', 'MON DD, YYYY HH24:MI TZH:TZM'), 'departed at 17:15');
INSERT INTO Arrivals VALUES((SELECT id FROM FlightInstances WHERE airlineCode='AC' AND flightNumber=8197 AND flightDate=TO_DATE('May 16, 2012', 'MON DD, YYYY')), '1', 'YYJ', TO_TIMESTAMP_TZ('May 16, 2012 19:22 -08:00', 'MON DD, YYYY HH24:MI TZH:TZM'), 'arrived at 19:22');
INSERT INTO Departures VALUES((SELECT id FROM FlightInstances WHERE airlineCode='AC' AND flightNumber=1191 AND flightDate=TO_DATE('May 16, 2012', 'MON DD, YYYY')), 'A1', 'YOW', TO_TIMESTAMP_TZ('May 16, 2012 07:00 -05:00', 'MON DD, YYYY HH24:MI TZH:TZM'), 'departed at 07:00');
INSERT INTO Arrivals VALUES((SELECT id FROM FlightInstances WHERE airlineCode='AC' AND flightNumber=1191 AND flightDate=TO_DATE('May 16, 2012', 'MON DD, YYYY')), '1', 'YYJ', TO_TIMESTAMP_TZ('May 16, 2012 10:56 -08:00', 'MON DD, YYYY HH24:MI TZH:TZM'), 'arrived at 10:56');
INSERT INTO Departures VALUES((SELECT id FROM FlightInstances WHERE airlineCode='AC' AND flightNumber=8557 AND flightDate=TO_DATE('May 16, 2012', 'MON DD, YYYY')), 'A1', 'YXE', TO_TIMESTAMP_TZ('May 16, 2012 16:50 -06:00', 'MON DD, YYYY HH24:MI TZH:TZM'), 'departed at 16:50');
INSERT INTO Arrivals VALUES((SELECT id FROM FlightInstances WHERE airlineCode='AC' AND flightNumber=8557 AND flightDate=TO_DATE('May 16, 2012', 'MON DD, YYYY')), '1', 'YYJ', TO_TIMESTAMP_TZ('May 16, 2012 19:14 -08:00', 'MON DD, YYYY HH24:MI TZH:TZM'), 'arrived at 19:14');
INSERT INTO Departures VALUES((SELECT id FROM FlightInstances WHERE airlineCode='AC' AND flightNumber=4401 AND flightDate=TO_DATE('May 16, 2012', 'MON DD, YYYY')), 'A1', 'SFO', TO_TIMESTAMP_TZ('May 16, 2012 10:33 -08:00', 'MON DD, YYYY HH24:MI TZH:TZM'), 'departed at 10:33');
INSERT INTO Arrivals VALUES((SELECT id FROM FlightInstances WHERE airlineCode='AC' AND flightNumber=4401 AND flightDate=TO_DATE('May 16, 2012', 'MON DD, YYYY')), '1', 'YYJ', TO_TIMESTAMP_TZ('May 16, 2012 12:50 -08:00', 'MON DD, YYYY HH24:MI TZH:TZM'), 'arrived at 12:50');
INSERT INTO Departures VALUES((SELECT id FROM FlightInstances WHERE airlineCode='AC' AND flightNumber=4403 AND flightDate=TO_DATE('May 16, 2012', 'MON DD, YYYY')), 'A1', 'SFO', TO_TIMESTAMP_TZ('May 16, 2012 19:46 -08:00', 'MON DD, YYYY HH24:MI TZH:TZM'), 'departed at 19:46');
INSERT INTO Arrivals VALUES((SELECT id FROM FlightInstances WHERE airlineCode='AC' AND flightNumber=4403 AND flightDate=TO_DATE('May 16, 2012', 'MON DD, YYYY')), '1', 'YYJ', TO_TIMESTAMP_TZ('May 16, 2012 22:03 -08:00', 'MON DD, YYYY HH24:MI TZH:TZM'), 'arrived at 22:03');
INSERT INTO Departures VALUES((SELECT id FROM FlightInstances WHERE airlineCode='AC' AND flightNumber=8059 AND flightDate=TO_DATE('May 16, 2012', 'MON DD, YYYY')), '1', 'YXT', TO_TIMESTAMP_TZ('May 16, 2012 06:25 -08:00', 'MON DD, YYYY HH24:MI TZH:TZM'), 'departed at 06:25');
INSERT INTO Arrivals VALUES((SELECT id FROM FlightInstances WHERE airlineCode='AC' AND flightNumber=8059 AND flightDate=TO_DATE('May 16, 2012', 'MON DD, YYYY')), '1', 'YYJ', TO_TIMESTAMP_TZ('May 16, 2012 09:23 -08:00', 'MON DD, YYYY HH24:MI TZH:TZM'), 'arrived at 09:23');
INSERT INTO Departures VALUES((SELECT id FROM FlightInstances WHERE airlineCode='AC' AND flightNumber=191 AND flightDate=TO_DATE('May 16, 2012', 'MON DD, YYYY')), 'A8', 'YYZ', TO_TIMESTAMP_TZ('May 16, 2012 18:05 -05:00', 'MON DD, YYYY HH24:MI TZH:TZM'), 'departed at 18:05');
INSERT INTO Arrivals VALUES((SELECT id FROM FlightInstances WHERE airlineCode='AC' AND flightNumber=191 AND flightDate=TO_DATE('May 16, 2012', 'MON DD, YYYY')), '1', 'YYJ', TO_TIMESTAMP_TZ('May 16, 2012 20:09 -08:00', 'MON DD, YYYY HH24:MI TZH:TZM'), 'arrived at 20:09');
INSERT INTO Departures VALUES((SELECT id FROM FlightInstances WHERE airlineCode='AC' AND flightNumber=1193 AND flightDate=TO_DATE('May 16, 2012', 'MON DD, YYYY')), 'A8', 'YYZ', TO_TIMESTAMP_TZ('May 16, 2012 20:55 -05:00', 'MON DD, YYYY HH24:MI TZH:TZM'), 'departed at 20:55');
INSERT INTO Arrivals VALUES((SELECT id FROM FlightInstances WHERE airlineCode='AC' AND flightNumber=1193 AND flightDate=TO_DATE('May 16, 2012', 'MON DD, YYYY')), '1', 'YYJ', TO_TIMESTAMP_TZ('May 16, 2012 23:06 -08:00', 'MON DD, YYYY HH24:MI TZH:TZM'), 'arrived at 23:06');
INSERT INTO Departures VALUES((SELECT id FROM FlightInstances WHERE airlineCode='AC' AND flightNumber=8055 AND flightDate=TO_DATE('May 16, 2012', 'MON DD, YYYY')), 'A1', 'YVR', TO_TIMESTAMP_TZ('May 16, 2012 07:00 -08:00', 'MON DD, YYYY HH24:MI TZH:TZM'), 'departed at 07:00');
INSERT INTO Arrivals VALUES((SELECT id FROM FlightInstances WHERE airlineCode='AC' AND flightNumber=8055 AND flightDate=TO_DATE('May 16, 2012', 'MON DD, YYYY')), '1', 'YYJ', TO_TIMESTAMP_TZ('May 16, 2012 07:24 -08:00', 'MON DD, YYYY HH24:MI TZH:TZM'), 'arrived at 07:24');
INSERT INTO Departures VALUES((SELECT id FROM FlightInstances WHERE airlineCode='AC' AND flightNumber=8057 AND flightDate=TO_DATE('May 16, 2012', 'MON DD, YYYY')), 'A1', 'YVR', TO_TIMESTAMP_TZ('May 16, 2012 08:00 -08:00', 'MON DD, YYYY HH24:MI TZH:TZM'), 'departed at 08:00');
INSERT INTO Arrivals VALUES((SELECT id FROM FlightInstances WHERE airlineCode='AC' AND flightNumber=8057 AND flightDate=TO_DATE('May 16, 2012', 'MON DD, YYYY')), '1', 'YYJ', TO_TIMESTAMP_TZ('May 16, 2012 08:24 -08:00', 'MON DD, YYYY HH24:MI TZH:TZM'), 'arrived at 08:24');
INSERT INTO Departures VALUES((SELECT id FROM FlightInstances WHERE airlineCode='AC' AND flightNumber=8061 AND flightDate=TO_DATE('May 16, 2012', 'MON DD, YYYY')), 'A1', 'YVR', TO_TIMESTAMP_TZ('May 16, 2012 10:00 -08:00', 'MON DD, YYYY HH24:MI TZH:TZM'), 'departed at 10:00');
INSERT INTO Arrivals VALUES((SELECT id FROM FlightInstances WHERE airlineCode='AC' AND flightNumber=8061 AND flightDate=TO_DATE('May 16, 2012', 'MON DD, YYYY')), '1', 'YYJ', TO_TIMESTAMP_TZ('May 16, 2012 10:23 -08:00', 'MON DD, YYYY HH24:MI TZH:TZM'), 'arrived at 10:23');
INSERT INTO Departures VALUES((SELECT id FROM FlightInstances WHERE airlineCode='AC' AND flightNumber=8063 AND flightDate=TO_DATE('May 16, 2012', 'MON DD, YYYY')), 'A1', 'YVR', TO_TIMESTAMP_TZ('May 16, 2012 11:00 -08:00', 'MON DD, YYYY HH24:MI TZH:TZM'), 'departed at 11:00');
INSERT INTO Arrivals VALUES((SELECT id FROM FlightInstances WHERE airlineCode='AC' AND flightNumber=8063 AND flightDate=TO_DATE('May 16, 2012', 'MON DD, YYYY')), '1', 'YYJ', TO_TIMESTAMP_TZ('May 16, 2012 11:22 -08:00', 'MON DD, YYYY HH24:MI TZH:TZM'), 'arrived at 11:22');
INSERT INTO Departures VALUES((SELECT id FROM FlightInstances WHERE airlineCode='AC' AND flightNumber=8051 AND flightDate=TO_DATE('May 16, 2012', 'MON DD, YYYY')), 'A1', 'YVR', TO_TIMESTAMP_TZ('May 16, 2012 11:30 -08:00', 'MON DD, YYYY HH24:MI TZH:TZM'), 'departed at 11:30');
INSERT INTO Arrivals VALUES((SELECT id FROM FlightInstances WHERE airlineCode='AC' AND flightNumber=8051 AND flightDate=TO_DATE('May 16, 2012', 'MON DD, YYYY')), '1', 'YYJ', TO_TIMESTAMP_TZ('May 16, 2012 11:53 -08:00', 'MON DD, YYYY HH24:MI TZH:TZM'), 'arrived at 11:53');
INSERT INTO Departures VALUES((SELECT id FROM FlightInstances WHERE airlineCode='AC' AND flightNumber=8065 AND flightDate=TO_DATE('May 16, 2012', 'MON DD, YYYY')), 'A1', 'YVR', TO_TIMESTAMP_TZ('May 16, 2012 12:00 -08:00', 'MON DD, YYYY HH24:MI TZH:TZM'), 'departed at 12:00');
INSERT INTO Arrivals VALUES((SELECT id FROM FlightInstances WHERE airlineCode='AC' AND flightNumber=8065 AND flightDate=TO_DATE('May 16, 2012', 'MON DD, YYYY')), '1', 'YYJ', TO_TIMESTAMP_TZ('May 16, 2012 12:22 -08:00', 'MON DD, YYYY HH24:MI TZH:TZM'), 'arrived at 12:22');
INSERT INTO Departures VALUES((SELECT id FROM FlightInstances WHERE airlineCode='AC' AND flightNumber=8085 AND flightDate=TO_DATE('May 16, 2012', 'MON DD, YYYY')), 'A1', 'YVR', TO_TIMESTAMP_TZ('May 16, 2012 12:30 -08:00', 'MON DD, YYYY HH24:MI TZH:TZM'), 'departed at 12:30');
INSERT INTO Arrivals VALUES((SELECT id FROM FlightInstances WHERE airlineCode='AC' AND flightNumber=8085 AND flightDate=TO_DATE('May 16, 2012', 'MON DD, YYYY')), '1', 'YYJ', TO_TIMESTAMP_TZ('May 16, 2012 12:53 -08:00', 'MON DD, YYYY HH24:MI TZH:TZM'), 'arrived at 12:53');
INSERT INTO Departures VALUES((SELECT id FROM FlightInstances WHERE airlineCode='AC' AND flightNumber=8067 AND flightDate=TO_DATE('May 16, 2012', 'MON DD, YYYY')), 'A1', 'YVR', TO_TIMESTAMP_TZ('May 16, 2012 13:00 -08:00', 'MON DD, YYYY HH24:MI TZH:TZM'), 'departed at 13:00');
INSERT INTO Arrivals VALUES((SELECT id FROM FlightInstances WHERE airlineCode='AC' AND flightNumber=8067 AND flightDate=TO_DATE('May 16, 2012', 'MON DD, YYYY')), '1', 'YYJ', TO_TIMESTAMP_TZ('May 16, 2012 13:22 -08:00', 'MON DD, YYYY HH24:MI TZH:TZM'), 'arrived at 13:22');
INSERT INTO Departures VALUES((SELECT id FROM FlightInstances WHERE airlineCode='AC' AND flightNumber=8053 AND flightDate=TO_DATE('May 16, 2012', 'MON DD, YYYY')), 'A1', 'YVR', TO_TIMESTAMP_TZ('May 16, 2012 13:30 -08:00', 'MON DD, YYYY HH24:MI TZH:TZM'), 'departed at 13:30');
INSERT INTO Arrivals VALUES((SELECT id FROM FlightInstances WHERE airlineCode='AC' AND flightNumber=8053 AND flightDate=TO_DATE('May 16, 2012', 'MON DD, YYYY')), '1', 'YYJ', TO_TIMESTAMP_TZ('May 16, 2012 13:52 -08:00', 'MON DD, YYYY HH24:MI TZH:TZM'), 'arrived at 13:52');
INSERT INTO Departures VALUES((SELECT id FROM FlightInstances WHERE airlineCode='AC' AND flightNumber=8069 AND flightDate=TO_DATE('May 16, 2012', 'MON DD, YYYY')), 'A1', 'YVR', TO_TIMESTAMP_TZ('May 16, 2012 14:00 -08:00', 'MON DD, YYYY HH24:MI TZH:TZM'), 'departed at 14:00');
INSERT INTO Arrivals VALUES((SELECT id FROM FlightInstances WHERE airlineCode='AC' AND flightNumber=8069 AND flightDate=TO_DATE('May 16, 2012', 'MON DD, YYYY')), '1', 'YYJ', TO_TIMESTAMP_TZ('May 16, 2012 14:22 -08:00', 'MON DD, YYYY HH24:MI TZH:TZM'), 'arrived at 14:22');
INSERT INTO Departures VALUES((SELECT id FROM FlightInstances WHERE airlineCode='AC' AND flightNumber=8071 AND flightDate=TO_DATE('May 16, 2012', 'MON DD, YYYY')), 'A1', 'YVR', TO_TIMESTAMP_TZ('May 16, 2012 15:00 -08:00', 'MON DD, YYYY HH24:MI TZH:TZM'), 'departed at 15:00');
INSERT INTO Arrivals VALUES((SELECT id FROM FlightInstances WHERE airlineCode='AC' AND flightNumber=8071 AND flightDate=TO_DATE('May 16, 2012', 'MON DD, YYYY')), '1', 'YYJ', TO_TIMESTAMP_TZ('May 16, 2012 15:23 -08:00', 'MON DD, YYYY HH24:MI TZH:TZM'), 'arrived at 15:23');
INSERT INTO Departures VALUES((SELECT id FROM FlightInstances WHERE airlineCode='AC' AND flightNumber=8161 AND flightDate=TO_DATE('May 16, 2012', 'MON DD, YYYY')), 'A1', 'YVR', TO_TIMESTAMP_TZ('May 16, 2012 15:30 -08:00', 'MON DD, YYYY HH24:MI TZH:TZM'), 'departed at 15:30');
INSERT INTO Arrivals VALUES((SELECT id FROM FlightInstances WHERE airlineCode='AC' AND flightNumber=8161 AND flightDate=TO_DATE('May 16, 2012', 'MON DD, YYYY')), '1', 'YYJ', TO_TIMESTAMP_TZ('May 16, 2012 15:53 -08:00', 'MON DD, YYYY HH24:MI TZH:TZM'), 'arrived at 15:53');
INSERT INTO Departures VALUES((SELECT id FROM FlightInstances WHERE airlineCode='AC' AND flightNumber=8073 AND flightDate=TO_DATE('May 16, 2012', 'MON DD, YYYY')), 'A1', 'YVR', TO_TIMESTAMP_TZ('May 16, 2012 16:00 -08:00', 'MON DD, YYYY HH24:MI TZH:TZM'), 'departed at 16:00');
INSERT INTO Arrivals VALUES((SELECT id FROM FlightInstances WHERE airlineCode='AC' AND flightNumber=8073 AND flightDate=TO_DATE('May 16, 2012', 'MON DD, YYYY')), '1', 'YYJ', TO_TIMESTAMP_TZ('May 16, 2012 16:22 -08:00', 'MON DD, YYYY HH24:MI TZH:TZM'), 'arrived at 16:22');
INSERT INTO Departures VALUES((SELECT id FROM FlightInstances WHERE airlineCode='AC' AND flightNumber=8091 AND flightDate=TO_DATE('May 16, 2012', 'MON DD, YYYY')), 'A1', 'YVR', TO_TIMESTAMP_TZ('May 16, 2012 16:30 -08:00', 'MON DD, YYYY HH24:MI TZH:TZM'), 'departed at 16:30');
INSERT INTO Arrivals VALUES((SELECT id FROM FlightInstances WHERE airlineCode='AC' AND flightNumber=8091 AND flightDate=TO_DATE('May 16, 2012', 'MON DD, YYYY')), '1', 'YYJ', TO_TIMESTAMP_TZ('May 16, 2012 16:52 -08:00', 'MON DD, YYYY HH24:MI TZH:TZM'), 'arrived at 16:52');
INSERT INTO Departures VALUES((SELECT id FROM FlightInstances WHERE airlineCode='AC' AND flightNumber=8075 AND flightDate=TO_DATE('May 16, 2012', 'MON DD, YYYY')), 'A1', 'YVR', TO_TIMESTAMP_TZ('May 16, 2012 17:00 -08:00', 'MON DD, YYYY HH24:MI TZH:TZM'), 'departed at 17:00');
INSERT INTO Arrivals VALUES((SELECT id FROM FlightInstances WHERE airlineCode='AC' AND flightNumber=8075 AND flightDate=TO_DATE('May 16, 2012', 'MON DD, YYYY')), '1', 'YYJ', TO_TIMESTAMP_TZ('May 16, 2012 17:22 -08:00', 'MON DD, YYYY HH24:MI TZH:TZM'), 'arrived at 17:20');
INSERT INTO Departures VALUES((SELECT id FROM FlightInstances WHERE airlineCode='AC' AND flightNumber=8077 AND flightDate=TO_DATE('May 16, 2012', 'MON DD, YYYY')), 'A1', 'YVR', TO_TIMESTAMP_TZ('May 16, 2012 18:00 -08:00', 'MON DD, YYYY HH24:MI TZH:TZM'), 'departed at 18:00');
INSERT INTO Arrivals VALUES((SELECT id FROM FlightInstances WHERE airlineCode='AC' AND flightNumber=8077 AND flightDate=TO_DATE('May 16, 2012', 'MON DD, YYYY')), '1', 'YYJ', TO_TIMESTAMP_TZ('May 16, 2012 18:22 -08:00', 'MON DD, YYYY HH24:MI TZH:TZM'), 'arrived at 18:22');
INSERT INTO Departures VALUES((SELECT id FROM FlightInstances WHERE airlineCode='AC' AND flightNumber=8079 AND flightDate=TO_DATE('May 16, 2012', 'MON DD, YYYY')), 'A1', 'YVR', TO_TIMESTAMP_TZ('May 16, 2012 19:00 -08:00', 'MON DD, YYYY HH24:MI TZH:TZM'), 'departed at 19:00');
INSERT INTO Arrivals VALUES((SELECT id FROM FlightInstances WHERE airlineCode='AC' AND flightNumber=8079 AND flightDate=TO_DATE('May 16, 2012', 'MON DD, YYYY')), '1', 'YYJ', TO_TIMESTAMP_TZ('May 16, 2012 19:21 -08:00', 'MON DD, YYYY HH24:MI TZH:TZM'), 'arrived at 19:21');
INSERT INTO Departures VALUES((SELECT id FROM FlightInstances WHERE airlineCode='AC' AND flightNumber=8081 AND flightDate=TO_DATE('May 16, 2012', 'MON DD, YYYY')), 'A1', 'YVR', TO_TIMESTAMP_TZ('May 16, 2012 20:00 -08:00', 'MON DD, YYYY HH24:MI TZH:TZM'), 'departed at 20:00');
INSERT INTO Arrivals VALUES((SELECT id FROM FlightInstances WHERE airlineCode='AC' AND flightNumber=8081 AND flightDate=TO_DATE('May 16, 2012', 'MON DD, YYYY')), '1', 'YYJ', TO_TIMESTAMP_TZ('May 16, 2012 20:21 -08:00', 'MON DD, YYYY HH24:MI TZH:TZM'), 'arrived at 20:21');
INSERT INTO Departures VALUES((SELECT id FROM FlightInstances WHERE airlineCode='AC' AND flightNumber=8083 AND flightDate=TO_DATE('May 16, 2012', 'MON DD, YYYY')), 'A1', 'YVR', TO_TIMESTAMP_TZ('May 16, 2012 22:20 -08:00', 'MON DD, YYYY HH24:MI TZH:TZM'), 'departed at 22:20');
INSERT INTO Arrivals VALUES((SELECT id FROM FlightInstances WHERE airlineCode='AC' AND flightNumber=8083 AND flightDate=TO_DATE('May 16, 2012', 'MON DD, YYYY')), '1', 'YYJ', TO_TIMESTAMP_TZ('May 16, 2012 22:43 -08:00', 'MON DD, YYYY HH24:MI TZH:TZM'), 'arrived at 22:43');
INSERT INTO Departures VALUES((SELECT id FROM FlightInstances WHERE airlineCode='AC' AND flightNumber=8087 AND flightDate=TO_DATE('May 16, 2012', 'MON DD, YYYY')), 'A1', 'YVR', TO_TIMESTAMP_TZ('May 16, 2012 23:30 -08:00', 'MON DD, YYYY HH24:MI TZH:TZM'), 'departed at 23:30');
INSERT INTO Arrivals VALUES((SELECT id FROM FlightInstances WHERE airlineCode='AC' AND flightNumber=8087 AND flightDate=TO_DATE('May 16, 2012', 'MON DD, YYYY')), '1', 'YYJ', TO_TIMESTAMP_TZ('May 16, 2012 23:53 -08:00', 'MON DD, YYYY HH24:MI TZH:TZM'), 'arrived at 23:53');
--
-- INSERT INTO Flights VALUES ('AC',8552,'YYJ','YYC','BCRJ',TO_TIMESTAMP_TZ('Jan 15, 1980 08:40 -08:00','MON DD, YYYY HH24:MI TZH:TZM'),TO_TIMESTAMP_TZ('Jan 15, 1980 10:45 -07:00','MON DD, YYYY HH24:MI TZH:TZM'));
INSERT INTO Departures VALUES((SELECT id FROM FlightInstances WHERE airlineCode='AC' AND flightNumber=8552 AND flightDate=TO_DATE('May 16, 2012', 'MON DD, YYYY')), '1', 'YYJ', TO_TIMESTAMP_TZ('May 16, 2012 08:40 -08:00', 'MON DD, YYYY HH24:MI TZH:TZM'), 'departed at 08:40');
INSERT INTO Arrivals VALUES((SELECT id FROM FlightInstances WHERE airlineCode='AC' AND flightNumber=8552 AND flightDate=TO_DATE('May 16, 2012', 'MON DD, YYYY')), 'A1', 'YYC', TO_TIMESTAMP_TZ('May 16, 2012 10:45 -07:00', 'MON DD, YYYY HH24:MI TZH:TZM'), 'arrived at 10:45');
-- INSERT INTO Flights VALUES ('AC',8554,'YYJ','YYC','BCRJ',TO_TIMESTAMP_TZ('Jan 15, 1980 12:25 -08:00','MON DD, YYYY HH24:MI TZH:TZM'),TO_TIMESTAMP_TZ('Jan 15, 1980 14:45 -07:00','MON DD, YYYY HH24:MI TZH:TZM'));
INSERT INTO Departures VALUES((SELECT id FROM FlightInstances WHERE airlineCode='AC' AND flightNumber=8554 AND flightDate=TO_DATE('May 16, 2012', 'MON DD, YYYY')), '1', 'YYJ', TO_TIMESTAMP_TZ('May 16, 2012 12:25 -08:00', 'MON DD, YYYY HH24:MI TZH:TZM'), 'departed at 12:25');
INSERT INTO Arrivals VALUES((SELECT id FROM FlightInstances WHERE airlineCode='AC' AND flightNumber=8554 AND flightDate=TO_DATE('May 16, 2012', 'MON DD, YYYY')), 'A1', 'YYC', TO_TIMESTAMP_TZ('May 16, 2012 14:45 -07:00', 'MON DD, YYYY HH24:MI TZH:TZM'), 'arrived at 14:45');
-- INSERT INTO Flights VALUES ('AC',8558,'YYJ','YYC','BCRJ',TO_TIMESTAMP_TZ('Jan 15, 1980 20:40 -08:00','MON DD, YYYY HH24:MI TZH:TZM'),TO_TIMESTAMP_TZ('Jan 15, 1980 23:00 -07:00','MON DD, YYYY HH24:MI TZH:TZM'));
INSERT INTO Departures VALUES((SELECT id FROM FlightInstances WHERE airlineCode='AC' AND flightNumber=8558 AND flightDate=TO_DATE('May 16, 2012', 'MON DD, YYYY')), '1', 'YYJ', TO_TIMESTAMP_TZ('May 16, 2012 20:40 -08:00', 'MON DD, YYYY HH24:MI TZH:TZM'), 'departed at 20:40');
INSERT INTO Arrivals VALUES((SELECT id FROM FlightInstances WHERE airlineCode='AC' AND flightNumber=8558 AND flightDate=TO_DATE('May 16, 2012', 'MON DD, YYYY')), 'A1', 'YYC', TO_TIMESTAMP_TZ('May 16, 2012 23:00 -07:00', 'MON DD, YYYY HH24:MI TZH:TZM'), 'arrived at 23:00');
-- INSERT INTO Flights VALUES ('AC',8178,'YYJ','YKA','BDH3',TO_TIMESTAMP_TZ('Jan 15, 1980 15:00 -08:00','MON DD, YYYY HH24:MI TZH:TZM'),TO_TIMESTAMP_TZ('Jan 15, 1980 16:51 -08:00','MON DD, YYYY HH24:MI TZH:TZM'));
INSERT INTO Departures VALUES((SELECT id FROM FlightInstances WHERE airlineCode='AC' AND flightNumber=8178 AND flightDate=TO_DATE('May 16, 2012', 'MON DD, YYYY')), '1', 'YYJ', TO_TIMESTAMP_TZ('May 16, 2012 15:00 -08:00', 'MON DD, YYYY HH24:MI TZH:TZM'), 'departed at 15:00');
INSERT INTO Arrivals VALUES((SELECT id FROM FlightInstances WHERE airlineCode='AC' AND flightNumber=8178 AND flightDate=TO_DATE('May 16, 2012', 'MON DD, YYYY')), '1', 'YKA', TO_TIMESTAMP_TZ('May 16, 2012 16:51 -08:00', 'MON DD, YYYY HH24:MI TZH:TZM'), 'arrived at 16:51');
--  INSERT INTO Flights VALUES ('AC',4400,'YYJ','SFO','BCRJ',TO_TIMESTAMP_TZ('Jan 15, 1980 06:53 -08:00','MON DD, YYYY HH24:MI TZH:TZM'),TO_TIMESTAMP_TZ('Jan 15, 1980 09:06 -08:00','MON DD, YYYY HH24:MI TZH:TZM'));
INSERT INTO Departures VALUES((SELECT id FROM FlightInstances WHERE airlineCode='AC' AND flightNumber=4400 AND flightDate=TO_DATE('May 16, 2012', 'MON DD, YYYY')), '1', 'YYJ', TO_TIMESTAMP_TZ('May 16, 2012 06:53 -08:00', 'MON DD, YYYY HH24:MI TZH:TZM'), 'departed at 06:53');
INSERT INTO Arrivals VALUES((SELECT id FROM FlightInstances WHERE airlineCode='AC' AND flightNumber=4400 AND flightDate=TO_DATE('May 16, 2012', 'MON DD, YYYY')), 'A1', 'SFO', TO_TIMESTAMP_TZ('May 16, 2012 09:06 -08:00', 'MON DD, YYYY HH24:MI TZH:TZM'), 'arrived at 09:06');
-- INSERT INTO Flights VALUES ('AC',4402,'YYJ','SFO','BCRJ',TO_TIMESTAMP_TZ('Jan 15, 1980 13:21 -08:00','MON DD, YYYY HH24:MI TZH:TZM'),TO_TIMESTAMP_TZ('Jan 15, 1980 15:34 -08:00','MON DD, YYYY HH24:MI TZH:TZM'));
INSERT INTO Departures VALUES((SELECT id FROM FlightInstances WHERE airlineCode='AC' AND flightNumber=4402 AND flightDate=TO_DATE('May 16, 2012', 'MON DD, YYYY')), '1', 'YYJ', TO_TIMESTAMP_TZ('May 16, 2012 13:21 -08:00', 'MON DD, YYYY HH24:MI TZH:TZM'), 'departed at 13:21');
INSERT INTO Arrivals VALUES((SELECT id FROM FlightInstances WHERE airlineCode='AC' AND flightNumber=4402 AND flightDate=TO_DATE('May 16, 2012', 'MON DD, YYYY')), 'A1', 'SFO', TO_TIMESTAMP_TZ('May 16, 2012 15:34 -08:00', 'MON DD, YYYY HH24:MI TZH:TZM'), 'arrived at 15:34');
-- INSERT INTO Flights VALUES ('AC',8556,'YYJ','YXE','BCRJ',TO_TIMESTAMP_TZ('Jan 15, 1980 15:00 -08:00','MON DD, YYYY HH24:MI TZH:TZM'),TO_TIMESTAMP_TZ('Jan 15, 1980 19:12 -06:00','MON DD, YYYY HH24:MI TZH:TZM'));
INSERT INTO Departures VALUES((SELECT id FROM FlightInstances WHERE airlineCode='AC' AND flightNumber=8556 AND flightDate=TO_DATE('May 16, 2012', 'MON DD, YYYY')), '1', 'YYJ', TO_TIMESTAMP_TZ('May 16, 2012 15:00 -08:00', 'MON DD, YYYY HH24:MI TZH:TZM'), 'departed at 15:00');
INSERT INTO Arrivals VALUES((SELECT id FROM FlightInstances WHERE airlineCode='AC' AND flightNumber=8556 AND flightDate=TO_DATE('May 16, 2012', 'MON DD, YYYY')), 'A1', 'YXE', TO_TIMESTAMP_TZ('May 16, 2012 19:12 -06:00', 'MON DD, YYYY HH24:MI TZH:TZM'), 'arrived at 19:12');
-- INSERT INTO Flights VALUES ('AC',190,'YYJ','YYZ','A319',TO_TIMESTAMP_TZ('Jan 15, 1980 06:45 -08:00','MON DD, YYYY HH24:MI TZH:TZM'),TO_TIMESTAMP_TZ('Jan 15, 1980 14:10 -05:00','MON DD, YYYY HH24:MI TZH:TZM'));
INSERT INTO Departures VALUES((SELECT id FROM FlightInstances WHERE airlineCode='AC' AND flightNumber=190 AND flightDate=TO_DATE('May 16, 2012', 'MON DD, YYYY')), '1', 'YYJ', TO_TIMESTAMP_TZ('May 16, 2012 06:45 -08:00', 'MON DD, YYYY HH24:MI TZH:TZM'), 'departed at 06:45');
INSERT INTO Arrivals VALUES((SELECT id FROM FlightInstances WHERE airlineCode='AC' AND flightNumber=190 AND flightDate=TO_DATE('May 16, 2012', 'MON DD, YYYY')), 'A8', 'YYZ', TO_TIMESTAMP_TZ('May 16, 2012 14:10 -05:00', 'MON DD, YYYY HH24:MI TZH:TZM'), 'arrived at 14:10');
-- INSERT INTO Flights VALUES ('AC',1186,'YYJ','YYZ','E90',TO_TIMESTAMP_TZ('Jan 15, 1980 12:00 -08:00','MON DD, YYYY HH24:MI TZH:TZM'),TO_TIMESTAMP_TZ('Jan 15, 1980 19:23 -05:00','MON DD, YYYY HH24:MI TZH:TZM'));
INSERT INTO Departures VALUES((SELECT id FROM FlightInstances WHERE airlineCode='AC' AND flightNumber=1186 AND flightDate=TO_DATE('May 16, 2012', 'MON DD, YYYY')), '1', 'YYJ', TO_TIMESTAMP_TZ('May 16, 2012 12:00 -08:00', 'MON DD, YYYY HH24:MI TZH:TZM'), 'departed at 12:00');
INSERT INTO Arrivals VALUES((SELECT id FROM FlightInstances WHERE airlineCode='AC' AND flightNumber=1186 AND flightDate=TO_DATE('May 16, 2012', 'MON DD, YYYY')), 'A8', 'YYZ', TO_TIMESTAMP_TZ('May 16, 2012 19:23 -05:00', 'MON DD, YYYY HH24:MI TZH:TZM'), 'arrived at 19:23');
-- INSERT INTO Flights VALUES ('AC',1192,'YYJ','YYZ','E90',TO_TIMESTAMP_TZ('Jan 15, 1980 23:50 -08:00','MON DD, YYYY HH24:MI TZH:TZM'),TO_TIMESTAMP_TZ('Jan 16, 1980 07:13 -05:00','MON DD, YYYY HH24:MI TZH:TZM'));
INSERT INTO Departures VALUES((SELECT id FROM FlightInstances WHERE airlineCode='AC' AND flightNumber=1192 AND flightDate=TO_DATE('May 16, 2012', 'MON DD, YYYY')), '1', 'YYJ', TO_TIMESTAMP_TZ('May 16, 2012 23:50 -08:00', 'MON DD, YYYY HH24:MI TZH:TZM'), 'departed at 23:50');
INSERT INTO Arrivals VALUES((SELECT id FROM FlightInstances WHERE airlineCode='AC' AND flightNumber=1192 AND flightDate=TO_DATE('May 16, 2012', 'MON DD, YYYY')), 'A8', 'YYZ', TO_TIMESTAMP_TZ('May 17, 2012 07:13 -05:00', 'MON DD, YYYY HH24:MI TZH:TZM'), 'arrived at 07:13');
-- INSERT INTO Flights VALUES ('AC',8050,'YYJ','YVR','BDH3',TO_TIMESTAMP_TZ('Jan 15, 1980 05:25 -08:00','MON DD, YYYY HH24:MI TZH:TZM'),TO_TIMESTAMP_TZ('Jan 15, 1980 05:48 -08:00','MON DD, YYYY HH24:MI TZH:TZM'));
INSERT INTO Departures VALUES((SELECT id FROM FlightInstances WHERE airlineCode='AC' AND flightNumber=8050 AND flightDate=TO_DATE('May 16, 2012', 'MON DD, YYYY')), '1', 'YYJ', TO_TIMESTAMP_TZ('May 16, 2012 05:25 -08:00', 'MON DD, YYYY HH24:MI TZH:TZM'), 'departed at 05:25');
INSERT INTO Arrivals VALUES((SELECT id FROM FlightInstances WHERE airlineCode='AC' AND flightNumber=8050 AND flightDate=TO_DATE('May 16, 2012', 'MON DD, YYYY')), 'A1', 'YVR', TO_TIMESTAMP_TZ('May 16, 2012 05:48 -08:00', 'MON DD, YYYY HH24:MI TZH:TZM'), 'arrived at 05:48');
-- INSERT INTO Flights VALUES ('AC',8054,'YYJ','YVR','BDH3',TO_TIMESTAMP_TZ('Jan 15, 1980 07:00 -08:00','MON DD, YYYY HH24:MI TZH:TZM'),TO_TIMESTAMP_TZ('Jan 15, 1980 07:23 -08:00','MON DD, YYYY HH24:MI TZH:TZM'));
INSERT INTO Departures VALUES((SELECT id FROM FlightInstances WHERE airlineCode='AC' AND flightNumber=8054 AND flightDate=TO_DATE('May 16, 2012', 'MON DD, YYYY')), '1', 'YYJ', TO_TIMESTAMP_TZ('May 16, 2012 07:00 -08:00', 'MON DD, YYYY HH24:MI TZH:TZM'), 'departed at 07:00');
INSERT INTO Arrivals VALUES((SELECT id FROM FlightInstances WHERE airlineCode='AC' AND flightNumber=8054 AND flightDate=TO_DATE('May 16, 2012', 'MON DD, YYYY')), 'A1', 'YVR', TO_TIMESTAMP_TZ('May 16, 2012 07:23 -08:00', 'MON DD, YYYY HH24:MI TZH:TZM'), 'arrived at 07:23');
-- INSERT INTO Flights VALUES ('AC',8056,'YYJ','YVR','BDH1',TO_TIMESTAMP_TZ('Jan 15, 1980 08:00 -08:00','MON DD, YYYY HH24:MI TZH:TZM'),TO_TIMESTAMP_TZ('Jan 15, 1980 08:23 -08:00','MON DD, YYYY HH24:MI TZH:TZM'));
INSERT INTO Departures VALUES((SELECT id FROM FlightInstances WHERE airlineCode='AC' AND flightNumber=8056 AND flightDate=TO_DATE('May 16, 2012', 'MON DD, YYYY')), '1', 'YYJ', TO_TIMESTAMP_TZ('May 16, 2012 08:00 -08:00', 'MON DD, YYYY HH24:MI TZH:TZM'), 'departed at 08:00');
INSERT INTO Arrivals VALUES((SELECT id FROM FlightInstances WHERE airlineCode='AC' AND flightNumber=8056 AND flightDate=TO_DATE('May 16, 2012', 'MON DD, YYYY')), 'A1', 'YVR', TO_TIMESTAMP_TZ('May 16, 2012 08:23 -08:00', 'MON DD, YYYY HH24:MI TZH:TZM'), 'arrived at 08:23');
-- INSERT INTO Flights VALUES ('AC',8058,'YYJ','YVR','BDH1',TO_TIMESTAMP_TZ('Jan 15, 1980 09:00 -08:00','MON DD, YYYY HH24:MI TZH:TZM'),TO_TIMESTAMP_TZ('Jan 15, 1980 09:23 -08:00','MON DD, YYYY HH24:MI TZH:TZM'));
INSERT INTO Departures VALUES((SELECT id FROM FlightInstances WHERE airlineCode='AC' AND flightNumber=8058 AND flightDate=TO_DATE('May 16, 2012', 'MON DD, YYYY')), '1', 'YYJ', TO_TIMESTAMP_TZ('May 16, 2012 09:00 -08:00', 'MON DD, YYYY HH24:MI TZH:TZM'), 'departed at 09:00');
INSERT INTO Arrivals VALUES((SELECT id FROM FlightInstances WHERE airlineCode='AC' AND flightNumber=8058 AND flightDate=TO_DATE('May 16, 2012', 'MON DD, YYYY')), 'A1', 'YVR', TO_TIMESTAMP_TZ('May 16, 2012 09:23 -08:00', 'MON DD, YYYY HH24:MI TZH:TZM'), 'arrived at 09:23');
-- INSERT INTO Flights VALUES ('AC',8060,'YYJ','YVR','BDH1',TO_TIMESTAMP_TZ('Jan 15, 1980 10:00 -08:00','MON DD, YYYY HH24:MI TZH:TZM'),TO_TIMESTAMP_TZ('Jan 15, 1980 10:23 -08:00','MON DD, YYYY HH24:MI TZH:TZM'));
INSERT INTO Departures VALUES((SELECT id FROM FlightInstances WHERE airlineCode='AC' AND flightNumber=8060 AND flightDate=TO_DATE('May 16, 2012', 'MON DD, YYYY')), '1', 'YYJ', TO_TIMESTAMP_TZ('May 16, 2012 10:00 -08:00', 'MON DD, YYYY HH24:MI TZH:TZM'), 'departed at 10:00');
INSERT INTO Arrivals VALUES((SELECT id FROM FlightInstances WHERE airlineCode='AC' AND flightNumber=8060 AND flightDate=TO_DATE('May 16, 2012', 'MON DD, YYYY')), 'A1', 'YVR', TO_TIMESTAMP_TZ('May 16, 2012 10:23 -08:00', 'MON DD, YYYY HH24:MI TZH:TZM'), 'arrived at 10:23');
-- INSERT INTO Flights VALUES ('AC',8062,'YYJ','YVR','BDH1',TO_TIMESTAMP_TZ('Jan 15, 1980 11:00 -08:00','MON DD, YYYY HH24:MI TZH:TZM'),TO_TIMESTAMP_TZ('Jan 15, 1980 11:23 -08:00','MON DD, YYYY HH24:MI TZH:TZM'));
INSERT INTO Departures VALUES((SELECT id FROM FlightInstances WHERE airlineCode='AC' AND flightNumber=8062 AND flightDate=TO_DATE('May 16, 2012', 'MON DD, YYYY')), '1', 'YYJ', TO_TIMESTAMP_TZ('May 16, 2012 11:00 -08:00', 'MON DD, YYYY HH24:MI TZH:TZM'), 'departed at 11:00');
INSERT INTO Arrivals VALUES((SELECT id FROM FlightInstances WHERE airlineCode='AC' AND flightNumber=8062 AND flightDate=TO_DATE('May 16, 2012', 'MON DD, YYYY')), 'A1', 'YVR', TO_TIMESTAMP_TZ('May 16, 2012 11:23 -08:00', 'MON DD, YYYY HH24:MI TZH:TZM'), 'arrived at 11:23');
-- INSERT INTO Flights VALUES ('AC',8064,'YYJ','YVR','BDH1',TO_TIMESTAMP_TZ('Jan 15, 1980 12:00 -08:00','MON DD, YYYY HH24:MI TZH:TZM'),TO_TIMESTAMP_TZ('Jan 15, 1980 12:23 -08:00','MON DD, YYYY HH24:MI TZH:TZM'));
INSERT INTO Departures VALUES((SELECT id FROM FlightInstances WHERE airlineCode='AC' AND flightNumber=8064 AND flightDate=TO_DATE('May 16, 2012', 'MON DD, YYYY')), '1', 'YYJ', TO_TIMESTAMP_TZ('May 16, 2012 12:00 -08:00', 'MON DD, YYYY HH24:MI TZH:TZM'), 'departed at 12:00');
INSERT INTO Arrivals VALUES((SELECT id FROM FlightInstances WHERE airlineCode='AC' AND flightNumber=8064 AND flightDate=TO_DATE('May 16, 2012', 'MON DD, YYYY')), 'A1', 'YVR', TO_TIMESTAMP_TZ('May 16, 2012 12:23 -08:00', 'MON DD, YYYY HH24:MI TZH:TZM'), 'arrived at 12:23');
-- INSERT INTO Flights VALUES ('AC',8052,'YYJ','YVR','BDH3',TO_TIMESTAMP_TZ('Jan 15, 1980 12:30 -08:00','MON DD, YYYY HH24:MI TZH:TZM'),TO_TIMESTAMP_TZ('Jan 15, 1980 12:53 -08:00','MON DD, YYYY HH24:MI TZH:TZM'));
INSERT INTO Departures VALUES((SELECT id FROM FlightInstances WHERE airlineCode='AC' AND flightNumber=8052 AND flightDate=TO_DATE('May 16, 2012', 'MON DD, YYYY')), '1', 'YYJ', TO_TIMESTAMP_TZ('May 16, 2012 12:30 -08:00', 'MON DD, YYYY HH24:MI TZH:TZM'), 'departed at 12:30');
INSERT INTO Arrivals VALUES((SELECT id FROM FlightInstances WHERE airlineCode='AC' AND flightNumber=8052 AND flightDate=TO_DATE('May 16, 2012', 'MON DD, YYYY')), 'A1', 'YVR', TO_TIMESTAMP_TZ('May 16, 2012 12:53 -08:00', 'MON DD, YYYY HH24:MI TZH:TZM'), 'arrived at 12:53');
-- INSERT INTO Flights VALUES ('AC',8174,'YYJ','YVR','BDH1',TO_TIMESTAMP_TZ('Jan 15, 1980 12:30 -08:00','MON DD, YYYY HH24:MI TZH:TZM'),TO_TIMESTAMP_TZ('Jan 15, 1980 12:53 -08:00','MON DD, YYYY HH24:MI TZH:TZM'));
INSERT INTO Departures VALUES((SELECT id FROM FlightInstances WHERE airlineCode='AC' AND flightNumber=8174 AND flightDate=TO_DATE('May 16, 2012', 'MON DD, YYYY')), '1', 'YYJ', TO_TIMESTAMP_TZ('May 16, 2012 12:30 -08:00', 'MON DD, YYYY HH24:MI TZH:TZM'), 'departed at 12:30');
INSERT INTO Arrivals VALUES((SELECT id FROM FlightInstances WHERE airlineCode='AC' AND flightNumber=8174 AND flightDate=TO_DATE('May 16, 2012', 'MON DD, YYYY')), 'A1', 'YVR', TO_TIMESTAMP_TZ('May 16, 2012 12:53 -08:00', 'MON DD, YYYY HH24:MI TZH:TZM'), 'arrived at 12:53');
-- INSERT INTO Flights VALUES ('AC',8066,'YYJ','YVR','BDH3',TO_TIMESTAMP_TZ('Jan 15, 1980 13:00 -08:00','MON DD, YYYY HH24:MI TZH:TZM'),TO_TIMESTAMP_TZ('Jan 15, 1980 13:23 -08:00','MON DD, YYYY HH24:MI TZH:TZM'));
INSERT INTO Departures VALUES((SELECT id FROM FlightInstances WHERE airlineCode='AC' AND flightNumber=8066 AND flightDate=TO_DATE('May 16, 2012', 'MON DD, YYYY')), '1', 'YYJ', TO_TIMESTAMP_TZ('May 16, 2012 13:00 -08:00', 'MON DD, YYYY HH24:MI TZH:TZM'), 'departed at 13:00');
INSERT INTO Arrivals VALUES((SELECT id FROM FlightInstances WHERE airlineCode='AC' AND flightNumber=8066 AND flightDate=TO_DATE('May 16, 2012', 'MON DD, YYYY')), 'A1', 'YVR', TO_TIMESTAMP_TZ('May 16, 2012 13:23 -08:00', 'MON DD, YYYY HH24:MI TZH:TZM'), 'arrived at 13:23');
-- INSERT INTO Flights VALUES ('AC',8068,'YYJ','YVR','BDH3',TO_TIMESTAMP_TZ('Jan 15, 1980 14:00 -08:00','MON DD, YYYY HH24:MI TZH:TZM'),TO_TIMESTAMP_TZ('Jan 15, 1980 14:23 -08:00','MON DD, YYYY HH24:MI TZH:TZM'));
INSERT INTO Departures VALUES((SELECT id FROM FlightInstances WHERE airlineCode='AC' AND flightNumber=8068 AND flightDate=TO_DATE('May 16, 2012', 'MON DD, YYYY')), '1', 'YYJ', TO_TIMESTAMP_TZ('May 16, 2012 14:00 -08:00', 'MON DD, YYYY HH24:MI TZH:TZM'), 'departed at 14:00');
INSERT INTO Arrivals VALUES((SELECT id FROM FlightInstances WHERE airlineCode='AC' AND flightNumber=8068 AND flightDate=TO_DATE('May 16, 2012', 'MON DD, YYYY')), 'A1', 'YVR', TO_TIMESTAMP_TZ('May 16, 2012 14:23 -08:00', 'MON DD, YYYY HH24:MI TZH:TZM'), 'arrived at 14:23');
-- INSERT INTO Flights VALUES ('AC',8084,'YYJ','YVR','BDH3',TO_TIMESTAMP_TZ('Jan 15, 1980 14:30 -08:00','MON DD, YYYY HH24:MI TZH:TZM'),TO_TIMESTAMP_TZ('Jan 15, 1980 14:53 -08:00','MON DD, YYYY HH24:MI TZH:TZM'));
INSERT INTO Departures VALUES((SELECT id FROM FlightInstances WHERE airlineCode='AC' AND flightNumber=8084 AND flightDate=TO_DATE('May 16, 2012', 'MON DD, YYYY')), '1', 'YYJ', TO_TIMESTAMP_TZ('May 16, 2012 14:30 -08:00', 'MON DD, YYYY HH24:MI TZH:TZM'), 'departed at 14:30');
INSERT INTO Arrivals VALUES((SELECT id FROM FlightInstances WHERE airlineCode='AC' AND flightNumber=8084 AND flightDate=TO_DATE('May 16, 2012', 'MON DD, YYYY')), 'A1', 'YVR', TO_TIMESTAMP_TZ('May 16, 2012 14:53 -08:00', 'MON DD, YYYY HH24:MI TZH:TZM'), 'arrived at 14:53');
-- INSERT INTO Flights VALUES ('AC',8070,'YYJ','YVR','BDH1',TO_TIMESTAMP_TZ('Jan 15, 1980 15:00 -08:00','MON DD, YYYY HH24:MI TZH:TZM'),TO_TIMESTAMP_TZ('Jan 15, 1980 15:23 -08:00','MON DD, YYYY HH24:MI TZH:TZM'));
INSERT INTO Departures VALUES((SELECT id FROM FlightInstances WHERE airlineCode='AC' AND flightNumber=8070 AND flightDate=TO_DATE('May 16, 2012', 'MON DD, YYYY')), '1', 'YYJ', TO_TIMESTAMP_TZ('May 16, 2012 15:00 -08:00', 'MON DD, YYYY HH24:MI TZH:TZM'), 'departed at 15:00');
INSERT INTO Arrivals VALUES((SELECT id FROM FlightInstances WHERE airlineCode='AC' AND flightNumber=8070 AND flightDate=TO_DATE('May 16, 2012', 'MON DD, YYYY')), 'A1', 'YVR', TO_TIMESTAMP_TZ('May 16, 2012 15:23 -08:00', 'MON DD, YYYY HH24:MI TZH:TZM'), 'arrived at 15:23');
-- INSERT INTO Flights VALUES ('AC',8072,'YYJ','YVR','BDH3',TO_TIMESTAMP_TZ('Jan 15, 1980 16:00 -08:00','MON DD, YYYY HH24:MI TZH:TZM'),TO_TIMESTAMP_TZ('Jan 15, 1980 16:23 -08:00','MON DD, YYYY HH24:MI TZH:TZM'));
INSERT INTO Departures VALUES((SELECT id FROM FlightInstances WHERE airlineCode='AC' AND flightNumber=8072 AND flightDate=TO_DATE('May 16, 2012', 'MON DD, YYYY')), '1', 'YYJ', TO_TIMESTAMP_TZ('May 16, 2012 16:00 -08:00', 'MON DD, YYYY HH24:MI TZH:TZM'), 'departed at 16:00');
INSERT INTO Arrivals VALUES((SELECT id FROM FlightInstances WHERE airlineCode='AC' AND flightNumber=8072 AND flightDate=TO_DATE('May 16, 2012', 'MON DD, YYYY')), 'A1', 'YVR', TO_TIMESTAMP_TZ('May 16, 2012 16:23 -08:00', 'MON DD, YYYY HH24:MI TZH:TZM'), 'arrived at 16:23');
-- INSERT INTO Flights VALUES ('AC',8086,'YYJ','YVR','BDH3',TO_TIMESTAMP_TZ('Jan 15, 1980 16:30 -08:00','MON DD, YYYY HH24:MI TZH:TZM'),TO_TIMESTAMP_TZ('Jan 15, 1980 16:53 -08:00','MON DD, YYYY HH24:MI TZH:TZM'));
INSERT INTO Departures VALUES((SELECT id FROM FlightInstances WHERE airlineCode='AC' AND flightNumber=8086 AND flightDate=TO_DATE('May 16, 2012', 'MON DD, YYYY')), '1', 'YYJ', TO_TIMESTAMP_TZ('May 16, 2012 16:47 -08:00', 'MON DD, YYYY HH24:MI TZH:TZM'), 'delayed to 16:47');
INSERT INTO Arrivals VALUES((SELECT id FROM FlightInstances WHERE airlineCode='AC' AND flightNumber=8086 AND flightDate=TO_DATE('May 16, 2012', 'MON DD, YYYY')), 'A1', 'YVR', TO_TIMESTAMP_TZ('May 16, 2012 17:10 -08:00', 'MON DD, YYYY HH24:MI TZH:TZM'), 'delayed to 17:10');
-- INSERT INTO Flights VALUES ('AC',8074,'YYJ','YVR','BDH3',TO_TIMESTAMP_TZ('Jan 15, 1980 17:00 -08:00','MON DD, YYYY HH24:MI TZH:TZM'),TO_TIMESTAMP_TZ('Jan 15, 1980 17:23 -08:00','MON DD, YYYY HH24:MI TZH:TZM'));
INSERT INTO Departures VALUES((SELECT id FROM FlightInstances WHERE airlineCode='AC' AND flightNumber=8074 AND flightDate=TO_DATE('May 16, 2012', 'MON DD, YYYY')), '1', 'YYJ', TO_TIMESTAMP_TZ('May 16, 2012 17:00 -08:00', 'MON DD, YYYY HH24:MI TZH:TZM'), 'departed at 17:00');
INSERT INTO Arrivals VALUES((SELECT id FROM FlightInstances WHERE airlineCode='AC' AND flightNumber=8074 AND flightDate=TO_DATE('May 16, 2012', 'MON DD, YYYY')), 'A1', 'YVR', TO_TIMESTAMP_TZ('May 16, 2012 17:23 -08:00', 'MON DD, YYYY HH24:MI TZH:TZM'), 'arrived at 17:23');
-- INSERT INTO Flights VALUES ('AC',8076,'YYJ','YVR','BDH3',TO_TIMESTAMP_TZ('Jan 15, 1980 18:00 -08:00','MON DD, YYYY HH24:MI TZH:TZM'),TO_TIMESTAMP_TZ('Jan 15, 1980 18:23 -08:00','MON DD, YYYY HH24:MI TZH:TZM'));
INSERT INTO Departures VALUES((SELECT id FROM FlightInstances WHERE airlineCode='AC' AND flightNumber=8076 AND flightDate=TO_DATE('May 16, 2012', 'MON DD, YYYY')), '1', 'YYJ', TO_TIMESTAMP_TZ('May 16, 2012 18:00 -08:00', 'MON DD, YYYY HH24:MI TZH:TZM'), 'departed at 18:00');
INSERT INTO Arrivals VALUES((SELECT id FROM FlightInstances WHERE airlineCode='AC' AND flightNumber=8076 AND flightDate=TO_DATE('May 16, 2012', 'MON DD, YYYY')), 'A1', 'YVR', TO_TIMESTAMP_TZ('May 16, 2012 18:23 -08:00', 'MON DD, YYYY HH24:MI TZH:TZM'), 'arrived at 18:23');
-- INSERT INTO Flights VALUES ('AC',8078,'YYJ','YVR','BDH3',TO_TIMESTAMP_TZ('Jan 15, 1980 19:00 -08:00','MON DD, YYYY HH24:MI TZH:TZM'),TO_TIMESTAMP_TZ('Jan 15, 1980 19:23 -08:00','MON DD, YYYY HH24:MI TZH:TZM'));
INSERT INTO Departures VALUES((SELECT id FROM FlightInstances WHERE airlineCode='AC' AND flightNumber=8078 AND flightDate=TO_DATE('May 16, 2012', 'MON DD, YYYY')), '1', 'YYJ', TO_TIMESTAMP_TZ('May 16, 2012 19:00 -08:00', 'MON DD, YYYY HH24:MI TZH:TZM'), 'departed at 19:00');
INSERT INTO Arrivals VALUES((SELECT id FROM FlightInstances WHERE airlineCode='AC' AND flightNumber=8078 AND flightDate=TO_DATE('May 16, 2012', 'MON DD, YYYY')), 'A1', 'YVR', TO_TIMESTAMP_TZ('May 16, 2012 19:23 -08:00', 'MON DD, YYYY HH24:MI TZH:TZM'), 'arrived at 19:23');
-- INSERT INTO Flights VALUES ('AC',8080,'YYJ','YVR','BDH3',TO_TIMESTAMP_TZ('Jan 15, 1980 20:00 -08:00','MON DD, YYYY HH24:MI TZH:TZM'),TO_TIMESTAMP_TZ('Jan 15, 1980 20:23 -08:00','MON DD, YYYY HH24:MI TZH:TZM'));
INSERT INTO Departures VALUES((SELECT id FROM FlightInstances WHERE airlineCode='AC' AND flightNumber=8080 AND flightDate=TO_DATE('May 16, 2012', 'MON DD, YYYY')), '1', 'YYJ', TO_TIMESTAMP_TZ('May 16, 2012 20:00 -08:00', 'MON DD, YYYY HH24:MI TZH:TZM'), 'departed at 20:00');
INSERT INTO Arrivals VALUES((SELECT id FROM FlightInstances WHERE airlineCode='AC' AND flightNumber=8080 AND flightDate=TO_DATE('May 16, 2012', 'MON DD, YYYY')), 'A1', 'YVR', TO_TIMESTAMP_TZ('May 16, 2012 20:23 -08:00', 'MON DD, YYYY HH24:MI TZH:TZM'), 'arrived at 20:23');
-- INSERT INTO Flights VALUES ('WS',354,'YYJ','YYC','B737',TO_TIMESTAMP_TZ('Jan 15, 1980 07:00 -08:00','MON DD, YYYY HH24:MI TZH:TZM'),TO_TIMESTAMP_TZ('Jan 15, 1980 09:19 -07:00','MON DD, YYYY HH24:MI TZH:TZM'));
INSERT INTO Departures VALUES((SELECT id FROM FlightInstances WHERE airlineCode='WS' AND flightNumber=354 AND flightDate=TO_DATE('May 16, 2012', 'MON DD, YYYY')), '1', 'YYJ', TO_TIMESTAMP_TZ('May 16, 2012 07:00 -08:00', 'MON DD, YYYY HH24:MI TZH:TZM'), 'departed at 07:00');
INSERT INTO Arrivals VALUES((SELECT id FROM FlightInstances WHERE airlineCode='WS' AND flightNumber=354 AND flightDate=TO_DATE('May 16, 2012', 'MON DD, YYYY')), 'A1', 'YYC', TO_TIMESTAMP_TZ('May 16, 2012 09:19 -07:00', 'MON DD, YYYY HH24:MI TZH:TZM'), 'arrived at 09:19');
-- INSERT INTO Flights VALUES ('WS',196,'YYJ','YYC','B737',TO_TIMESTAMP_TZ('Jan 15, 1980 12:40 -08:00','MON DD, YYYY HH24:MI TZH:TZM'),TO_TIMESTAMP_TZ('Jan 15, 1980 14:59 -07:00','MON DD, YYYY HH24:MI TZH:TZM'));
INSERT INTO Departures VALUES((SELECT id FROM FlightInstances WHERE airlineCode='WS' AND flightNumber=196 AND flightDate=TO_DATE('May 16, 2012', 'MON DD, YYYY')), '1', 'YYJ', TO_TIMESTAMP_TZ('May 16, 2012 12:40 -08:00', 'MON DD, YYYY HH24:MI TZH:TZM'), 'departed at 12:40');
INSERT INTO Arrivals VALUES((SELECT id FROM FlightInstances WHERE airlineCode='WS' AND flightNumber=196 AND flightDate=TO_DATE('May 16, 2012', 'MON DD, YYYY')), 'A1', 'YYC', TO_TIMESTAMP_TZ('May 16, 2012 14:59 -07:00', 'MON DD, YYYY HH24:MI TZH:TZM'), 'arrived at 14:59');
-- INSERT INTO Flights VALUES ('WS',502,'YYJ','YYC','B737',TO_TIMESTAMP_TZ('Jan 15, 1980 18:10 -08:00','MON DD, YYYY HH24:MI TZH:TZM'),TO_TIMESTAMP_TZ('Jan 15, 1980 20:29 -07:00','MON DD, YYYY HH24:MI TZH:TZM'));
INSERT INTO Departures VALUES((SELECT id FROM FlightInstances WHERE airlineCode='WS' AND flightNumber=502 AND flightDate=TO_DATE('May 16, 2012', 'MON DD, YYYY')), '1', 'YYJ', TO_TIMESTAMP_TZ('May 16, 2012 18:10 -08:00', 'MON DD, YYYY HH24:MI TZH:TZM'), 'departed at 18:10');
INSERT INTO Arrivals VALUES((SELECT id FROM FlightInstances WHERE airlineCode='WS' AND flightNumber=502 AND flightDate=TO_DATE('May 16, 2012', 'MON DD, YYYY')), 'A1', 'YYC', TO_TIMESTAMP_TZ('May 16, 2012 20:29 -07:00', 'MON DD, YYYY HH24:MI TZH:TZM'), 'arrived at 20:29');
-- INSERT INTO Flights VALUES ('WS',508,'YYJ','YYC','B738',TO_TIMESTAMP_TZ('Jan 15, 1980 20:10 -08:00','MON DD, YYYY HH24:MI TZH:TZM'),TO_TIMESTAMP_TZ('Jan 15, 1980 22:29 -07:00','MON DD, YYYY HH24:MI TZH:TZM'));
INSERT INTO Departures VALUES((SELECT id FROM FlightInstances WHERE airlineCode='WS' AND flightNumber=508 AND flightDate=TO_DATE('May 16, 2012', 'MON DD, YYYY')), '1', 'YYJ', TO_TIMESTAMP_TZ('May 16, 2012 20:10 -08:00', 'MON DD, YYYY HH24:MI TZH:TZM'), 'departed at 20:10');
INSERT INTO Arrivals VALUES((SELECT id FROM FlightInstances WHERE airlineCode='WS' AND flightNumber=508 AND flightDate=TO_DATE('May 16, 2012', 'MON DD, YYYY')), 'A1', 'YYC', TO_TIMESTAMP_TZ('May 16, 2012 22:29 -07:00', 'MON DD, YYYY HH24:MI TZH:TZM'), 'arrived at 22:29');
-- INSERT INTO Flights VALUES ('WS',614,'YYJ','YEG','B737',TO_TIMESTAMP_TZ('Jan 15, 1980 09:00 -08:00','MON DD, YYYY HH24:MI TZH:TZM'),TO_TIMESTAMP_TZ('Jan 15, 1980 11:28 -07:00','MON DD, YYYY HH24:MI TZH:TZM'));
INSERT INTO Departures VALUES((SELECT id FROM FlightInstances WHERE airlineCode='WS' AND flightNumber=614 AND flightDate=TO_DATE('May 16, 2012', 'MON DD, YYYY')), '1', 'YYJ', TO_TIMESTAMP_TZ('May 16, 2012 09:00 -08:00', 'MON DD, YYYY HH24:MI TZH:TZM'), 'departed at 09:00');
INSERT INTO Arrivals VALUES((SELECT id FROM FlightInstances WHERE airlineCode='WS' AND flightNumber=614 AND flightDate=TO_DATE('May 16, 2012', 'MON DD, YYYY')), 'A1', 'YEG', TO_TIMESTAMP_TZ('May 16, 2012 11:28 -07:00', 'MON DD, YYYY HH24:MI TZH:TZM'), 'arrived at 11:28');
-- INSERT INTO Flights VALUES ('WS',336,'YYJ','YEG','B737',TO_TIMESTAMP_TZ('Jan 15, 1980 14:00 -08:00','MON DD, YYYY HH24:MI TZH:TZM'),TO_TIMESTAMP_TZ('Jan 15, 1980 16:28 -07:00','MON DD, YYYY HH24:MI TZH:TZM'));
INSERT INTO Departures VALUES((SELECT id FROM FlightInstances WHERE airlineCode='WS' AND flightNumber=336 AND flightDate=TO_DATE('May 16, 2012', 'MON DD, YYYY')), '1', 'YYJ', TO_TIMESTAMP_TZ('May 16, 2012 14:00 -08:00', 'MON DD, YYYY HH24:MI TZH:TZM'), 'departed at 14:00');
INSERT INTO Arrivals VALUES((SELECT id FROM FlightInstances WHERE airlineCode='WS' AND flightNumber=336 AND flightDate=TO_DATE('May 16, 2012', 'MON DD, YYYY')), 'A1', 'YEG', TO_TIMESTAMP_TZ('May 16, 2012 16:28 -07:00', 'MON DD, YYYY HH24:MI TZH:TZM'), 'arrived at 16:28');
-- INSERT INTO Flights VALUES ('WS',192,'YYJ','YEG','B737',TO_TIMESTAMP_TZ('Jan 15, 1980 19:30 -08:00','MON DD, YYYY HH24:MI TZH:TZM'),TO_TIMESTAMP_TZ('Jan 15, 1980 21:58 -07:00','MON DD, YYYY HH24:MI TZH:TZM'));
INSERT INTO Departures VALUES((SELECT id FROM FlightInstances WHERE airlineCode='WS' AND flightNumber=192 AND flightDate=TO_DATE('May 16, 2012', 'MON DD, YYYY')), '1', 'YYJ', TO_TIMESTAMP_TZ('May 16, 2012 19:30 -08:00', 'MON DD, YYYY HH24:MI TZH:TZM'), 'departed at 19:30');
INSERT INTO Arrivals VALUES((SELECT id FROM FlightInstances WHERE airlineCode='WS' AND flightNumber=192 AND flightDate=TO_DATE('May 16, 2012', 'MON DD, YYYY')), 'A1', 'YEG', TO_TIMESTAMP_TZ('May 16, 2012 21:58 -07:00', 'MON DD, YYYY HH24:MI TZH:TZM'), 'arrived at 21:58');
-- INSERT INTO Flights VALUES ('WS',312,'YYJ','YLW','B737',TO_TIMESTAMP_TZ('Jan 15, 1980 09:15 -08:00','MON DD, YYYY HH24:MI TZH:TZM'),TO_TIMESTAMP_TZ('Jan 15, 1980 10:13 -08:00','MON DD, YYYY HH24:MI TZH:TZM'));
INSERT INTO Departures VALUES((SELECT id FROM FlightInstances WHERE airlineCode='WS' AND flightNumber=312 AND flightDate=TO_DATE('May 16, 2012', 'MON DD, YYYY')), '1', 'YYJ', TO_TIMESTAMP_TZ('May 16, 2012 09:15 -08:00', 'MON DD, YYYY HH24:MI TZH:TZM'), 'departed at 19:30');
INSERT INTO Arrivals VALUES((SELECT id FROM FlightInstances WHERE airlineCode='WS' AND flightNumber=312 AND flightDate=TO_DATE('May 16, 2012', 'MON DD, YYYY')), '1', 'YLW', TO_TIMESTAMP_TZ('May 16, 2012 10:13 -08:00', 'MON DD, YYYY HH24:MI TZH:TZM'), 'arrived at 21:58');
-- INSERT INTO Flights VALUES ('WS',650,'YYJ','YYZ','B737',TO_TIMESTAMP_TZ('Jan 15, 1980 11:35 -08:00','MON DD, YYYY HH24:MI TZH:TZM'),TO_TIMESTAMP_TZ('Jan 15, 1980 19:00 -05:00','MON DD, YYYY HH24:MI TZH:TZM'));
INSERT INTO Departures VALUES((SELECT id FROM FlightInstances WHERE airlineCode='WS' AND flightNumber=650 AND flightDate=TO_DATE('May 16, 2012', 'MON DD, YYYY')), '1', 'YYJ', TO_TIMESTAMP_TZ('May 16, 2012 11:35 -08:00', 'MON DD, YYYY HH24:MI TZH:TZM'), 'departed at 11:35');
INSERT INTO Arrivals VALUES((SELECT id FROM FlightInstances WHERE airlineCode='WS' AND flightNumber=650 AND flightDate=TO_DATE('May 16, 2012', 'MON DD, YYYY')), 'A8', 'YYZ', TO_TIMESTAMP_TZ('May 16, 2012 19:00 -05:00', 'MON DD, YYYY HH24:MI TZH:TZM'), 'arrived at 19:00');
-- INSERT INTO Flights VALUES ('WS',197,'YLW','YYJ','B737',TO_TIMESTAMP_TZ('Jan 15, 1980 18:00 -08:00','MON DD, YYYY HH24:MI TZH:TZM'),TO_TIMESTAMP_TZ('Jan 15, 1980 18:55 -08:00','MON DD, YYYY HH24:MI TZH:TZM'));
INSERT INTO Departures VALUES((SELECT id FROM FlightInstances WHERE airlineCode='WS' AND flightNumber=197 AND flightDate=TO_DATE('May 16, 2012', 'MON DD, YYYY')), '1', 'YLW', TO_TIMESTAMP_TZ('May 16, 2012 18:00 -08:00', 'MON DD, YYYY HH24:MI TZH:TZM'), 'departed at 18:00');
INSERT INTO Arrivals VALUES((SELECT id FROM FlightInstances WHERE airlineCode='WS' AND flightNumber=197 AND flightDate=TO_DATE('May 16, 2012', 'MON DD, YYYY')), '1', 'YYJ', TO_TIMESTAMP_TZ('May 16, 2012 18:55 -08:00', 'MON DD, YYYY HH24:MI TZH:TZM'), 'arrived at 18:55');
-- INSERT INTO Flights VALUES ('WS',546,'YYZ','YYJ','B737',TO_TIMESTAMP_TZ('Jan 15, 1980 08:45 -05:00','MON DD, YYYY HH24:MI TZH:TZM'),TO_TIMESTAMP_TZ('Jan 15, 1980 10:51 -08:00','MON DD, YYYY HH24:MI TZH:TZM'));
INSERT INTO Departures VALUES((SELECT id FROM FlightInstances WHERE airlineCode='WS' AND flightNumber=546 AND flightDate=TO_DATE('May 16, 2012', 'MON DD, YYYY')), 'A8', 'YYZ', TO_TIMESTAMP_TZ('May 16, 2012 08:45 -05:00', 'MON DD, YYYY HH24:MI TZH:TZM'), 'departed at 08:45');
INSERT INTO Arrivals VALUES((SELECT id FROM FlightInstances WHERE airlineCode='WS' AND flightNumber=546 AND flightDate=TO_DATE('May 16, 2012', 'MON DD, YYYY')), '1', 'YYJ', TO_TIMESTAMP_TZ('May 16, 2012 10:51 -08:00', 'MON DD, YYYY HH24:MI TZH:TZM'), 'arrived at 10:51');
-- INSERT INTO Flights VALUES ('WS',413,'YEG','YYJ','B737',TO_TIMESTAMP_TZ('Jan 15, 1980 08:05 -07:00','MON DD, YYYY HH24:MI TZH:TZM'),TO_TIMESTAMP_TZ('Jan 15, 1980 08:40 -08:00','MON DD, YYYY HH24:MI TZH:TZM'));
INSERT INTO Departures VALUES((SELECT id FROM FlightInstances WHERE airlineCode='WS' AND flightNumber=413 AND flightDate=TO_DATE('May 16, 2012', 'MON DD, YYYY')), 'A1', 'YEG', TO_TIMESTAMP_TZ('May 16, 2012 08:05 -07:00', 'MON DD, YYYY HH24:MI TZH:TZM'), 'departed at 08:05');
INSERT INTO Arrivals VALUES((SELECT id FROM FlightInstances WHERE airlineCode='WS' AND flightNumber=413 AND flightDate=TO_DATE('May 16, 2012', 'MON DD, YYYY')), '1', 'YYJ', TO_TIMESTAMP_TZ('May 16, 2012 08:40 -08:00', 'MON DD, YYYY HH24:MI TZH:TZM'), 'arrived at 08:40');
-- INSERT INTO Flights VALUES ('WS',335,'YEG','YYJ','B737',TO_TIMESTAMP_TZ('Jan 15, 1980 11:30 -07:00','MON DD, YYYY HH24:MI TZH:TZM'),TO_TIMESTAMP_TZ('Jan 15, 1980 12:05 -08:00','MON DD, YYYY HH24:MI TZH:TZM'));
INSERT INTO Departures VALUES((SELECT id FROM FlightInstances WHERE airlineCode='WS' AND flightNumber=335 AND flightDate=TO_DATE('May 16, 2012', 'MON DD, YYYY')), 'A1', 'YEG', TO_TIMESTAMP_TZ('May 16, 2012 11:30 -07:00', 'MON DD, YYYY HH24:MI TZH:TZM'), 'departed at 11:30');
INSERT INTO Arrivals VALUES((SELECT id FROM FlightInstances WHERE airlineCode='WS' AND flightNumber=335 AND flightDate=TO_DATE('May 16, 2012', 'MON DD, YYYY')), '1', 'YYJ', TO_TIMESTAMP_TZ('May 16, 2012 12:05 -08:00', 'MON DD, YYYY HH24:MI TZH:TZM'), 'arrived at 12:05');
-- INSERT INTO Flights VALUES ('WS',615,'YEG','YYJ','B737',TO_TIMESTAMP_TZ('Jan 15, 1980 17:00 -07:00','MON DD, YYYY HH24:MI TZH:TZM'),TO_TIMESTAMP_TZ('Jan 15, 1980 17:35 -08:00','MON DD, YYYY HH24:MI TZH:TZM'));
INSERT INTO Departures VALUES((SELECT id FROM FlightInstances WHERE airlineCode='WS' AND flightNumber=615 AND flightDate=TO_DATE('May 16, 2012', 'MON DD, YYYY')), 'A1', 'YEG', TO_TIMESTAMP_TZ('May 16, 2012 17:00 -07:00', 'MON DD, YYYY HH24:MI TZH:TZM'), 'departed at 17:00');
INSERT INTO Arrivals VALUES((SELECT id FROM FlightInstances WHERE airlineCode='WS' AND flightNumber=615 AND flightDate=TO_DATE('May 16, 2012', 'MON DD, YYYY')), '1', 'YYJ', TO_TIMESTAMP_TZ('May 16, 2012 17:35 -08:00', 'MON DD, YYYY HH24:MI TZH:TZM'), 'arrived at 17:35');
-- INSERT INTO Flights VALUES ('WS',209,'YYC','YYJ','B737',TO_TIMESTAMP_TZ('Jan 15, 1980 08:00 -07:00','MON DD, YYYY HH24:MI TZH:TZM'),TO_TIMESTAMP_TZ('Jan 15, 1980 08:27 -08:00','MON DD, YYYY HH24:MI TZH:TZM'));
INSERT INTO Departures VALUES((SELECT id FROM FlightInstances WHERE airlineCode='WS' AND flightNumber=209 AND flightDate=TO_DATE('May 16, 2012', 'MON DD, YYYY')), 'A1', 'YYC', TO_TIMESTAMP_TZ('May 16, 2012 08:00 -07:00', 'MON DD, YYYY HH24:MI TZH:TZM'), 'departed at 08:00');
INSERT INTO Arrivals VALUES((SELECT id FROM FlightInstances WHERE airlineCode='WS' AND flightNumber=209 AND flightDate=TO_DATE('May 16, 2012', 'MON DD, YYYY')), '1', 'YYJ', TO_TIMESTAMP_TZ('May 16, 2012 08:27 -08:00', 'MON DD, YYYY HH24:MI TZH:TZM'), 'arrived at 08:27');
-- INSERT INTO Flights VALUES ('WS',449,'YYC','YYJ','B737',TO_TIMESTAMP_TZ('Jan 15, 1980 12:50 -07:00','MON DD, YYYY HH24:MI TZH:TZM'),TO_TIMESTAMP_TZ('Jan 15, 1980 13:17 -08:00','MON DD, YYYY HH24:MI TZH:TZM'));
INSERT INTO Departures VALUES((SELECT id FROM FlightInstances WHERE airlineCode='WS' AND flightNumber=449 AND flightDate=TO_DATE('May 16, 2012', 'MON DD, YYYY')), 'A1', 'YYC', TO_TIMESTAMP_TZ('May 16, 2012 12:50 -07:00', 'MON DD, YYYY HH24:MI TZH:TZM'), 'departed at 12:50');
INSERT INTO Arrivals VALUES((SELECT id FROM FlightInstances WHERE airlineCode='WS' AND flightNumber=449 AND flightDate=TO_DATE('May 16, 2012', 'MON DD, YYYY')), '1', 'YYJ', TO_TIMESTAMP_TZ('May 16, 2012 13:17 -08:00', 'MON DD, YYYY HH24:MI TZH:TZM'), 'arrived at 13:17');
-- INSERT INTO Flights VALUES ('WS',221,'YYC','YYJ','B738',TO_TIMESTAMP_TZ('Jan 15, 1980 19:05 -07:00','MON DD, YYYY HH24:MI TZH:TZM'),TO_TIMESTAMP_TZ('Jan 15, 1980 19:32 -08:00','MON DD, YYYY HH24:MI TZH:TZM'));
INSERT INTO Departures VALUES((SELECT id FROM FlightInstances WHERE airlineCode='WS' AND flightNumber=221 AND flightDate=TO_DATE('May 16, 2012', 'MON DD, YYYY')), 'A1', 'YYC', TO_TIMESTAMP_TZ('May 16, 2012 19:05 -07:00', 'MON DD, YYYY HH24:MI TZH:TZM'), 'departed at 19:05');
INSERT INTO Arrivals VALUES((SELECT id FROM FlightInstances WHERE airlineCode='WS' AND flightNumber=221 AND flightDate=TO_DATE('May 16, 2012', 'MON DD, YYYY')), '1', 'YYJ', TO_TIMESTAMP_TZ('May 16, 2012 19:23 -08:00', 'MON DD, YYYY HH24:MI TZH:TZM'), 'arrived at 19:32');
-- INSERT INTO Flights VALUES ('WS',751,'YYC','YYJ','B737',TO_TIMESTAMP_TZ('Jan 15, 1980 22:30 -07:00','MON DD, YYYY HH24:MI TZH:TZM'),TO_TIMESTAMP_TZ('Jan 15, 1980 22:57 -08:00','MON DD, YYYY HH24:MI TZH:TZM'));
INSERT INTO Departures VALUES((SELECT id FROM FlightInstances WHERE airlineCode='WS' AND flightNumber=751 AND flightDate=TO_DATE('May 16, 2012', 'MON DD, YYYY')), 'A1', 'YYC', TO_TIMESTAMP_TZ('May 16, 2012 22:30 -07:00', 'MON DD, YYYY HH24:MI TZH:TZM'), 'departed at 22:30');
INSERT INTO Arrivals VALUES((SELECT id FROM FlightInstances WHERE airlineCode='WS' AND flightNumber=751 AND flightDate=TO_DATE('May 16, 2012', 'MON DD, YYYY')), '1', 'YYJ', TO_TIMESTAMP_TZ('May 16, 2012 22:57 -08:00', 'MON DD, YYYY HH24:MI TZH:TZM'), 'arrived at 22:57');
-- INSERT INTO Flights VALUES ('AS',2381,'YYJ','SEA','BDH4',TO_TIMESTAMP_TZ('Jan 15, 1980 06:00 -08:00','MON DD, YYYY HH24:MI TZH:TZM'),TO_TIMESTAMP_TZ('Jan 15, 1980 06:40 -08:00','MON DD, YYYY HH24:MI TZH:TZM'));
INSERT INTO Departures VALUES((SELECT id FROM FlightInstances WHERE airlineCode='AS' AND flightNumber=2381 AND flightDate=TO_DATE('May 16, 2012', 'MON DD, YYYY')), '1', 'YYJ', TO_TIMESTAMP_TZ('May 16, 2012 06:00 -08:00', 'MON DD, YYYY HH24:MI TZH:TZM'), 'departed at 06:00');
INSERT INTO Arrivals VALUES((SELECT id FROM FlightInstances WHERE airlineCode='AS' AND flightNumber=2381 AND flightDate=TO_DATE('May 16, 2012', 'MON DD, YYYY')), 'A1', 'SEA', TO_TIMESTAMP_TZ('May 16, 2012 06:40 -08:00', 'MON DD, YYYY HH24:MI TZH:TZM'), 'arrived at 06:40');
-- INSERT INTO Flights VALUES ('AS',2383,'YYJ','SEA','BDH4',TO_TIMESTAMP_TZ('Jan 15, 1980 09:05 -08:00','MON DD, YYYY HH24:MI TZH:TZM'),TO_TIMESTAMP_TZ('Jan 15, 1980 09:45 -08:00','MON DD, YYYY HH24:MI TZH:TZM'));
INSERT INTO Departures VALUES((SELECT id FROM FlightInstances WHERE airlineCode='AS' AND flightNumber=2383 AND flightDate=TO_DATE('May 16, 2012', 'MON DD, YYYY')), '1', 'YYJ', TO_TIMESTAMP_TZ('May 16, 2012 09:05 -08:00', 'MON DD, YYYY HH24:MI TZH:TZM'), 'departed at 09:05');
INSERT INTO Arrivals VALUES((SELECT id FROM FlightInstances WHERE airlineCode='AS' AND flightNumber=2383 AND flightDate=TO_DATE('May 16, 2012', 'MON DD, YYYY')), 'A1', 'SEA', TO_TIMESTAMP_TZ('May 16, 2012 09:45 -08:00', 'MON DD, YYYY HH24:MI TZH:TZM'), 'arrived at 09:45');
-- INSERT INTO Flights VALUES ('AS',2385,'YYJ','SEA','BDH4',TO_TIMESTAMP_TZ('Jan 15, 1980 12:20 -08:00','MON DD, YYYY HH24:MI TZH:TZM'),TO_TIMESTAMP_TZ('Jan 15, 1980 13:01 -08:00','MON DD, YYYY HH24:MI TZH:TZM'));
INSERT INTO Departures VALUES((SELECT id FROM FlightInstances WHERE airlineCode='AS' AND flightNumber=2385 AND flightDate=TO_DATE('May 16, 2012', 'MON DD, YYYY')), '1', 'YYJ', TO_TIMESTAMP_TZ('May 16, 2012 12:20 -08:00', 'MON DD, YYYY HH24:MI TZH:TZM'), 'departed at 12:20');
INSERT INTO Arrivals VALUES((SELECT id FROM FlightInstances WHERE airlineCode='AS' AND flightNumber=2385 AND flightDate=TO_DATE('May 16, 2012', 'MON DD, YYYY')), 'A1', 'SEA', TO_TIMESTAMP_TZ('May 16, 2012 13:01 -08:00', 'MON DD, YYYY HH24:MI TZH:TZM'), 'arrived at 13:01');
-- INSERT INTO Flights VALUES ('AS',2387,'YYJ','SEA','BDH4',TO_TIMESTAMP_TZ('Jan 15, 1980 15:40 -08:00','MON DD, YYYY HH24:MI TZH:TZM'),TO_TIMESTAMP_TZ('Jan 15, 1980 16:20 -08:00','MON DD, YYYY HH24:MI TZH:TZM'));
INSERT INTO Departures VALUES((SELECT id FROM FlightInstances WHERE airlineCode='AS' AND flightNumber=2387 AND flightDate=TO_DATE('May 16, 2012', 'MON DD, YYYY')), '1', 'YYJ', TO_TIMESTAMP_TZ('May 16, 2012 15:40 -08:00', 'MON DD, YYYY HH24:MI TZH:TZM'), 'departed at 15:40');
INSERT INTO Arrivals VALUES((SELECT id FROM FlightInstances WHERE airlineCode='AS' AND flightNumber=2387 AND flightDate=TO_DATE('May 16, 2012', 'MON DD, YYYY')), 'A1', 'SEA', TO_TIMESTAMP_TZ('May 16, 2012 16:20 -08:00', 'MON DD, YYYY HH24:MI TZH:TZM'), 'arrived at 16:20');
-- INSERT INTO Flights VALUES ('AS',2389,'YYJ','SEA','BDH4',TO_TIMESTAMP_TZ('Jan 15, 1980 18:50 -08:00','MON DD, YYYY HH24:MI TZH:TZM'),TO_TIMESTAMP_TZ('Jan 15, 1980 19:30 -08:00','MON DD, YYYY HH24:MI TZH:TZM'));
INSERT INTO Departures VALUES((SELECT id FROM FlightInstances WHERE airlineCode='AS' AND flightNumber=2389 AND flightDate=TO_DATE('May 16, 2012', 'MON DD, YYYY')), '1', 'YYJ', TO_TIMESTAMP_TZ('May 16, 2012 18:50 -08:00', 'MON DD, YYYY HH24:MI TZH:TZM'), 'departed at 18:50');
INSERT INTO Arrivals VALUES((SELECT id FROM FlightInstances WHERE airlineCode='AS' AND flightNumber=2389 AND flightDate=TO_DATE('May 16, 2012', 'MON DD, YYYY')), 'A1', 'SEA', TO_TIMESTAMP_TZ('May 16, 2012 19:30 -08:00', 'MON DD, YYYY HH24:MI TZH:TZM'), 'arrived at 19:30');
-- INSERT INTO Flights VALUES ('AS',2382,'SEA','YYJ','BDH4',TO_TIMESTAMP_TZ('Jan 15, 1980 07:50 -08:00','MON DD, YYYY HH24:MI TZH:TZM'),TO_TIMESTAMP_TZ('Jan 15, 1980 08:29 -08:00','MON DD, YYYY HH24:MI TZH:TZM'));
INSERT INTO Departures VALUES((SELECT id FROM FlightInstances WHERE airlineCode='AS' AND flightNumber=2382 AND flightDate=TO_DATE('May 16, 2012', 'MON DD, YYYY')), 'A1', 'SEA', TO_TIMESTAMP_TZ('May 16, 2012 07:50 -08:00', 'MON DD, YYYY HH24:MI TZH:TZM'), 'departed at 07:50');
INSERT INTO Arrivals VALUES((SELECT id FROM FlightInstances WHERE airlineCode='AS' AND flightNumber=2382 AND flightDate=TO_DATE('May 16, 2012', 'MON DD, YYYY')), '1', 'YYJ', TO_TIMESTAMP_TZ('May 16, 2012 08:29 -08:00', 'MON DD, YYYY HH24:MI TZH:TZM'), 'arrived at 08:29');
-- INSERT INTO Flights VALUES ('AS',2384,'SEA','YYJ','BDH4',TO_TIMESTAMP_TZ('Jan 15, 1980 11:00 -08:00','MON DD, YYYY HH24:MI TZH:TZM'),TO_TIMESTAMP_TZ('Jan 15, 1980 11:45 -08:00','MON DD, YYYY HH24:MI TZH:TZM'));
INSERT INTO Departures VALUES((SELECT id FROM FlightInstances WHERE airlineCode='AS' AND flightNumber=2384 AND flightDate=TO_DATE('May 16, 2012', 'MON DD, YYYY')), 'A1', 'SEA', TO_TIMESTAMP_TZ('May 16, 2012 11:00 -08:00', 'MON DD, YYYY HH24:MI TZH:TZM'), 'departed at 11:00');
INSERT INTO Arrivals VALUES((SELECT id FROM FlightInstances WHERE airlineCode='AS' AND flightNumber=2384 AND flightDate=TO_DATE('May 16, 2012', 'MON DD, YYYY')), '1', 'YYJ', TO_TIMESTAMP_TZ('May 16, 2012 11:45 -08:00', 'MON DD, YYYY HH24:MI TZH:TZM'), 'arrived at 11:45');
-- INSERT INTO Flights VALUES ('AS',2386,'SEA','YYJ','BDH4',TO_TIMESTAMP_TZ('Jan 15, 1980 14:20 -08:00','MON DD, YYYY HH24:MI TZH:TZM'),TO_TIMESTAMP_TZ('Jan 15, 1980 15:04 -08:00','MON DD, YYYY HH24:MI TZH:TZM'));
INSERT INTO Departures VALUES((SELECT id FROM FlightInstances WHERE airlineCode='AS' AND flightNumber=2386 AND flightDate=TO_DATE('May 16, 2012', 'MON DD, YYYY')), 'A1', 'SEA', TO_TIMESTAMP_TZ('May 16, 2012 14:20 -08:00', 'MON DD, YYYY HH24:MI TZH:TZM'), 'departed at 14:20');
INSERT INTO Arrivals VALUES((SELECT id FROM FlightInstances WHERE airlineCode='AS' AND flightNumber=2386 AND flightDate=TO_DATE('May 16, 2012', 'MON DD, YYYY')), '1', 'YYJ', TO_TIMESTAMP_TZ('May 16, 2012 15:04 -08:00', 'MON DD, YYYY HH24:MI TZH:TZM'), 'arrived at 15:04');
-- INSERT INTO Flights VALUES ('AS',2388,'SEA','YYJ','BDH4',TO_TIMESTAMP_TZ('Jan 15, 1980 17:32 -08:00','MON DD, YYYY HH24:MI TZH:TZM'),TO_TIMESTAMP_TZ('Jan 15, 1980 18:15 -08:00','MON DD, YYYY HH24:MI TZH:TZM'));
INSERT INTO Departures VALUES((SELECT id FROM FlightInstances WHERE airlineCode='AS' AND flightNumber=2388 AND flightDate=TO_DATE('May 16, 2012', 'MON DD, YYYY')), 'A1', 'SEA', TO_TIMESTAMP_TZ('May 16, 2012 17:32 -08:00', 'MON DD, YYYY HH24:MI TZH:TZM'), 'departed at 17:32');
INSERT INTO Arrivals VALUES((SELECT id FROM FlightInstances WHERE airlineCode='AS' AND flightNumber=2388 AND flightDate=TO_DATE('May 16, 2012', 'MON DD, YYYY')), '1', 'YYJ', TO_TIMESTAMP_TZ('May 16, 2012 18:15 -08:00', 'MON DD, YYYY HH24:MI TZH:TZM'), 'arrived at 18:15');
-- INSERT INTO Flights VALUES ('AS',2380,'SEA','YYJ','BDH4',TO_TIMESTAMP_TZ('Jan 15, 1980 23:00 -08:00','MON DD, YYYY HH24:MI TZH:TZM'),TO_TIMESTAMP_TZ('Jan 15, 1980 23:42 -08:00','MON DD, YYYY HH24:MI TZH:TZM'));
INSERT INTO Departures VALUES((SELECT id FROM FlightInstances WHERE airlineCode='AS' AND flightNumber=2380 AND flightDate=TO_DATE('May 16, 2012', 'MON DD, YYYY')), 'A1', 'SEA', TO_TIMESTAMP_TZ('May 16, 2012 23:00 -08:00', 'MON DD, YYYY HH24:MI TZH:TZM'), 'departed at 23:00');
INSERT INTO Arrivals VALUES((SELECT id FROM FlightInstances WHERE airlineCode='AS' AND flightNumber=2380 AND flightDate=TO_DATE('May 16, 2012', 'MON DD, YYYY')), '1', 'YYJ', TO_TIMESTAMP_TZ('May 16, 2012 23:42 -08:00', 'MON DD, YYYY HH24:MI TZH:TZM'), 'arrived at 23:42');
INSERT INTO Departures VALUES((SELECT id FROM FlightInstances WHERE airlineCode='AC' AND flightNumber=8551 AND flightDate=TO_DATE('May 17, 2012', 'MON DD, YYYY')), 'A1', 'YYC', TO_TIMESTAMP_TZ('May 17, 2012 07:40 -07:00', 'MON DD, YYYY HH24:MI TZH:TZM'), 'departed at 07:40');
INSERT INTO Arrivals VALUES((SELECT id FROM FlightInstances WHERE airlineCode='AC' AND flightNumber=8551 AND flightDate=TO_DATE('May 17, 2012', 'MON DD, YYYY')), '1', 'YYJ', TO_TIMESTAMP_TZ('May 17, 2012 08:09 -08:00', 'MON DD, YYYY HH24:MI TZH:TZM'), 'arrived at 08:09');
INSERT INTO Departures VALUES((SELECT id FROM FlightInstances WHERE airlineCode='AC' AND flightNumber=8553 AND flightDate=TO_DATE('May 17, 2012', 'MON DD, YYYY')), 'A2', 'YYC', TO_TIMESTAMP_TZ('May 17, 2012 11:25 -07:00', 'MON DD, YYYY HH24:MI TZH:TZM'), 'departed at 11:25');
INSERT INTO Arrivals VALUES((SELECT id FROM FlightInstances WHERE airlineCode='AC' AND flightNumber=8553 AND flightDate=TO_DATE('May 17, 2012', 'MON DD, YYYY')), '1', 'YYJ', TO_TIMESTAMP_TZ('May 17, 2012 11:54 -08:00', 'MON DD, YYYY HH24:MI TZH:TZM'), 'arrived at 11:54');
INSERT INTO Departures VALUES((SELECT id FROM FlightInstances WHERE airlineCode='AC' AND flightNumber=8555 AND flightDate=TO_DATE('May 17, 2012', 'MON DD, YYYY')), 'A2', 'YYC', TO_TIMESTAMP_TZ('May 17, 2012 16:25 -07:00', 'MON DD, YYYY HH24:MI TZH:TZM'), 'departed at 16:25');
INSERT INTO Arrivals VALUES((SELECT id FROM FlightInstances WHERE airlineCode='AC' AND flightNumber=8555 AND flightDate=TO_DATE('May 17, 2012', 'MON DD, YYYY')), '1', 'YYJ', TO_TIMESTAMP_TZ('May 17, 2012 16:54 -08:00', 'MON DD, YYYY HH24:MI TZH:TZM'), 'arrived at 16:54');
INSERT INTO Departures VALUES((SELECT id FROM FlightInstances WHERE airlineCode='AC' AND flightNumber=8559 AND flightDate=TO_DATE('May 17, 2012', 'MON DD, YYYY')), 'A2', 'YYC', TO_TIMESTAMP_TZ('May 17, 2012 18:45 -07:00', 'MON DD, YYYY HH24:MI TZH:TZM'), 'departed at 18:45');
INSERT INTO Arrivals VALUES((SELECT id FROM FlightInstances WHERE airlineCode='AC' AND flightNumber=8559 AND flightDate=TO_DATE('May 17, 2012', 'MON DD, YYYY')), '1', 'YYJ', TO_TIMESTAMP_TZ('May 17, 2012 19:14 -08:00', 'MON DD, YYYY HH24:MI TZH:TZM'), 'arrived at 19:14');
INSERT INTO Departures VALUES((SELECT id FROM FlightInstances WHERE airlineCode='AC' AND flightNumber=8197 AND flightDate=TO_DATE('May 17, 2012', 'MON DD, YYYY')), '1', 'YKA', TO_TIMESTAMP_TZ('May 17, 2012 17:15 -07:00', 'MON DD, YYYY HH24:MI TZH:TZM'), 'departed at 17:15');
INSERT INTO Arrivals VALUES((SELECT id FROM FlightInstances WHERE airlineCode='AC' AND flightNumber=8197 AND flightDate=TO_DATE('May 17, 2012', 'MON DD, YYYY')), '1', 'YYJ', TO_TIMESTAMP_TZ('May 17, 2012 19:22 -08:00', 'MON DD, YYYY HH24:MI TZH:TZM'), 'arrived at 19:22');
INSERT INTO Departures VALUES((SELECT id FROM FlightInstances WHERE airlineCode='AC' AND flightNumber=1191 AND flightDate=TO_DATE('May 17, 2012', 'MON DD, YYYY')), 'A1', 'YOW', TO_TIMESTAMP_TZ('May 17, 2012 07:00 -05:00', 'MON DD, YYYY HH24:MI TZH:TZM'), 'departed at 07:00');
INSERT INTO Arrivals VALUES((SELECT id FROM FlightInstances WHERE airlineCode='AC' AND flightNumber=1191 AND flightDate=TO_DATE('May 17, 2012', 'MON DD, YYYY')), '1', 'YYJ', TO_TIMESTAMP_TZ('May 17, 2012 10:56 -08:00', 'MON DD, YYYY HH24:MI TZH:TZM'), 'arrived at 10:56');
INSERT INTO Departures VALUES((SELECT id FROM FlightInstances WHERE airlineCode='AC' AND flightNumber=8557 AND flightDate=TO_DATE('May 17, 2012', 'MON DD, YYYY')), 'A1', 'YXE', TO_TIMESTAMP_TZ('May 17, 2012 16:50 -06:00', 'MON DD, YYYY HH24:MI TZH:TZM'), 'departed at 16:50');
INSERT INTO Arrivals VALUES((SELECT id FROM FlightInstances WHERE airlineCode='AC' AND flightNumber=8557 AND flightDate=TO_DATE('May 17, 2012', 'MON DD, YYYY')), '1', 'YYJ', TO_TIMESTAMP_TZ('May 17, 2012 19:14 -08:00', 'MON DD, YYYY HH24:MI TZH:TZM'), 'arrived at 19:14');
INSERT INTO Departures VALUES((SELECT id FROM FlightInstances WHERE airlineCode='AC' AND flightNumber=4401 AND flightDate=TO_DATE('May 17, 2012', 'MON DD, YYYY')), 'A1', 'SFO', TO_TIMESTAMP_TZ('May 17, 2012 10:33 -08:00', 'MON DD, YYYY HH24:MI TZH:TZM'), 'departed at 10:33');
INSERT INTO Arrivals VALUES((SELECT id FROM FlightInstances WHERE airlineCode='AC' AND flightNumber=4401 AND flightDate=TO_DATE('May 17, 2012', 'MON DD, YYYY')), '1', 'YYJ', TO_TIMESTAMP_TZ('May 17, 2012 12:50 -08:00', 'MON DD, YYYY HH24:MI TZH:TZM'), 'arrived at 12:50');
INSERT INTO Departures VALUES((SELECT id FROM FlightInstances WHERE airlineCode='AC' AND flightNumber=4403 AND flightDate=TO_DATE('May 17, 2012', 'MON DD, YYYY')), 'A1', 'SFO', TO_TIMESTAMP_TZ('May 17, 2012 19:46 -08:00', 'MON DD, YYYY HH24:MI TZH:TZM'), 'departed at 19:46');
INSERT INTO Arrivals VALUES((SELECT id FROM FlightInstances WHERE airlineCode='AC' AND flightNumber=4403 AND flightDate=TO_DATE('May 17, 2012', 'MON DD, YYYY')), '1', 'YYJ', TO_TIMESTAMP_TZ('May 17, 2012 22:03 -08:00', 'MON DD, YYYY HH24:MI TZH:TZM'), 'arrived at 22:03');
INSERT INTO Departures VALUES((SELECT id FROM FlightInstances WHERE airlineCode='AC' AND flightNumber=8059 AND flightDate=TO_DATE('May 17, 2012', 'MON DD, YYYY')), '1', 'YXT', TO_TIMESTAMP_TZ('May 17, 2012 06:25 -08:00', 'MON DD, YYYY HH24:MI TZH:TZM'), 'departed at 06:25');
INSERT INTO Arrivals VALUES((SELECT id FROM FlightInstances WHERE airlineCode='AC' AND flightNumber=8059 AND flightDate=TO_DATE('May 17, 2012', 'MON DD, YYYY')), '1', 'YYJ', TO_TIMESTAMP_TZ('May 17, 2012 09:23 -08:00', 'MON DD, YYYY HH24:MI TZH:TZM'), 'arrived at 09:23');
INSERT INTO Departures VALUES((SELECT id FROM FlightInstances WHERE airlineCode='AC' AND flightNumber=191 AND flightDate=TO_DATE('May 17, 2012', 'MON DD, YYYY')), 'A8', 'YYZ', TO_TIMESTAMP_TZ('May 17, 2012 18:05 -05:00', 'MON DD, YYYY HH24:MI TZH:TZM'), 'departed at 18:05');
INSERT INTO Arrivals VALUES((SELECT id FROM FlightInstances WHERE airlineCode='AC' AND flightNumber=191 AND flightDate=TO_DATE('May 17, 2012', 'MON DD, YYYY')), '1', 'YYJ', TO_TIMESTAMP_TZ('May 17, 2012 20:09 -08:00', 'MON DD, YYYY HH24:MI TZH:TZM'), 'arrived at 20:09');
INSERT INTO Departures VALUES((SELECT id FROM FlightInstances WHERE airlineCode='AC' AND flightNumber=1193 AND flightDate=TO_DATE('May 17, 2012', 'MON DD, YYYY')), 'A8', 'YYZ', TO_TIMESTAMP_TZ('May 17, 2012 20:55 -05:00', 'MON DD, YYYY HH24:MI TZH:TZM'), 'departed at 20:55');
INSERT INTO Arrivals VALUES((SELECT id FROM FlightInstances WHERE airlineCode='AC' AND flightNumber=1193 AND flightDate=TO_DATE('May 17, 2012', 'MON DD, YYYY')), '1', 'YYJ', TO_TIMESTAMP_TZ('May 17, 2012 23:06 -08:00', 'MON DD, YYYY HH24:MI TZH:TZM'), 'arrived at 23:06');
INSERT INTO Departures VALUES((SELECT id FROM FlightInstances WHERE airlineCode='AC' AND flightNumber=8055 AND flightDate=TO_DATE('May 17, 2012', 'MON DD, YYYY')), 'A1', 'YVR', TO_TIMESTAMP_TZ('May 17, 2012 07:00 -08:00', 'MON DD, YYYY HH24:MI TZH:TZM'), 'departed at 07:00');
INSERT INTO Arrivals VALUES((SELECT id FROM FlightInstances WHERE airlineCode='AC' AND flightNumber=8055 AND flightDate=TO_DATE('May 17, 2012', 'MON DD, YYYY')), '1', 'YYJ', TO_TIMESTAMP_TZ('May 17, 2012 07:24 -08:00', 'MON DD, YYYY HH24:MI TZH:TZM'), 'arrived at 07:24');
INSERT INTO Departures VALUES((SELECT id FROM FlightInstances WHERE airlineCode='AC' AND flightNumber=8057 AND flightDate=TO_DATE('May 17, 2012', 'MON DD, YYYY')), 'A1', 'YVR', TO_TIMESTAMP_TZ('May 17, 2012 08:00 -08:00', 'MON DD, YYYY HH24:MI TZH:TZM'), 'departed at 08:00');
INSERT INTO Arrivals VALUES((SELECT id FROM FlightInstances WHERE airlineCode='AC' AND flightNumber=8057 AND flightDate=TO_DATE('May 17, 2012', 'MON DD, YYYY')), '1', 'YYJ', TO_TIMESTAMP_TZ('May 17, 2012 08:24 -08:00', 'MON DD, YYYY HH24:MI TZH:TZM'), 'arrived at 08:24');
INSERT INTO Departures VALUES((SELECT id FROM FlightInstances WHERE airlineCode='AC' AND flightNumber=8061 AND flightDate=TO_DATE('May 17, 2012', 'MON DD, YYYY')), 'A1', 'YVR', TO_TIMESTAMP_TZ('May 17, 2012 10:00 -08:00', 'MON DD, YYYY HH24:MI TZH:TZM'), 'departed at 10:00');
INSERT INTO Arrivals VALUES((SELECT id FROM FlightInstances WHERE airlineCode='AC' AND flightNumber=8061 AND flightDate=TO_DATE('May 17, 2012', 'MON DD, YYYY')), '1', 'YYJ', TO_TIMESTAMP_TZ('May 17, 2012 10:23 -08:00', 'MON DD, YYYY HH24:MI TZH:TZM'), 'arrived at 10:23');
INSERT INTO Departures VALUES((SELECT id FROM FlightInstances WHERE airlineCode='AC' AND flightNumber=8063 AND flightDate=TO_DATE('May 17, 2012', 'MON DD, YYYY')), 'A1', 'YVR', TO_TIMESTAMP_TZ('May 17, 2012 11:00 -08:00', 'MON DD, YYYY HH24:MI TZH:TZM'), 'departed at 11:00');
INSERT INTO Arrivals VALUES((SELECT id FROM FlightInstances WHERE airlineCode='AC' AND flightNumber=8063 AND flightDate=TO_DATE('May 17, 2012', 'MON DD, YYYY')), '1', 'YYJ', TO_TIMESTAMP_TZ('May 17, 2012 11:22 -08:00', 'MON DD, YYYY HH24:MI TZH:TZM'), 'arrived at 11:22');
INSERT INTO Departures VALUES((SELECT id FROM FlightInstances WHERE airlineCode='AC' AND flightNumber=8051 AND flightDate=TO_DATE('May 17, 2012', 'MON DD, YYYY')), 'A1', 'YVR', TO_TIMESTAMP_TZ('May 17, 2012 11:30 -08:00', 'MON DD, YYYY HH24:MI TZH:TZM'), 'departed at 11:30');
INSERT INTO Arrivals VALUES((SELECT id FROM FlightInstances WHERE airlineCode='AC' AND flightNumber=8051 AND flightDate=TO_DATE('May 17, 2012', 'MON DD, YYYY')), '1', 'YYJ', TO_TIMESTAMP_TZ('May 17, 2012 11:53 -08:00', 'MON DD, YYYY HH24:MI TZH:TZM'), 'arrived at 11:53');
INSERT INTO Departures VALUES((SELECT id FROM FlightInstances WHERE airlineCode='AC' AND flightNumber=8065 AND flightDate=TO_DATE('May 17, 2012', 'MON DD, YYYY')), 'A1', 'YVR', TO_TIMESTAMP_TZ('May 17, 2012 12:00 -08:00', 'MON DD, YYYY HH24:MI TZH:TZM'), 'departed at 12:00');
INSERT INTO Arrivals VALUES((SELECT id FROM FlightInstances WHERE airlineCode='AC' AND flightNumber=8065 AND flightDate=TO_DATE('May 17, 2012', 'MON DD, YYYY')), '1', 'YYJ', TO_TIMESTAMP_TZ('May 17, 2012 12:22 -08:00', 'MON DD, YYYY HH24:MI TZH:TZM'), 'arrived at 12:22');
INSERT INTO Departures VALUES((SELECT id FROM FlightInstances WHERE airlineCode='AC' AND flightNumber=8085 AND flightDate=TO_DATE('May 17, 2012', 'MON DD, YYYY')), 'A1', 'YVR', TO_TIMESTAMP_TZ('May 17, 2012 12:30 -08:00', 'MON DD, YYYY HH24:MI TZH:TZM'), 'departed at 12:30');
INSERT INTO Arrivals VALUES((SELECT id FROM FlightInstances WHERE airlineCode='AC' AND flightNumber=8085 AND flightDate=TO_DATE('May 17, 2012', 'MON DD, YYYY')), '1', 'YYJ', TO_TIMESTAMP_TZ('May 17, 2012 12:53 -08:00', 'MON DD, YYYY HH24:MI TZH:TZM'), 'arrived at 12:53');
INSERT INTO Departures VALUES((SELECT id FROM FlightInstances WHERE airlineCode='AC' AND flightNumber=8067 AND flightDate=TO_DATE('May 17, 2012', 'MON DD, YYYY')), 'A1', 'YVR', TO_TIMESTAMP_TZ('May 17, 2012 13:00 -08:00', 'MON DD, YYYY HH24:MI TZH:TZM'), 'departed at 13:00');
INSERT INTO Arrivals VALUES((SELECT id FROM FlightInstances WHERE airlineCode='AC' AND flightNumber=8067 AND flightDate=TO_DATE('May 17, 2012', 'MON DD, YYYY')), '1', 'YYJ', TO_TIMESTAMP_TZ('May 17, 2012 13:22 -08:00', 'MON DD, YYYY HH24:MI TZH:TZM'), 'arrived at 13:22');
INSERT INTO Departures VALUES((SELECT id FROM FlightInstances WHERE airlineCode='AC' AND flightNumber=8053 AND flightDate=TO_DATE('May 17, 2012', 'MON DD, YYYY')), 'A1', 'YVR', TO_TIMESTAMP_TZ('May 17, 2012 13:30 -08:00', 'MON DD, YYYY HH24:MI TZH:TZM'), 'departed at 13:30');
INSERT INTO Arrivals VALUES((SELECT id FROM FlightInstances WHERE airlineCode='AC' AND flightNumber=8053 AND flightDate=TO_DATE('May 17, 2012', 'MON DD, YYYY')), '1', 'YYJ', TO_TIMESTAMP_TZ('May 17, 2012 13:52 -08:00', 'MON DD, YYYY HH24:MI TZH:TZM'), 'arrived at 13:52');
INSERT INTO Departures VALUES((SELECT id FROM FlightInstances WHERE airlineCode='AC' AND flightNumber=8069 AND flightDate=TO_DATE('May 17, 2012', 'MON DD, YYYY')), 'A1', 'YVR', TO_TIMESTAMP_TZ('May 17, 2012 14:00 -08:00', 'MON DD, YYYY HH24:MI TZH:TZM'), 'departed at 14:00');
INSERT INTO Arrivals VALUES((SELECT id FROM FlightInstances WHERE airlineCode='AC' AND flightNumber=8069 AND flightDate=TO_DATE('May 17, 2012', 'MON DD, YYYY')), '1', 'YYJ', TO_TIMESTAMP_TZ('May 17, 2012 14:22 -08:00', 'MON DD, YYYY HH24:MI TZH:TZM'), 'arrived at 14:22');
INSERT INTO Departures VALUES((SELECT id FROM FlightInstances WHERE airlineCode='AC' AND flightNumber=8071 AND flightDate=TO_DATE('May 17, 2012', 'MON DD, YYYY')), 'A1', 'YVR', TO_TIMESTAMP_TZ('May 17, 2012 15:00 -08:00', 'MON DD, YYYY HH24:MI TZH:TZM'), 'departed at 15:00');
INSERT INTO Arrivals VALUES((SELECT id FROM FlightInstances WHERE airlineCode='AC' AND flightNumber=8071 AND flightDate=TO_DATE('May 17, 2012', 'MON DD, YYYY')), '1', 'YYJ', TO_TIMESTAMP_TZ('May 17, 2012 15:23 -08:00', 'MON DD, YYYY HH24:MI TZH:TZM'), 'arrived at 15:23');
INSERT INTO Departures VALUES((SELECT id FROM FlightInstances WHERE airlineCode='AC' AND flightNumber=8161 AND flightDate=TO_DATE('May 17, 2012', 'MON DD, YYYY')), 'A1', 'YVR', TO_TIMESTAMP_TZ('May 17, 2012 15:30 -08:00', 'MON DD, YYYY HH24:MI TZH:TZM'), 'departed at 15:30');
INSERT INTO Arrivals VALUES((SELECT id FROM FlightInstances WHERE airlineCode='AC' AND flightNumber=8161 AND flightDate=TO_DATE('May 17, 2012', 'MON DD, YYYY')), '1', 'YYJ', TO_TIMESTAMP_TZ('May 17, 2012 15:53 -08:00', 'MON DD, YYYY HH24:MI TZH:TZM'), 'arrived at 15:53');
INSERT INTO Departures VALUES((SELECT id FROM FlightInstances WHERE airlineCode='AC' AND flightNumber=8073 AND flightDate=TO_DATE('May 17, 2012', 'MON DD, YYYY')), 'A1', 'YVR', TO_TIMESTAMP_TZ('May 17, 2012 16:00 -08:00', 'MON DD, YYYY HH24:MI TZH:TZM'), 'departed at 16:00');
INSERT INTO Arrivals VALUES((SELECT id FROM FlightInstances WHERE airlineCode='AC' AND flightNumber=8073 AND flightDate=TO_DATE('May 17, 2012', 'MON DD, YYYY')), '1', 'YYJ', TO_TIMESTAMP_TZ('May 17, 2012 16:22 -08:00', 'MON DD, YYYY HH24:MI TZH:TZM'), 'arrived at 16:22');
INSERT INTO Departures VALUES((SELECT id FROM FlightInstances WHERE airlineCode='AC' AND flightNumber=8091 AND flightDate=TO_DATE('May 17, 2012', 'MON DD, YYYY')), 'A1', 'YVR', TO_TIMESTAMP_TZ('May 17, 2012 16:30 -08:00', 'MON DD, YYYY HH24:MI TZH:TZM'), 'departed at 16:30');
INSERT INTO Arrivals VALUES((SELECT id FROM FlightInstances WHERE airlineCode='AC' AND flightNumber=8091 AND flightDate=TO_DATE('May 17, 2012', 'MON DD, YYYY')), '1', 'YYJ', TO_TIMESTAMP_TZ('May 17, 2012 16:52 -08:00', 'MON DD, YYYY HH24:MI TZH:TZM'), 'arrived at 16:52');
INSERT INTO Departures VALUES((SELECT id FROM FlightInstances WHERE airlineCode='AC' AND flightNumber=8075 AND flightDate=TO_DATE('May 17, 2012', 'MON DD, YYYY')), 'A1', 'YVR', TO_TIMESTAMP_TZ('May 17, 2012 17:00 -08:00', 'MON DD, YYYY HH24:MI TZH:TZM'), 'departed at 17:00');
INSERT INTO Arrivals VALUES((SELECT id FROM FlightInstances WHERE airlineCode='AC' AND flightNumber=8075 AND flightDate=TO_DATE('May 17, 2012', 'MON DD, YYYY')), '1', 'YYJ', TO_TIMESTAMP_TZ('May 17, 2012 17:22 -08:00', 'MON DD, YYYY HH24:MI TZH:TZM'), 'arrived at 17:20');
INSERT INTO Departures VALUES((SELECT id FROM FlightInstances WHERE airlineCode='AC' AND flightNumber=8077 AND flightDate=TO_DATE('May 17, 2012', 'MON DD, YYYY')), 'A1', 'YVR', TO_TIMESTAMP_TZ('May 17, 2012 18:00 -08:00', 'MON DD, YYYY HH24:MI TZH:TZM'), 'departed at 18:00');
INSERT INTO Arrivals VALUES((SELECT id FROM FlightInstances WHERE airlineCode='AC' AND flightNumber=8077 AND flightDate=TO_DATE('May 17, 2012', 'MON DD, YYYY')), '1', 'YYJ', TO_TIMESTAMP_TZ('May 17, 2012 18:22 -08:00', 'MON DD, YYYY HH24:MI TZH:TZM'), 'arrived at 18:22');
INSERT INTO Departures VALUES((SELECT id FROM FlightInstances WHERE airlineCode='AC' AND flightNumber=8079 AND flightDate=TO_DATE('May 17, 2012', 'MON DD, YYYY')), 'A1', 'YVR', TO_TIMESTAMP_TZ('May 17, 2012 19:00 -08:00', 'MON DD, YYYY HH24:MI TZH:TZM'), 'departed at 19:00');
INSERT INTO Arrivals VALUES((SELECT id FROM FlightInstances WHERE airlineCode='AC' AND flightNumber=8079 AND flightDate=TO_DATE('May 17, 2012', 'MON DD, YYYY')), '1', 'YYJ', TO_TIMESTAMP_TZ('May 17, 2012 19:21 -08:00', 'MON DD, YYYY HH24:MI TZH:TZM'), 'arrived at 19:21');
INSERT INTO Departures VALUES((SELECT id FROM FlightInstances WHERE airlineCode='AC' AND flightNumber=8081 AND flightDate=TO_DATE('May 17, 2012', 'MON DD, YYYY')), 'A1', 'YVR', TO_TIMESTAMP_TZ('May 17, 2012 20:00 -08:00', 'MON DD, YYYY HH24:MI TZH:TZM'), 'departed at 20:00');
INSERT INTO Arrivals VALUES((SELECT id FROM FlightInstances WHERE airlineCode='AC' AND flightNumber=8081 AND flightDate=TO_DATE('May 17, 2012', 'MON DD, YYYY')), '1', 'YYJ', TO_TIMESTAMP_TZ('May 17, 2012 20:21 -08:00', 'MON DD, YYYY HH24:MI TZH:TZM'), 'arrived at 20:21');
INSERT INTO Departures VALUES((SELECT id FROM FlightInstances WHERE airlineCode='AC' AND flightNumber=8083 AND flightDate=TO_DATE('May 17, 2012', 'MON DD, YYYY')), 'A1', 'YVR', TO_TIMESTAMP_TZ('May 17, 2012 22:20 -08:00', 'MON DD, YYYY HH24:MI TZH:TZM'), 'departed at 22:20');
INSERT INTO Arrivals VALUES((SELECT id FROM FlightInstances WHERE airlineCode='AC' AND flightNumber=8083 AND flightDate=TO_DATE('May 17, 2012', 'MON DD, YYYY')), '1', 'YYJ', TO_TIMESTAMP_TZ('May 17, 2012 22:43 -08:00', 'MON DD, YYYY HH24:MI TZH:TZM'), 'arrived at 22:43');
INSERT INTO Departures VALUES((SELECT id FROM FlightInstances WHERE airlineCode='AC' AND flightNumber=8087 AND flightDate=TO_DATE('May 17, 2012', 'MON DD, YYYY')), 'A1', 'YVR', TO_TIMESTAMP_TZ('May 17, 2012 23:30 -08:00', 'MON DD, YYYY HH24:MI TZH:TZM'), 'departed at 23:30');
INSERT INTO Arrivals VALUES((SELECT id FROM FlightInstances WHERE airlineCode='AC' AND flightNumber=8087 AND flightDate=TO_DATE('May 17, 2012', 'MON DD, YYYY')), '1', 'YYJ', TO_TIMESTAMP_TZ('May 17, 2012 23:53 -08:00', 'MON DD, YYYY HH24:MI TZH:TZM'), 'arrived at 23:53');
--
-- INSERT INTO Flights VALUES ('AC',8552,'YYJ','YYC','BCRJ',TO_TIMESTAMP_TZ('Jan 15, 1980 08:40 -08:00','MON DD, YYYY HH24:MI TZH:TZM'),TO_TIMESTAMP_TZ('Jan 15, 1980 10:45 -07:00','MON DD, YYYY HH24:MI TZH:TZM'));
INSERT INTO Departures VALUES((SELECT id FROM FlightInstances WHERE airlineCode='AC' AND flightNumber=8552 AND flightDate=TO_DATE('May 17, 2012', 'MON DD, YYYY')), '1', 'YYJ', TO_TIMESTAMP_TZ('May 17, 2012 08:40 -08:00', 'MON DD, YYYY HH24:MI TZH:TZM'), 'departed at 08:40');
INSERT INTO Arrivals VALUES((SELECT id FROM FlightInstances WHERE airlineCode='AC' AND flightNumber=8552 AND flightDate=TO_DATE('May 17, 2012', 'MON DD, YYYY')), 'A1', 'YYC', TO_TIMESTAMP_TZ('May 17, 2012 10:45 -07:00', 'MON DD, YYYY HH24:MI TZH:TZM'), 'arrived at 10:45');
-- INSERT INTO Flights VALUES ('AC',8554,'YYJ','YYC','BCRJ',TO_TIMESTAMP_TZ('Jan 15, 1980 12:25 -08:00','MON DD, YYYY HH24:MI TZH:TZM'),TO_TIMESTAMP_TZ('Jan 15, 1980 14:45 -07:00','MON DD, YYYY HH24:MI TZH:TZM'));
INSERT INTO Departures VALUES((SELECT id FROM FlightInstances WHERE airlineCode='AC' AND flightNumber=8554 AND flightDate=TO_DATE('May 17, 2012', 'MON DD, YYYY')), '1', 'YYJ', TO_TIMESTAMP_TZ('May 17, 2012 12:25 -08:00', 'MON DD, YYYY HH24:MI TZH:TZM'), 'departed at 12:25');
INSERT INTO Arrivals VALUES((SELECT id FROM FlightInstances WHERE airlineCode='AC' AND flightNumber=8554 AND flightDate=TO_DATE('May 17, 2012', 'MON DD, YYYY')), 'A1', 'YYC', TO_TIMESTAMP_TZ('May 17, 2012 14:45 -07:00', 'MON DD, YYYY HH24:MI TZH:TZM'), 'arrived at 14:45');
-- INSERT INTO Flights VALUES ('AC',8558,'YYJ','YYC','BCRJ',TO_TIMESTAMP_TZ('Jan 15, 1980 20:40 -08:00','MON DD, YYYY HH24:MI TZH:TZM'),TO_TIMESTAMP_TZ('Jan 15, 1980 23:00 -07:00','MON DD, YYYY HH24:MI TZH:TZM'));
INSERT INTO Departures VALUES((SELECT id FROM FlightInstances WHERE airlineCode='AC' AND flightNumber=8558 AND flightDate=TO_DATE('May 17, 2012', 'MON DD, YYYY')), '1', 'YYJ', TO_TIMESTAMP_TZ('May 17, 2012 20:40 -08:00', 'MON DD, YYYY HH24:MI TZH:TZM'), 'departed at 20:40');
INSERT INTO Arrivals VALUES((SELECT id FROM FlightInstances WHERE airlineCode='AC' AND flightNumber=8558 AND flightDate=TO_DATE('May 17, 2012', 'MON DD, YYYY')), 'A1', 'YYC', TO_TIMESTAMP_TZ('May 17, 2012 23:00 -07:00', 'MON DD, YYYY HH24:MI TZH:TZM'), 'arrived at 23:00');
-- INSERT INTO Flights VALUES ('AC',8178,'YYJ','YKA','BDH3',TO_TIMESTAMP_TZ('Jan 15, 1980 15:00 -08:00','MON DD, YYYY HH24:MI TZH:TZM'),TO_TIMESTAMP_TZ('Jan 15, 1980 16:51 -08:00','MON DD, YYYY HH24:MI TZH:TZM'));
INSERT INTO Departures VALUES((SELECT id FROM FlightInstances WHERE airlineCode='AC' AND flightNumber=8178 AND flightDate=TO_DATE('May 17, 2012', 'MON DD, YYYY')), '1', 'YYJ', TO_TIMESTAMP_TZ('May 17, 2012 15:00 -08:00', 'MON DD, YYYY HH24:MI TZH:TZM'), 'departed at 15:00');
INSERT INTO Arrivals VALUES((SELECT id FROM FlightInstances WHERE airlineCode='AC' AND flightNumber=8178 AND flightDate=TO_DATE('May 17, 2012', 'MON DD, YYYY')), '1', 'YKA', TO_TIMESTAMP_TZ('May 17, 2012 16:51 -08:00', 'MON DD, YYYY HH24:MI TZH:TZM'), 'arrived at 16:51');
--  INSERT INTO Flights VALUES ('AC',4400,'YYJ','SFO','BCRJ',TO_TIMESTAMP_TZ('Jan 15, 1980 06:53 -08:00','MON DD, YYYY HH24:MI TZH:TZM'),TO_TIMESTAMP_TZ('Jan 15, 1980 09:06 -08:00','MON DD, YYYY HH24:MI TZH:TZM'));
INSERT INTO Departures VALUES((SELECT id FROM FlightInstances WHERE airlineCode='AC' AND flightNumber=4400 AND flightDate=TO_DATE('May 17, 2012', 'MON DD, YYYY')), '1', 'YYJ', TO_TIMESTAMP_TZ('May 17, 2012 06:53 -08:00', 'MON DD, YYYY HH24:MI TZH:TZM'), 'departed at 06:53');
INSERT INTO Arrivals VALUES((SELECT id FROM FlightInstances WHERE airlineCode='AC' AND flightNumber=4400 AND flightDate=TO_DATE('May 17, 2012', 'MON DD, YYYY')), 'A1', 'SFO', TO_TIMESTAMP_TZ('May 17, 2012 09:06 -08:00', 'MON DD, YYYY HH24:MI TZH:TZM'), 'arrived at 09:06');
-- INSERT INTO Flights VALUES ('AC',4402,'YYJ','SFO','BCRJ',TO_TIMESTAMP_TZ('Jan 15, 1980 13:21 -08:00','MON DD, YYYY HH24:MI TZH:TZM'),TO_TIMESTAMP_TZ('Jan 15, 1980 15:34 -08:00','MON DD, YYYY HH24:MI TZH:TZM'));
INSERT INTO Departures VALUES((SELECT id FROM FlightInstances WHERE airlineCode='AC' AND flightNumber=4402 AND flightDate=TO_DATE('May 17, 2012', 'MON DD, YYYY')), '1', 'YYJ', TO_TIMESTAMP_TZ('May 17, 2012 13:21 -08:00', 'MON DD, YYYY HH24:MI TZH:TZM'), 'departed at 13:21');
INSERT INTO Arrivals VALUES((SELECT id FROM FlightInstances WHERE airlineCode='AC' AND flightNumber=4402 AND flightDate=TO_DATE('May 17, 2012', 'MON DD, YYYY')), 'A1', 'SFO', TO_TIMESTAMP_TZ('May 17, 2012 15:34 -08:00', 'MON DD, YYYY HH24:MI TZH:TZM'), 'arrived at 15:34');
-- INSERT INTO Flights VALUES ('AC',8556,'YYJ','YXE','BCRJ',TO_TIMESTAMP_TZ('Jan 15, 1980 15:00 -08:00','MON DD, YYYY HH24:MI TZH:TZM'),TO_TIMESTAMP_TZ('Jan 15, 1980 19:12 -06:00','MON DD, YYYY HH24:MI TZH:TZM'));
INSERT INTO Departures VALUES((SELECT id FROM FlightInstances WHERE airlineCode='AC' AND flightNumber=8556 AND flightDate=TO_DATE('May 17, 2012', 'MON DD, YYYY')), '1', 'YYJ', TO_TIMESTAMP_TZ('May 17, 2012 15:00 -08:00', 'MON DD, YYYY HH24:MI TZH:TZM'), 'departed at 15:00');
INSERT INTO Arrivals VALUES((SELECT id FROM FlightInstances WHERE airlineCode='AC' AND flightNumber=8556 AND flightDate=TO_DATE('May 17, 2012', 'MON DD, YYYY')), 'A1', 'YXE', TO_TIMESTAMP_TZ('May 17, 2012 19:12 -06:00', 'MON DD, YYYY HH24:MI TZH:TZM'), 'arrived at 19:12');
-- INSERT INTO Flights VALUES ('AC',190,'YYJ','YYZ','A319',TO_TIMESTAMP_TZ('Jan 15, 1980 06:45 -08:00','MON DD, YYYY HH24:MI TZH:TZM'),TO_TIMESTAMP_TZ('Jan 15, 1980 14:10 -05:00','MON DD, YYYY HH24:MI TZH:TZM'));
INSERT INTO Departures VALUES((SELECT id FROM FlightInstances WHERE airlineCode='AC' AND flightNumber=190 AND flightDate=TO_DATE('May 17, 2012', 'MON DD, YYYY')), '1', 'YYJ', TO_TIMESTAMP_TZ('May 17, 2012 06:45 -08:00', 'MON DD, YYYY HH24:MI TZH:TZM'), 'departed at 06:45');
INSERT INTO Arrivals VALUES((SELECT id FROM FlightInstances WHERE airlineCode='AC' AND flightNumber=190 AND flightDate=TO_DATE('May 17, 2012', 'MON DD, YYYY')), 'A8', 'YYZ', TO_TIMESTAMP_TZ('May 17, 2012 14:10 -05:00', 'MON DD, YYYY HH24:MI TZH:TZM'), 'arrived at 14:10');
-- INSERT INTO Flights VALUES ('AC',1186,'YYJ','YYZ','E90',TO_TIMESTAMP_TZ('Jan 15, 1980 12:00 -08:00','MON DD, YYYY HH24:MI TZH:TZM'),TO_TIMESTAMP_TZ('Jan 15, 1980 19:23 -05:00','MON DD, YYYY HH24:MI TZH:TZM'));
INSERT INTO Departures VALUES((SELECT id FROM FlightInstances WHERE airlineCode='AC' AND flightNumber=1186 AND flightDate=TO_DATE('May 17, 2012', 'MON DD, YYYY')), '1', 'YYJ', TO_TIMESTAMP_TZ('May 17, 2012 12:00 -08:00', 'MON DD, YYYY HH24:MI TZH:TZM'), 'departed at 12:00');
INSERT INTO Arrivals VALUES((SELECT id FROM FlightInstances WHERE airlineCode='AC' AND flightNumber=1186 AND flightDate=TO_DATE('May 17, 2012', 'MON DD, YYYY')), 'A8', 'YYZ', TO_TIMESTAMP_TZ('May 17, 2012 19:23 -05:00', 'MON DD, YYYY HH24:MI TZH:TZM'), 'arrived at 19:23');
-- INSERT INTO Flights VALUES ('AC',1192,'YYJ','YYZ','E90',TO_TIMESTAMP_TZ('Jan 15, 1980 23:50 -08:00','MON DD, YYYY HH24:MI TZH:TZM'),TO_TIMESTAMP_TZ('Jan 16, 1980 07:13 -05:00','MON DD, YYYY HH24:MI TZH:TZM'));
INSERT INTO Departures VALUES((SELECT id FROM FlightInstances WHERE airlineCode='AC' AND flightNumber=1192 AND flightDate=TO_DATE('May 17, 2012', 'MON DD, YYYY')), '1', 'YYJ', TO_TIMESTAMP_TZ('May 17, 2012 23:50 -08:00', 'MON DD, YYYY HH24:MI TZH:TZM'), 'departed at 23:50');
INSERT INTO Arrivals VALUES((SELECT id FROM FlightInstances WHERE airlineCode='AC' AND flightNumber=1192 AND flightDate=TO_DATE('May 17, 2012', 'MON DD, YYYY')), 'A8', 'YYZ', TO_TIMESTAMP_TZ('May 18, 2012 07:13 -05:00', 'MON DD, YYYY HH24:MI TZH:TZM'), 'arrived at 07:13');
-- INSERT INTO Flights VALUES ('AC',8050,'YYJ','YVR','BDH3',TO_TIMESTAMP_TZ('Jan 15, 1980 05:25 -08:00','MON DD, YYYY HH24:MI TZH:TZM'),TO_TIMESTAMP_TZ('Jan 15, 1980 05:48 -08:00','MON DD, YYYY HH24:MI TZH:TZM'));
INSERT INTO Departures VALUES((SELECT id FROM FlightInstances WHERE airlineCode='AC' AND flightNumber=8050 AND flightDate=TO_DATE('May 17, 2012', 'MON DD, YYYY')), '1', 'YYJ', TO_TIMESTAMP_TZ('May 17, 2012 05:25 -08:00', 'MON DD, YYYY HH24:MI TZH:TZM'), 'departed at 05:25');
INSERT INTO Arrivals VALUES((SELECT id FROM FlightInstances WHERE airlineCode='AC' AND flightNumber=8050 AND flightDate=TO_DATE('May 17, 2012', 'MON DD, YYYY')), 'A1', 'YVR', TO_TIMESTAMP_TZ('May 17, 2012 05:48 -08:00', 'MON DD, YYYY HH24:MI TZH:TZM'), 'arrived at 05:48');
-- INSERT INTO Flights VALUES ('AC',8054,'YYJ','YVR','BDH3',TO_TIMESTAMP_TZ('Jan 15, 1980 07:00 -08:00','MON DD, YYYY HH24:MI TZH:TZM'),TO_TIMESTAMP_TZ('Jan 15, 1980 07:23 -08:00','MON DD, YYYY HH24:MI TZH:TZM'));
INSERT INTO Departures VALUES((SELECT id FROM FlightInstances WHERE airlineCode='AC' AND flightNumber=8054 AND flightDate=TO_DATE('May 17, 2012', 'MON DD, YYYY')), '1', 'YYJ', TO_TIMESTAMP_TZ('May 17, 2012 07:00 -08:00', 'MON DD, YYYY HH24:MI TZH:TZM'), 'departed at 07:00');
INSERT INTO Arrivals VALUES((SELECT id FROM FlightInstances WHERE airlineCode='AC' AND flightNumber=8054 AND flightDate=TO_DATE('May 17, 2012', 'MON DD, YYYY')), 'A1', 'YVR', TO_TIMESTAMP_TZ('May 17, 2012 07:23 -08:00', 'MON DD, YYYY HH24:MI TZH:TZM'), 'arrived at 07:23');
-- INSERT INTO Flights VALUES ('AC',8056,'YYJ','YVR','BDH1',TO_TIMESTAMP_TZ('Jan 15, 1980 08:00 -08:00','MON DD, YYYY HH24:MI TZH:TZM'),TO_TIMESTAMP_TZ('Jan 15, 1980 08:23 -08:00','MON DD, YYYY HH24:MI TZH:TZM'));
INSERT INTO Departures VALUES((SELECT id FROM FlightInstances WHERE airlineCode='AC' AND flightNumber=8056 AND flightDate=TO_DATE('May 17, 2012', 'MON DD, YYYY')), '1', 'YYJ', TO_TIMESTAMP_TZ('May 17, 2012 08:00 -08:00', 'MON DD, YYYY HH24:MI TZH:TZM'), 'departed at 08:00');
INSERT INTO Arrivals VALUES((SELECT id FROM FlightInstances WHERE airlineCode='AC' AND flightNumber=8056 AND flightDate=TO_DATE('May 17, 2012', 'MON DD, YYYY')), 'A1', 'YVR', TO_TIMESTAMP_TZ('May 17, 2012 08:23 -08:00', 'MON DD, YYYY HH24:MI TZH:TZM'), 'arrived at 08:23');
-- INSERT INTO Flights VALUES ('AC',8058,'YYJ','YVR','BDH1',TO_TIMESTAMP_TZ('Jan 15, 1980 09:00 -08:00','MON DD, YYYY HH24:MI TZH:TZM'),TO_TIMESTAMP_TZ('Jan 15, 1980 09:23 -08:00','MON DD, YYYY HH24:MI TZH:TZM'));
INSERT INTO Departures VALUES((SELECT id FROM FlightInstances WHERE airlineCode='AC' AND flightNumber=8058 AND flightDate=TO_DATE('May 17, 2012', 'MON DD, YYYY')), '1', 'YYJ', TO_TIMESTAMP_TZ('May 17, 2012 09:00 -08:00', 'MON DD, YYYY HH24:MI TZH:TZM'), 'departed at 09:00');
INSERT INTO Arrivals VALUES((SELECT id FROM FlightInstances WHERE airlineCode='AC' AND flightNumber=8058 AND flightDate=TO_DATE('May 17, 2012', 'MON DD, YYYY')), 'A1', 'YVR', TO_TIMESTAMP_TZ('May 17, 2012 09:23 -08:00', 'MON DD, YYYY HH24:MI TZH:TZM'), 'arrived at 09:23');
-- INSERT INTO Flights VALUES ('AC',8060,'YYJ','YVR','BDH1',TO_TIMESTAMP_TZ('Jan 15, 1980 10:00 -08:00','MON DD, YYYY HH24:MI TZH:TZM'),TO_TIMESTAMP_TZ('Jan 15, 1980 10:23 -08:00','MON DD, YYYY HH24:MI TZH:TZM'));
INSERT INTO Departures VALUES((SELECT id FROM FlightInstances WHERE airlineCode='AC' AND flightNumber=8060 AND flightDate=TO_DATE('May 17, 2012', 'MON DD, YYYY')), '1', 'YYJ', TO_TIMESTAMP_TZ('May 17, 2012 10:00 -08:00', 'MON DD, YYYY HH24:MI TZH:TZM'), 'departed at 10:00');
INSERT INTO Arrivals VALUES((SELECT id FROM FlightInstances WHERE airlineCode='AC' AND flightNumber=8060 AND flightDate=TO_DATE('May 17, 2012', 'MON DD, YYYY')), 'A1', 'YVR', TO_TIMESTAMP_TZ('May 17, 2012 10:23 -08:00', 'MON DD, YYYY HH24:MI TZH:TZM'), 'arrived at 10:23');
-- INSERT INTO Flights VALUES ('AC',8062,'YYJ','YVR','BDH1',TO_TIMESTAMP_TZ('Jan 15, 1980 11:00 -08:00','MON DD, YYYY HH24:MI TZH:TZM'),TO_TIMESTAMP_TZ('Jan 15, 1980 11:23 -08:00','MON DD, YYYY HH24:MI TZH:TZM'));
INSERT INTO Departures VALUES((SELECT id FROM FlightInstances WHERE airlineCode='AC' AND flightNumber=8062 AND flightDate=TO_DATE('May 17, 2012', 'MON DD, YYYY')), '1', 'YYJ', TO_TIMESTAMP_TZ('May 17, 2012 11:00 -08:00', 'MON DD, YYYY HH24:MI TZH:TZM'), 'departed at 11:00');
INSERT INTO Arrivals VALUES((SELECT id FROM FlightInstances WHERE airlineCode='AC' AND flightNumber=8062 AND flightDate=TO_DATE('May 17, 2012', 'MON DD, YYYY')), 'A1', 'YVR', TO_TIMESTAMP_TZ('May 17, 2012 11:23 -08:00', 'MON DD, YYYY HH24:MI TZH:TZM'), 'arrived at 11:23');
-- INSERT INTO Flights VALUES ('AC',8064,'YYJ','YVR','BDH1',TO_TIMESTAMP_TZ('Jan 15, 1980 12:00 -08:00','MON DD, YYYY HH24:MI TZH:TZM'),TO_TIMESTAMP_TZ('Jan 15, 1980 12:23 -08:00','MON DD, YYYY HH24:MI TZH:TZM'));
INSERT INTO Departures VALUES((SELECT id FROM FlightInstances WHERE airlineCode='AC' AND flightNumber=8064 AND flightDate=TO_DATE('May 17, 2012', 'MON DD, YYYY')), '1', 'YYJ', TO_TIMESTAMP_TZ('May 17, 2012 12:52 -08:00', 'MON DD, YYYY HH24:MI TZH:TZM'), 'delayed to 12:52');
INSERT INTO Arrivals VALUES((SELECT id FROM FlightInstances WHERE airlineCode='AC' AND flightNumber=8064 AND flightDate=TO_DATE('May 17, 2012', 'MON DD, YYYY')), 'A1', 'YVR', TO_TIMESTAMP_TZ('May 17, 2012 13:18 -08:00', 'MON DD, YYYY HH24:MI TZH:TZM'), 'delayed to 13:18');
-- INSERT INTO Flights VALUES ('AC',8052,'YYJ','YVR','BDH3',TO_TIMESTAMP_TZ('Jan 15, 1980 12:30 -08:00','MON DD, YYYY HH24:MI TZH:TZM'),TO_TIMESTAMP_TZ('Jan 15, 1980 12:53 -08:00','MON DD, YYYY HH24:MI TZH:TZM'));
INSERT INTO Departures VALUES((SELECT id FROM FlightInstances WHERE airlineCode='AC' AND flightNumber=8052 AND flightDate=TO_DATE('May 17, 2012', 'MON DD, YYYY')), '1', 'YYJ', TO_TIMESTAMP_TZ('May 17, 2012 12:30 -08:00', 'MON DD, YYYY HH24:MI TZH:TZM'), 'departed at 12:30');
INSERT INTO Arrivals VALUES((SELECT id FROM FlightInstances WHERE airlineCode='AC' AND flightNumber=8052 AND flightDate=TO_DATE('May 17, 2012', 'MON DD, YYYY')), 'A1', 'YVR', TO_TIMESTAMP_TZ('May 17, 2012 12:53 -08:00', 'MON DD, YYYY HH24:MI TZH:TZM'), 'arrived at 12:53');
-- INSERT INTO Flights VALUES ('AC',8174,'YYJ','YVR','BDH1',TO_TIMESTAMP_TZ('Jan 15, 1980 12:30 -08:00','MON DD, YYYY HH24:MI TZH:TZM'),TO_TIMESTAMP_TZ('Jan 15, 1980 12:53 -08:00','MON DD, YYYY HH24:MI TZH:TZM'));
INSERT INTO Departures VALUES((SELECT id FROM FlightInstances WHERE airlineCode='AC' AND flightNumber=8174 AND flightDate=TO_DATE('May 17, 2012', 'MON DD, YYYY')), '1', 'YYJ', TO_TIMESTAMP_TZ('May 17, 2012 12:30 -08:00', 'MON DD, YYYY HH24:MI TZH:TZM'), 'departed at 12:30');
INSERT INTO Arrivals VALUES((SELECT id FROM FlightInstances WHERE airlineCode='AC' AND flightNumber=8174 AND flightDate=TO_DATE('May 17, 2012', 'MON DD, YYYY')), 'A1', 'YVR', TO_TIMESTAMP_TZ('May 17, 2012 12:53 -08:00', 'MON DD, YYYY HH24:MI TZH:TZM'), 'arrived at 12:53');
-- INSERT INTO Flights VALUES ('AC',8066,'YYJ','YVR','BDH3',TO_TIMESTAMP_TZ('Jan 15, 1980 13:00 -08:00','MON DD, YYYY HH24:MI TZH:TZM'),TO_TIMESTAMP_TZ('Jan 15, 1980 13:23 -08:00','MON DD, YYYY HH24:MI TZH:TZM'));
INSERT INTO Departures VALUES((SELECT id FROM FlightInstances WHERE airlineCode='AC' AND flightNumber=8066 AND flightDate=TO_DATE('May 17, 2012', 'MON DD, YYYY')), '1', 'YYJ', TO_TIMESTAMP_TZ('May 17, 2012 13:00 -08:00', 'MON DD, YYYY HH24:MI TZH:TZM'), 'departed at 13:00');
INSERT INTO Arrivals VALUES((SELECT id FROM FlightInstances WHERE airlineCode='AC' AND flightNumber=8066 AND flightDate=TO_DATE('May 17, 2012', 'MON DD, YYYY')), 'A1', 'YVR', TO_TIMESTAMP_TZ('May 17, 2012 13:23 -08:00', 'MON DD, YYYY HH24:MI TZH:TZM'), 'arrived at 13:23');
-- INSERT INTO Flights VALUES ('AC',8068,'YYJ','YVR','BDH3',TO_TIMESTAMP_TZ('Jan 15, 1980 14:00 -08:00','MON DD, YYYY HH24:MI TZH:TZM'),TO_TIMESTAMP_TZ('Jan 15, 1980 14:23 -08:00','MON DD, YYYY HH24:MI TZH:TZM'));
INSERT INTO Departures VALUES((SELECT id FROM FlightInstances WHERE airlineCode='AC' AND flightNumber=8068 AND flightDate=TO_DATE('May 17, 2012', 'MON DD, YYYY')), '1', 'YYJ', TO_TIMESTAMP_TZ('May 17, 2012 14:00 -08:00', 'MON DD, YYYY HH24:MI TZH:TZM'), 'departed at 14:00');
INSERT INTO Arrivals VALUES((SELECT id FROM FlightInstances WHERE airlineCode='AC' AND flightNumber=8068 AND flightDate=TO_DATE('May 17, 2012', 'MON DD, YYYY')), 'A1', 'YVR', TO_TIMESTAMP_TZ('May 17, 2012 14:23 -08:00', 'MON DD, YYYY HH24:MI TZH:TZM'), 'arrived at 14:23');
-- INSERT INTO Flights VALUES ('AC',8084,'YYJ','YVR','BDH3',TO_TIMESTAMP_TZ('Jan 15, 1980 14:30 -08:00','MON DD, YYYY HH24:MI TZH:TZM'),TO_TIMESTAMP_TZ('Jan 15, 1980 14:53 -08:00','MON DD, YYYY HH24:MI TZH:TZM'));
INSERT INTO Departures VALUES((SELECT id FROM FlightInstances WHERE airlineCode='AC' AND flightNumber=8084 AND flightDate=TO_DATE('May 17, 2012', 'MON DD, YYYY')), '1', 'YYJ', TO_TIMESTAMP_TZ('May 17, 2012 14:30 -08:00', 'MON DD, YYYY HH24:MI TZH:TZM'), 'departed at 14:30');
INSERT INTO Arrivals VALUES((SELECT id FROM FlightInstances WHERE airlineCode='AC' AND flightNumber=8084 AND flightDate=TO_DATE('May 17, 2012', 'MON DD, YYYY')), 'A1', 'YVR', TO_TIMESTAMP_TZ('May 17, 2012 14:53 -08:00', 'MON DD, YYYY HH24:MI TZH:TZM'), 'arrived at 14:53');
-- INSERT INTO Flights VALUES ('AC',8070,'YYJ','YVR','BDH1',TO_TIMESTAMP_TZ('Jan 15, 1980 15:00 -08:00','MON DD, YYYY HH24:MI TZH:TZM'),TO_TIMESTAMP_TZ('Jan 15, 1980 15:23 -08:00','MON DD, YYYY HH24:MI TZH:TZM'));
INSERT INTO Departures VALUES((SELECT id FROM FlightInstances WHERE airlineCode='AC' AND flightNumber=8070 AND flightDate=TO_DATE('May 17, 2012', 'MON DD, YYYY')), '1', 'YYJ', TO_TIMESTAMP_TZ('May 17, 2012 15:00 -08:00', 'MON DD, YYYY HH24:MI TZH:TZM'), 'departed at 15:00');
INSERT INTO Arrivals VALUES((SELECT id FROM FlightInstances WHERE airlineCode='AC' AND flightNumber=8070 AND flightDate=TO_DATE('May 17, 2012', 'MON DD, YYYY')), 'A1', 'YVR', TO_TIMESTAMP_TZ('May 17, 2012 15:23 -08:00', 'MON DD, YYYY HH24:MI TZH:TZM'), 'arrived at 15:23');
-- INSERT INTO Flights VALUES ('AC',8072,'YYJ','YVR','BDH3',TO_TIMESTAMP_TZ('Jan 15, 1980 16:00 -08:00','MON DD, YYYY HH24:MI TZH:TZM'),TO_TIMESTAMP_TZ('Jan 15, 1980 16:23 -08:00','MON DD, YYYY HH24:MI TZH:TZM'));
INSERT INTO Departures VALUES((SELECT id FROM FlightInstances WHERE airlineCode='AC' AND flightNumber=8072 AND flightDate=TO_DATE('May 17, 2012', 'MON DD, YYYY')), '1', 'YYJ', TO_TIMESTAMP_TZ('May 17, 2012 16:00 -08:00', 'MON DD, YYYY HH24:MI TZH:TZM'), 'departed at 16:00');
INSERT INTO Arrivals VALUES((SELECT id FROM FlightInstances WHERE airlineCode='AC' AND flightNumber=8072 AND flightDate=TO_DATE('May 17, 2012', 'MON DD, YYYY')), 'A1', 'YVR', TO_TIMESTAMP_TZ('May 17, 2012 16:23 -08:00', 'MON DD, YYYY HH24:MI TZH:TZM'), 'arrived at 16:23');
-- INSERT INTO Flights VALUES ('AC',8086,'YYJ','YVR','BDH3',TO_TIMESTAMP_TZ('Jan 15, 1980 16:30 -08:00','MON DD, YYYY HH24:MI TZH:TZM'),TO_TIMESTAMP_TZ('Jan 15, 1980 16:53 -08:00','MON DD, YYYY HH24:MI TZH:TZM'));
INSERT INTO Departures VALUES((SELECT id FROM FlightInstances WHERE airlineCode='AC' AND flightNumber=8086 AND flightDate=TO_DATE('May 17, 2012', 'MON DD, YYYY')), '1', 'YYJ', TO_TIMESTAMP_TZ('May 17, 2012 16:30 -08:00', 'MON DD, YYYY HH24:MI TZH:TZM'), 'departed at 16:30');
INSERT INTO Arrivals VALUES((SELECT id FROM FlightInstances WHERE airlineCode='AC' AND flightNumber=8086 AND flightDate=TO_DATE('May 17, 2012', 'MON DD, YYYY')), 'A1', 'YVR', TO_TIMESTAMP_TZ('May 17, 2012 16:53 -08:00', 'MON DD, YYYY HH24:MI TZH:TZM'), 'arrived at 16:53');
-- INSERT INTO Flights VALUES ('AC',8074,'YYJ','YVR','BDH3',TO_TIMESTAMP_TZ('Jan 15, 1980 17:00 -08:00','MON DD, YYYY HH24:MI TZH:TZM'),TO_TIMESTAMP_TZ('Jan 15, 1980 17:23 -08:00','MON DD, YYYY HH24:MI TZH:TZM'));
INSERT INTO Departures VALUES((SELECT id FROM FlightInstances WHERE airlineCode='AC' AND flightNumber=8074 AND flightDate=TO_DATE('May 17, 2012', 'MON DD, YYYY')), '1', 'YYJ', TO_TIMESTAMP_TZ('May 17, 2012 17:00 -08:00', 'MON DD, YYYY HH24:MI TZH:TZM'), 'departed at 17:00');
INSERT INTO Arrivals VALUES((SELECT id FROM FlightInstances WHERE airlineCode='AC' AND flightNumber=8074 AND flightDate=TO_DATE('May 17, 2012', 'MON DD, YYYY')), 'A1', 'YVR', TO_TIMESTAMP_TZ('May 17, 2012 17:23 -08:00', 'MON DD, YYYY HH24:MI TZH:TZM'), 'arrived at 17:23');
-- INSERT INTO Flights VALUES ('AC',8076,'YYJ','YVR','BDH3',TO_TIMESTAMP_TZ('Jan 15, 1980 18:00 -08:00','MON DD, YYYY HH24:MI TZH:TZM'),TO_TIMESTAMP_TZ('Jan 15, 1980 18:23 -08:00','MON DD, YYYY HH24:MI TZH:TZM'));
INSERT INTO Departures VALUES((SELECT id FROM FlightInstances WHERE airlineCode='AC' AND flightNumber=8076 AND flightDate=TO_DATE('May 17, 2012', 'MON DD, YYYY')), '1', 'YYJ', TO_TIMESTAMP_TZ('May 17, 2012 18:00 -08:00', 'MON DD, YYYY HH24:MI TZH:TZM'), 'departed at 18:00');
INSERT INTO Arrivals VALUES((SELECT id FROM FlightInstances WHERE airlineCode='AC' AND flightNumber=8076 AND flightDate=TO_DATE('May 17, 2012', 'MON DD, YYYY')), 'A1', 'YVR', TO_TIMESTAMP_TZ('May 17, 2012 18:23 -08:00', 'MON DD, YYYY HH24:MI TZH:TZM'), 'arrived at 18:23');
-- INSERT INTO Flights VALUES ('AC',8078,'YYJ','YVR','BDH3',TO_TIMESTAMP_TZ('Jan 15, 1980 19:00 -08:00','MON DD, YYYY HH24:MI TZH:TZM'),TO_TIMESTAMP_TZ('Jan 15, 1980 19:23 -08:00','MON DD, YYYY HH24:MI TZH:TZM'));
INSERT INTO Departures VALUES((SELECT id FROM FlightInstances WHERE airlineCode='AC' AND flightNumber=8078 AND flightDate=TO_DATE('May 17, 2012', 'MON DD, YYYY')), '1', 'YYJ', TO_TIMESTAMP_TZ('May 17, 2012 19:00 -08:00', 'MON DD, YYYY HH24:MI TZH:TZM'), 'departed at 19:00');
INSERT INTO Arrivals VALUES((SELECT id FROM FlightInstances WHERE airlineCode='AC' AND flightNumber=8078 AND flightDate=TO_DATE('May 17, 2012', 'MON DD, YYYY')), 'A1', 'YVR', TO_TIMESTAMP_TZ('May 17, 2012 19:23 -08:00', 'MON DD, YYYY HH24:MI TZH:TZM'), 'arrived at 19:23');
-- INSERT INTO Flights VALUES ('AC',8080,'YYJ','YVR','BDH3',TO_TIMESTAMP_TZ('Jan 15, 1980 20:00 -08:00','MON DD, YYYY HH24:MI TZH:TZM'),TO_TIMESTAMP_TZ('Jan 15, 1980 20:23 -08:00','MON DD, YYYY HH24:MI TZH:TZM'));
INSERT INTO Departures VALUES((SELECT id FROM FlightInstances WHERE airlineCode='AC' AND flightNumber=8080 AND flightDate=TO_DATE('May 17, 2012', 'MON DD, YYYY')), '1', 'YYJ', TO_TIMESTAMP_TZ('May 17, 2012 20:00 -08:00', 'MON DD, YYYY HH24:MI TZH:TZM'), 'departed at 20:00');
INSERT INTO Arrivals VALUES((SELECT id FROM FlightInstances WHERE airlineCode='AC' AND flightNumber=8080 AND flightDate=TO_DATE('May 17, 2012', 'MON DD, YYYY')), 'A1', 'YVR', TO_TIMESTAMP_TZ('May 17, 2012 20:23 -08:00', 'MON DD, YYYY HH24:MI TZH:TZM'), 'arrived at 20:23');
-- INSERT INTO Flights VALUES ('WS',354,'YYJ','YYC','B737',TO_TIMESTAMP_TZ('Jan 15, 1980 07:00 -08:00','MON DD, YYYY HH24:MI TZH:TZM'),TO_TIMESTAMP_TZ('Jan 15, 1980 09:19 -07:00','MON DD, YYYY HH24:MI TZH:TZM'));
INSERT INTO Departures VALUES((SELECT id FROM FlightInstances WHERE airlineCode='WS' AND flightNumber=354 AND flightDate=TO_DATE('May 17, 2012', 'MON DD, YYYY')), '1', 'YYJ', TO_TIMESTAMP_TZ('May 17, 2012 07:00 -08:00', 'MON DD, YYYY HH24:MI TZH:TZM'), 'departed at 07:00');
INSERT INTO Arrivals VALUES((SELECT id FROM FlightInstances WHERE airlineCode='WS' AND flightNumber=354 AND flightDate=TO_DATE('May 17, 2012', 'MON DD, YYYY')), 'A1', 'YYC', TO_TIMESTAMP_TZ('May 17, 2012 09:19 -07:00', 'MON DD, YYYY HH24:MI TZH:TZM'), 'arrived at 09:19');
-- INSERT INTO Flights VALUES ('WS',196,'YYJ','YYC','B737',TO_TIMESTAMP_TZ('Jan 15, 1980 12:40 -08:00','MON DD, YYYY HH24:MI TZH:TZM'),TO_TIMESTAMP_TZ('Jan 15, 1980 14:59 -07:00','MON DD, YYYY HH24:MI TZH:TZM'));
INSERT INTO Departures VALUES((SELECT id FROM FlightInstances WHERE airlineCode='WS' AND flightNumber=196 AND flightDate=TO_DATE('May 17, 2012', 'MON DD, YYYY')), '1', 'YYJ', TO_TIMESTAMP_TZ('May 17, 2012 12:40 -08:00', 'MON DD, YYYY HH24:MI TZH:TZM'), 'departed at 12:40');
INSERT INTO Arrivals VALUES((SELECT id FROM FlightInstances WHERE airlineCode='WS' AND flightNumber=196 AND flightDate=TO_DATE('May 17, 2012', 'MON DD, YYYY')), 'A1', 'YYC', TO_TIMESTAMP_TZ('May 17, 2012 14:59 -07:00', 'MON DD, YYYY HH24:MI TZH:TZM'), 'arrived at 14:59');
-- INSERT INTO Flights VALUES ('WS',502,'YYJ','YYC','B737',TO_TIMESTAMP_TZ('Jan 15, 1980 18:10 -08:00','MON DD, YYYY HH24:MI TZH:TZM'),TO_TIMESTAMP_TZ('Jan 15, 1980 20:29 -07:00','MON DD, YYYY HH24:MI TZH:TZM'));
INSERT INTO Departures VALUES((SELECT id FROM FlightInstances WHERE airlineCode='WS' AND flightNumber=502 AND flightDate=TO_DATE('May 17, 2012', 'MON DD, YYYY')), '1', 'YYJ', TO_TIMESTAMP_TZ('May 17, 2012 18:10 -08:00', 'MON DD, YYYY HH24:MI TZH:TZM'), 'departed at 18:10');
INSERT INTO Arrivals VALUES((SELECT id FROM FlightInstances WHERE airlineCode='WS' AND flightNumber=502 AND flightDate=TO_DATE('May 17, 2012', 'MON DD, YYYY')), 'A1', 'YYC', TO_TIMESTAMP_TZ('May 17, 2012 20:29 -07:00', 'MON DD, YYYY HH24:MI TZH:TZM'), 'arrived at 20:29');
-- INSERT INTO Flights VALUES ('WS',508,'YYJ','YYC','B738',TO_TIMESTAMP_TZ('Jan 15, 1980 20:10 -08:00','MON DD, YYYY HH24:MI TZH:TZM'),TO_TIMESTAMP_TZ('Jan 15, 1980 22:29 -07:00','MON DD, YYYY HH24:MI TZH:TZM'));
INSERT INTO Departures VALUES((SELECT id FROM FlightInstances WHERE airlineCode='WS' AND flightNumber=508 AND flightDate=TO_DATE('May 17, 2012', 'MON DD, YYYY')), '1', 'YYJ', TO_TIMESTAMP_TZ('May 17, 2012 20:10 -08:00', 'MON DD, YYYY HH24:MI TZH:TZM'), 'departed at 20:10');
INSERT INTO Arrivals VALUES((SELECT id FROM FlightInstances WHERE airlineCode='WS' AND flightNumber=508 AND flightDate=TO_DATE('May 17, 2012', 'MON DD, YYYY')), 'A1', 'YYC', TO_TIMESTAMP_TZ('May 17, 2012 22:29 -07:00', 'MON DD, YYYY HH24:MI TZH:TZM'), 'arrived at 22:29');
-- INSERT INTO Flights VALUES ('WS',614,'YYJ','YEG','B737',TO_TIMESTAMP_TZ('Jan 15, 1980 09:00 -08:00','MON DD, YYYY HH24:MI TZH:TZM'),TO_TIMESTAMP_TZ('Jan 15, 1980 11:28 -07:00','MON DD, YYYY HH24:MI TZH:TZM'));
INSERT INTO Departures VALUES((SELECT id FROM FlightInstances WHERE airlineCode='WS' AND flightNumber=614 AND flightDate=TO_DATE('May 17, 2012', 'MON DD, YYYY')), '1', 'YYJ', TO_TIMESTAMP_TZ('May 17, 2012 09:00 -08:00', 'MON DD, YYYY HH24:MI TZH:TZM'), 'departed at 09:00');
INSERT INTO Arrivals VALUES((SELECT id FROM FlightInstances WHERE airlineCode='WS' AND flightNumber=614 AND flightDate=TO_DATE('May 17, 2012', 'MON DD, YYYY')), 'A1', 'YEG', TO_TIMESTAMP_TZ('May 17, 2012 11:28 -07:00', 'MON DD, YYYY HH24:MI TZH:TZM'), 'arrived at 11:28');
-- INSERT INTO Flights VALUES ('WS',336,'YYJ','YEG','B737',TO_TIMESTAMP_TZ('Jan 15, 1980 14:00 -08:00','MON DD, YYYY HH24:MI TZH:TZM'),TO_TIMESTAMP_TZ('Jan 15, 1980 16:28 -07:00','MON DD, YYYY HH24:MI TZH:TZM'));
INSERT INTO Departures VALUES((SELECT id FROM FlightInstances WHERE airlineCode='WS' AND flightNumber=336 AND flightDate=TO_DATE('May 17, 2012', 'MON DD, YYYY')), '1', 'YYJ', TO_TIMESTAMP_TZ('May 17, 2012 14:00 -08:00', 'MON DD, YYYY HH24:MI TZH:TZM'), 'departed at 14:00');
INSERT INTO Arrivals VALUES((SELECT id FROM FlightInstances WHERE airlineCode='WS' AND flightNumber=336 AND flightDate=TO_DATE('May 17, 2012', 'MON DD, YYYY')), 'A1', 'YEG', TO_TIMESTAMP_TZ('May 17, 2012 16:28 -07:00', 'MON DD, YYYY HH24:MI TZH:TZM'), 'arrived at 16:28');
-- INSERT INTO Flights VALUES ('WS',192,'YYJ','YEG','B737',TO_TIMESTAMP_TZ('Jan 15, 1980 19:30 -08:00','MON DD, YYYY HH24:MI TZH:TZM'),TO_TIMESTAMP_TZ('Jan 15, 1980 21:58 -07:00','MON DD, YYYY HH24:MI TZH:TZM'));
INSERT INTO Departures VALUES((SELECT id FROM FlightInstances WHERE airlineCode='WS' AND flightNumber=192 AND flightDate=TO_DATE('May 17, 2012', 'MON DD, YYYY')), '1', 'YYJ', TO_TIMESTAMP_TZ('May 17, 2012 19:30 -08:00', 'MON DD, YYYY HH24:MI TZH:TZM'), 'departed at 19:30');
INSERT INTO Arrivals VALUES((SELECT id FROM FlightInstances WHERE airlineCode='WS' AND flightNumber=192 AND flightDate=TO_DATE('May 17, 2012', 'MON DD, YYYY')), 'A1', 'YEG', TO_TIMESTAMP_TZ('May 17, 2012 21:58 -07:00', 'MON DD, YYYY HH24:MI TZH:TZM'), 'arrived at 21:58');
-- INSERT INTO Flights VALUES ('WS',312,'YYJ','YLW','B737',TO_TIMESTAMP_TZ('Jan 15, 1980 09:15 -08:00','MON DD, YYYY HH24:MI TZH:TZM'),TO_TIMESTAMP_TZ('Jan 15, 1980 10:13 -08:00','MON DD, YYYY HH24:MI TZH:TZM'));
INSERT INTO Departures VALUES((SELECT id FROM FlightInstances WHERE airlineCode='WS' AND flightNumber=312 AND flightDate=TO_DATE('May 17, 2012', 'MON DD, YYYY')), '1', 'YYJ', TO_TIMESTAMP_TZ('May 17, 2012 09:15 -08:00', 'MON DD, YYYY HH24:MI TZH:TZM'), 'departed at 19:30');
INSERT INTO Arrivals VALUES((SELECT id FROM FlightInstances WHERE airlineCode='WS' AND flightNumber=312 AND flightDate=TO_DATE('May 17, 2012', 'MON DD, YYYY')), '1', 'YLW', TO_TIMESTAMP_TZ('May 17, 2012 10:13 -08:00', 'MON DD, YYYY HH24:MI TZH:TZM'), 'arrived at 21:58');
-- INSERT INTO Flights VALUES ('WS',650,'YYJ','YYZ','B737',TO_TIMESTAMP_TZ('Jan 15, 1980 11:35 -08:00','MON DD, YYYY HH24:MI TZH:TZM'),TO_TIMESTAMP_TZ('Jan 15, 1980 19:00 -05:00','MON DD, YYYY HH24:MI TZH:TZM'));
INSERT INTO Departures VALUES((SELECT id FROM FlightInstances WHERE airlineCode='WS' AND flightNumber=650 AND flightDate=TO_DATE('May 17, 2012', 'MON DD, YYYY')), '1', 'YYJ', TO_TIMESTAMP_TZ('May 17, 2012 11:35 -08:00', 'MON DD, YYYY HH24:MI TZH:TZM'), 'departed at 11:35');
INSERT INTO Arrivals VALUES((SELECT id FROM FlightInstances WHERE airlineCode='WS' AND flightNumber=650 AND flightDate=TO_DATE('May 17, 2012', 'MON DD, YYYY')), 'A8', 'YYZ', TO_TIMESTAMP_TZ('May 17, 2012 19:00 -05:00', 'MON DD, YYYY HH24:MI TZH:TZM'), 'arrived at 19:00');
-- INSERT INTO Flights VALUES ('WS',197,'YLW','YYJ','B737',TO_TIMESTAMP_TZ('Jan 15, 1980 18:00 -08:00','MON DD, YYYY HH24:MI TZH:TZM'),TO_TIMESTAMP_TZ('Jan 15, 1980 18:55 -08:00','MON DD, YYYY HH24:MI TZH:TZM'));
INSERT INTO Departures VALUES((SELECT id FROM FlightInstances WHERE airlineCode='WS' AND flightNumber=197 AND flightDate=TO_DATE('May 17, 2012', 'MON DD, YYYY')), '1', 'YLW', TO_TIMESTAMP_TZ('May 17, 2012 18:00 -08:00', 'MON DD, YYYY HH24:MI TZH:TZM'), 'departed at 18:00');
INSERT INTO Arrivals VALUES((SELECT id FROM FlightInstances WHERE airlineCode='WS' AND flightNumber=197 AND flightDate=TO_DATE('May 17, 2012', 'MON DD, YYYY')), '1', 'YYJ', TO_TIMESTAMP_TZ('May 17, 2012 18:55 -08:00', 'MON DD, YYYY HH24:MI TZH:TZM'), 'arrived at 18:55');
-- INSERT INTO Flights VALUES ('WS',546,'YYZ','YYJ','B737',TO_TIMESTAMP_TZ('Jan 15, 1980 08:45 -05:00','MON DD, YYYY HH24:MI TZH:TZM'),TO_TIMESTAMP_TZ('Jan 15, 1980 10:51 -08:00','MON DD, YYYY HH24:MI TZH:TZM'));
INSERT INTO Departures VALUES((SELECT id FROM FlightInstances WHERE airlineCode='WS' AND flightNumber=546 AND flightDate=TO_DATE('May 17, 2012', 'MON DD, YYYY')), 'A8', 'YYZ', TO_TIMESTAMP_TZ('May 17, 2012 08:45 -05:00', 'MON DD, YYYY HH24:MI TZH:TZM'), 'departed at 08:45');
INSERT INTO Arrivals VALUES((SELECT id FROM FlightInstances WHERE airlineCode='WS' AND flightNumber=546 AND flightDate=TO_DATE('May 17, 2012', 'MON DD, YYYY')), '1', 'YYJ', TO_TIMESTAMP_TZ('May 17, 2012 10:51 -08:00', 'MON DD, YYYY HH24:MI TZH:TZM'), 'arrived at 10:51');
-- INSERT INTO Flights VALUES ('WS',413,'YEG','YYJ','B737',TO_TIMESTAMP_TZ('Jan 15, 1980 08:05 -07:00','MON DD, YYYY HH24:MI TZH:TZM'),TO_TIMESTAMP_TZ('Jan 15, 1980 08:40 -08:00','MON DD, YYYY HH24:MI TZH:TZM'));
INSERT INTO Departures VALUES((SELECT id FROM FlightInstances WHERE airlineCode='WS' AND flightNumber=413 AND flightDate=TO_DATE('May 17, 2012', 'MON DD, YYYY')), 'A1', 'YEG', TO_TIMESTAMP_TZ('May 17, 2012 08:05 -07:00', 'MON DD, YYYY HH24:MI TZH:TZM'), 'departed at 08:05');
INSERT INTO Arrivals VALUES((SELECT id FROM FlightInstances WHERE airlineCode='WS' AND flightNumber=413 AND flightDate=TO_DATE('May 17, 2012', 'MON DD, YYYY')), '1', 'YYJ', TO_TIMESTAMP_TZ('May 17, 2012 08:40 -08:00', 'MON DD, YYYY HH24:MI TZH:TZM'), 'arrived at 08:40');
-- INSERT INTO Flights VALUES ('WS',335,'YEG','YYJ','B737',TO_TIMESTAMP_TZ('Jan 15, 1980 11:30 -07:00','MON DD, YYYY HH24:MI TZH:TZM'),TO_TIMESTAMP_TZ('Jan 15, 1980 12:05 -08:00','MON DD, YYYY HH24:MI TZH:TZM'));
INSERT INTO Departures VALUES((SELECT id FROM FlightInstances WHERE airlineCode='WS' AND flightNumber=335 AND flightDate=TO_DATE('May 17, 2012', 'MON DD, YYYY')), 'A1', 'YEG', TO_TIMESTAMP_TZ('May 17, 2012 11:30 -07:00', 'MON DD, YYYY HH24:MI TZH:TZM'), 'departed at 11:30');
INSERT INTO Arrivals VALUES((SELECT id FROM FlightInstances WHERE airlineCode='WS' AND flightNumber=335 AND flightDate=TO_DATE('May 17, 2012', 'MON DD, YYYY')), '1', 'YYJ', TO_TIMESTAMP_TZ('May 17, 2012 12:05 -08:00', 'MON DD, YYYY HH24:MI TZH:TZM'), 'arrived at 12:05');
-- INSERT INTO Flights VALUES ('WS',615,'YEG','YYJ','B737',TO_TIMESTAMP_TZ('Jan 15, 1980 17:00 -07:00','MON DD, YYYY HH24:MI TZH:TZM'),TO_TIMESTAMP_TZ('Jan 15, 1980 17:35 -08:00','MON DD, YYYY HH24:MI TZH:TZM'));
INSERT INTO Departures VALUES((SELECT id FROM FlightInstances WHERE airlineCode='WS' AND flightNumber=615 AND flightDate=TO_DATE('May 17, 2012', 'MON DD, YYYY')), 'A1', 'YEG', TO_TIMESTAMP_TZ('May 17, 2012 17:00 -07:00', 'MON DD, YYYY HH24:MI TZH:TZM'), 'departed at 17:00');
INSERT INTO Arrivals VALUES((SELECT id FROM FlightInstances WHERE airlineCode='WS' AND flightNumber=615 AND flightDate=TO_DATE('May 17, 2012', 'MON DD, YYYY')), '1', 'YYJ', TO_TIMESTAMP_TZ('May 17, 2012 17:35 -08:00', 'MON DD, YYYY HH24:MI TZH:TZM'), 'arrived at 17:35');
-- INSERT INTO Flights VALUES ('WS',209,'YYC','YYJ','B737',TO_TIMESTAMP_TZ('Jan 15, 1980 08:00 -07:00','MON DD, YYYY HH24:MI TZH:TZM'),TO_TIMESTAMP_TZ('Jan 15, 1980 08:27 -08:00','MON DD, YYYY HH24:MI TZH:TZM'));
INSERT INTO Departures VALUES((SELECT id FROM FlightInstances WHERE airlineCode='WS' AND flightNumber=209 AND flightDate=TO_DATE('May 17, 2012', 'MON DD, YYYY')), 'A1', 'YYC', TO_TIMESTAMP_TZ('May 17, 2012 08:00 -07:00', 'MON DD, YYYY HH24:MI TZH:TZM'), 'departed at 08:00');
INSERT INTO Arrivals VALUES((SELECT id FROM FlightInstances WHERE airlineCode='WS' AND flightNumber=209 AND flightDate=TO_DATE('May 17, 2012', 'MON DD, YYYY')), '1', 'YYJ', TO_TIMESTAMP_TZ('May 17, 2012 08:27 -08:00', 'MON DD, YYYY HH24:MI TZH:TZM'), 'arrived at 08:27');
-- INSERT INTO Flights VALUES ('WS',449,'YYC','YYJ','B737',TO_TIMESTAMP_TZ('Jan 15, 1980 12:50 -07:00','MON DD, YYYY HH24:MI TZH:TZM'),TO_TIMESTAMP_TZ('Jan 15, 1980 13:17 -08:00','MON DD, YYYY HH24:MI TZH:TZM'));
INSERT INTO Departures VALUES((SELECT id FROM FlightInstances WHERE airlineCode='WS' AND flightNumber=449 AND flightDate=TO_DATE('May 17, 2012', 'MON DD, YYYY')), 'A1', 'YYC', TO_TIMESTAMP_TZ('May 17, 2012 12:50 -07:00', 'MON DD, YYYY HH24:MI TZH:TZM'), 'departed at 12:50');
INSERT INTO Arrivals VALUES((SELECT id FROM FlightInstances WHERE airlineCode='WS' AND flightNumber=449 AND flightDate=TO_DATE('May 17, 2012', 'MON DD, YYYY')), '1', 'YYJ', TO_TIMESTAMP_TZ('May 17, 2012 13:17 -08:00', 'MON DD, YYYY HH24:MI TZH:TZM'), 'arrived at 13:17');
-- INSERT INTO Flights VALUES ('WS',221,'YYC','YYJ','B738',TO_TIMESTAMP_TZ('Jan 15, 1980 19:05 -07:00','MON DD, YYYY HH24:MI TZH:TZM'),TO_TIMESTAMP_TZ('Jan 15, 1980 19:32 -08:00','MON DD, YYYY HH24:MI TZH:TZM'));
INSERT INTO Departures VALUES((SELECT id FROM FlightInstances WHERE airlineCode='WS' AND flightNumber=221 AND flightDate=TO_DATE('May 17, 2012', 'MON DD, YYYY')), 'A1', 'YYC', TO_TIMESTAMP_TZ('May 17, 2012 19:05 -07:00', 'MON DD, YYYY HH24:MI TZH:TZM'), 'departed at 19:05');
INSERT INTO Arrivals VALUES((SELECT id FROM FlightInstances WHERE airlineCode='WS' AND flightNumber=221 AND flightDate=TO_DATE('May 17, 2012', 'MON DD, YYYY')), '1', 'YYJ', TO_TIMESTAMP_TZ('May 17, 2012 19:23 -08:00', 'MON DD, YYYY HH24:MI TZH:TZM'), 'arrived at 19:32');
-- INSERT INTO Flights VALUES ('WS',751,'YYC','YYJ','B737',TO_TIMESTAMP_TZ('Jan 15, 1980 22:30 -07:00','MON DD, YYYY HH24:MI TZH:TZM'),TO_TIMESTAMP_TZ('Jan 15, 1980 22:57 -08:00','MON DD, YYYY HH24:MI TZH:TZM'));
INSERT INTO Departures VALUES((SELECT id FROM FlightInstances WHERE airlineCode='WS' AND flightNumber=751 AND flightDate=TO_DATE('May 17, 2012', 'MON DD, YYYY')), 'A1', 'YYC', TO_TIMESTAMP_TZ('May 17, 2012 22:30 -07:00', 'MON DD, YYYY HH24:MI TZH:TZM'), 'departed at 22:30');
INSERT INTO Arrivals VALUES((SELECT id FROM FlightInstances WHERE airlineCode='WS' AND flightNumber=751 AND flightDate=TO_DATE('May 17, 2012', 'MON DD, YYYY')), '1', 'YYJ', TO_TIMESTAMP_TZ('May 17, 2012 22:57 -08:00', 'MON DD, YYYY HH24:MI TZH:TZM'), 'arrived at 22:57');
-- INSERT INTO Flights VALUES ('AS',2381,'YYJ','SEA','BDH4',TO_TIMESTAMP_TZ('Jan 15, 1980 06:00 -08:00','MON DD, YYYY HH24:MI TZH:TZM'),TO_TIMESTAMP_TZ('Jan 15, 1980 06:40 -08:00','MON DD, YYYY HH24:MI TZH:TZM'));
INSERT INTO Departures VALUES((SELECT id FROM FlightInstances WHERE airlineCode='AS' AND flightNumber=2381 AND flightDate=TO_DATE('May 17, 2012', 'MON DD, YYYY')), '1', 'YYJ', TO_TIMESTAMP_TZ('May 17, 2012 06:00 -08:00', 'MON DD, YYYY HH24:MI TZH:TZM'), 'departed at 06:00');
INSERT INTO Arrivals VALUES((SELECT id FROM FlightInstances WHERE airlineCode='AS' AND flightNumber=2381 AND flightDate=TO_DATE('May 17, 2012', 'MON DD, YYYY')), 'A1', 'SEA', TO_TIMESTAMP_TZ('May 17, 2012 06:40 -08:00', 'MON DD, YYYY HH24:MI TZH:TZM'), 'arrived at 06:40');
-- INSERT INTO Flights VALUES ('AS',2383,'YYJ','SEA','BDH4',TO_TIMESTAMP_TZ('Jan 15, 1980 09:05 -08:00','MON DD, YYYY HH24:MI TZH:TZM'),TO_TIMESTAMP_TZ('Jan 15, 1980 09:45 -08:00','MON DD, YYYY HH24:MI TZH:TZM'));
INSERT INTO Departures VALUES((SELECT id FROM FlightInstances WHERE airlineCode='AS' AND flightNumber=2383 AND flightDate=TO_DATE('May 17, 2012', 'MON DD, YYYY')), '1', 'YYJ', TO_TIMESTAMP_TZ('May 17, 2012 09:05 -08:00', 'MON DD, YYYY HH24:MI TZH:TZM'), 'departed at 09:05');
INSERT INTO Arrivals VALUES((SELECT id FROM FlightInstances WHERE airlineCode='AS' AND flightNumber=2383 AND flightDate=TO_DATE('May 17, 2012', 'MON DD, YYYY')), 'A1', 'SEA', TO_TIMESTAMP_TZ('May 17, 2012 09:45 -08:00', 'MON DD, YYYY HH24:MI TZH:TZM'), 'arrived at 09:45');
-- INSERT INTO Flights VALUES ('AS',2385,'YYJ','SEA','BDH4',TO_TIMESTAMP_TZ('Jan 15, 1980 12:20 -08:00','MON DD, YYYY HH24:MI TZH:TZM'),TO_TIMESTAMP_TZ('Jan 15, 1980 13:01 -08:00','MON DD, YYYY HH24:MI TZH:TZM'));
INSERT INTO Departures VALUES((SELECT id FROM FlightInstances WHERE airlineCode='AS' AND flightNumber=2385 AND flightDate=TO_DATE('May 17, 2012', 'MON DD, YYYY')), '1', 'YYJ', TO_TIMESTAMP_TZ('May 17, 2012 12:20 -08:00', 'MON DD, YYYY HH24:MI TZH:TZM'), 'departed at 12:20');
INSERT INTO Arrivals VALUES((SELECT id FROM FlightInstances WHERE airlineCode='AS' AND flightNumber=2385 AND flightDate=TO_DATE('May 17, 2012', 'MON DD, YYYY')), 'A1', 'SEA', TO_TIMESTAMP_TZ('May 17, 2012 13:01 -08:00', 'MON DD, YYYY HH24:MI TZH:TZM'), 'arrived at 13:01');
-- INSERT INTO Flights VALUES ('AS',2387,'YYJ','SEA','BDH4',TO_TIMESTAMP_TZ('Jan 15, 1980 15:40 -08:00','MON DD, YYYY HH24:MI TZH:TZM'),TO_TIMESTAMP_TZ('Jan 15, 1980 16:20 -08:00','MON DD, YYYY HH24:MI TZH:TZM'));
INSERT INTO Departures VALUES((SELECT id FROM FlightInstances WHERE airlineCode='AS' AND flightNumber=2387 AND flightDate=TO_DATE('May 17, 2012', 'MON DD, YYYY')), '1', 'YYJ', TO_TIMESTAMP_TZ('May 17, 2012 15:40 -08:00', 'MON DD, YYYY HH24:MI TZH:TZM'), 'departed at 15:40');
INSERT INTO Arrivals VALUES((SELECT id FROM FlightInstances WHERE airlineCode='AS' AND flightNumber=2387 AND flightDate=TO_DATE('May 17, 2012', 'MON DD, YYYY')), 'A1', 'SEA', TO_TIMESTAMP_TZ('May 17, 2012 16:20 -08:00', 'MON DD, YYYY HH24:MI TZH:TZM'), 'arrived at 16:20');
-- INSERT INTO Flights VALUES ('AS',2389,'YYJ','SEA','BDH4',TO_TIMESTAMP_TZ('Jan 15, 1980 18:50 -08:00','MON DD, YYYY HH24:MI TZH:TZM'),TO_TIMESTAMP_TZ('Jan 15, 1980 19:30 -08:00','MON DD, YYYY HH24:MI TZH:TZM'));
INSERT INTO Departures VALUES((SELECT id FROM FlightInstances WHERE airlineCode='AS' AND flightNumber=2389 AND flightDate=TO_DATE('May 17, 2012', 'MON DD, YYYY')), '1', 'YYJ', TO_TIMESTAMP_TZ('May 17, 2012 18:50 -08:00', 'MON DD, YYYY HH24:MI TZH:TZM'), 'departed at 18:50');
INSERT INTO Arrivals VALUES((SELECT id FROM FlightInstances WHERE airlineCode='AS' AND flightNumber=2389 AND flightDate=TO_DATE('May 17, 2012', 'MON DD, YYYY')), 'A1', 'SEA', TO_TIMESTAMP_TZ('May 17, 2012 19:30 -08:00', 'MON DD, YYYY HH24:MI TZH:TZM'), 'arrived at 19:30');
-- INSERT INTO Flights VALUES ('AS',2382,'SEA','YYJ','BDH4',TO_TIMESTAMP_TZ('Jan 15, 1980 07:50 -08:00','MON DD, YYYY HH24:MI TZH:TZM'),TO_TIMESTAMP_TZ('Jan 15, 1980 08:29 -08:00','MON DD, YYYY HH24:MI TZH:TZM'));
INSERT INTO Departures VALUES((SELECT id FROM FlightInstances WHERE airlineCode='AS' AND flightNumber=2382 AND flightDate=TO_DATE('May 17, 2012', 'MON DD, YYYY')), 'A1', 'SEA', TO_TIMESTAMP_TZ('May 17, 2012 07:50 -08:00', 'MON DD, YYYY HH24:MI TZH:TZM'), 'departed at 07:50');
INSERT INTO Arrivals VALUES((SELECT id FROM FlightInstances WHERE airlineCode='AS' AND flightNumber=2382 AND flightDate=TO_DATE('May 17, 2012', 'MON DD, YYYY')), '1', 'YYJ', TO_TIMESTAMP_TZ('May 17, 2012 08:29 -08:00', 'MON DD, YYYY HH24:MI TZH:TZM'), 'arrived at 08:29');
-- INSERT INTO Flights VALUES ('AS',2384,'SEA','YYJ','BDH4',TO_TIMESTAMP_TZ('Jan 15, 1980 11:00 -08:00','MON DD, YYYY HH24:MI TZH:TZM'),TO_TIMESTAMP_TZ('Jan 15, 1980 11:45 -08:00','MON DD, YYYY HH24:MI TZH:TZM'));
INSERT INTO Departures VALUES((SELECT id FROM FlightInstances WHERE airlineCode='AS' AND flightNumber=2384 AND flightDate=TO_DATE('May 17, 2012', 'MON DD, YYYY')), 'A1', 'SEA', TO_TIMESTAMP_TZ('May 17, 2012 11:00 -08:00', 'MON DD, YYYY HH24:MI TZH:TZM'), 'departed at 11:00');
INSERT INTO Arrivals VALUES((SELECT id FROM FlightInstances WHERE airlineCode='AS' AND flightNumber=2384 AND flightDate=TO_DATE('May 17, 2012', 'MON DD, YYYY')), '1', 'YYJ', TO_TIMESTAMP_TZ('May 17, 2012 11:45 -08:00', 'MON DD, YYYY HH24:MI TZH:TZM'), 'arrived at 11:45');
-- INSERT INTO Flights VALUES ('AS',2386,'SEA','YYJ','BDH4',TO_TIMESTAMP_TZ('Jan 15, 1980 14:20 -08:00','MON DD, YYYY HH24:MI TZH:TZM'),TO_TIMESTAMP_TZ('Jan 15, 1980 15:04 -08:00','MON DD, YYYY HH24:MI TZH:TZM'));
INSERT INTO Departures VALUES((SELECT id FROM FlightInstances WHERE airlineCode='AS' AND flightNumber=2386 AND flightDate=TO_DATE('May 17, 2012', 'MON DD, YYYY')), 'A1', 'SEA', TO_TIMESTAMP_TZ('May 17, 2012 14:29 -08:00', 'MON DD, YYYY HH24:MI TZH:TZM'), 'delayed to 14:29');
INSERT INTO Arrivals VALUES((SELECT id FROM FlightInstances WHERE airlineCode='AS' AND flightNumber=2386 AND flightDate=TO_DATE('May 17, 2012', 'MON DD, YYYY')), '1', 'YYJ', TO_TIMESTAMP_TZ('May 17, 2012 15:14 -08:00', 'MON DD, YYYY HH24:MI TZH:TZM'), 'delayed to 15:14');
-- INSERT INTO Flights VALUES ('AS',2388,'SEA','YYJ','BDH4',TO_TIMESTAMP_TZ('Jan 15, 1980 17:32 -08:00','MON DD, YYYY HH24:MI TZH:TZM'),TO_TIMESTAMP_TZ('Jan 15, 1980 18:15 -08:00','MON DD, YYYY HH24:MI TZH:TZM'));
INSERT INTO Departures VALUES((SELECT id FROM FlightInstances WHERE airlineCode='AS' AND flightNumber=2388 AND flightDate=TO_DATE('May 17, 2012', 'MON DD, YYYY')), 'A1', 'SEA', TO_TIMESTAMP_TZ('May 17, 2012 17:32 -08:00', 'MON DD, YYYY HH24:MI TZH:TZM'), 'departed at 17:32');
INSERT INTO Arrivals VALUES((SELECT id FROM FlightInstances WHERE airlineCode='AS' AND flightNumber=2388 AND flightDate=TO_DATE('May 17, 2012', 'MON DD, YYYY')), '1', 'YYJ', TO_TIMESTAMP_TZ('May 17, 2012 18:15 -08:00', 'MON DD, YYYY HH24:MI TZH:TZM'), 'arrived at 18:15');
-- INSERT INTO Flights VALUES ('AS',2380,'SEA','YYJ','BDH4',TO_TIMESTAMP_TZ('Jan 15, 1980 23:00 -08:00','MON DD, YYYY HH24:MI TZH:TZM'),TO_TIMESTAMP_TZ('Jan 15, 1980 23:42 -08:00','MON DD, YYYY HH24:MI TZH:TZM'));
INSERT INTO Departures VALUES((SELECT id FROM FlightInstances WHERE airlineCode='AS' AND flightNumber=2380 AND flightDate=TO_DATE('May 17, 2012', 'MON DD, YYYY')), 'A1', 'SEA', TO_TIMESTAMP_TZ('May 17, 2012 23:00 -08:00', 'MON DD, YYYY HH24:MI TZH:TZM'), 'departed at 23:00');
INSERT INTO Arrivals VALUES((SELECT id FROM FlightInstances WHERE airlineCode='AS' AND flightNumber=2380 AND flightDate=TO_DATE('May 17, 2012', 'MON DD, YYYY')), '1', 'YYJ', TO_TIMESTAMP_TZ('May 17, 2012 23:42 -08:00', 'MON DD, YYYY HH24:MI TZH:TZM'), 'arrived at 23:42');
INSERT INTO Departures VALUES((SELECT id FROM FlightInstances WHERE airlineCode='AC' AND flightNumber=8551 AND flightDate=TO_DATE('May 18, 2012', 'MON DD, YYYY')), 'A1', 'YYC', TO_TIMESTAMP_TZ('May 18, 2012 07:40 -07:00', 'MON DD, YYYY HH24:MI TZH:TZM'), 'departed at 07:40');
INSERT INTO Arrivals VALUES((SELECT id FROM FlightInstances WHERE airlineCode='AC' AND flightNumber=8551 AND flightDate=TO_DATE('May 18, 2012', 'MON DD, YYYY')), '1', 'YYJ', TO_TIMESTAMP_TZ('May 18, 2012 08:09 -08:00', 'MON DD, YYYY HH24:MI TZH:TZM'), 'arrived at 08:09');
INSERT INTO Departures VALUES((SELECT id FROM FlightInstances WHERE airlineCode='AC' AND flightNumber=8553 AND flightDate=TO_DATE('May 18, 2012', 'MON DD, YYYY')), 'A2', 'YYC', TO_TIMESTAMP_TZ('May 18, 2012 11:25 -07:00', 'MON DD, YYYY HH24:MI TZH:TZM'), 'departed at 11:25');
INSERT INTO Arrivals VALUES((SELECT id FROM FlightInstances WHERE airlineCode='AC' AND flightNumber=8553 AND flightDate=TO_DATE('May 18, 2012', 'MON DD, YYYY')), '1', 'YYJ', TO_TIMESTAMP_TZ('May 18, 2012 11:54 -08:00', 'MON DD, YYYY HH24:MI TZH:TZM'), 'arrived at 11:54');
INSERT INTO Departures VALUES((SELECT id FROM FlightInstances WHERE airlineCode='AC' AND flightNumber=8555 AND flightDate=TO_DATE('May 18, 2012', 'MON DD, YYYY')), 'A2', 'YYC', TO_TIMESTAMP_TZ('May 18, 2012 16:25 -07:00', 'MON DD, YYYY HH24:MI TZH:TZM'), 'departed at 16:25');
INSERT INTO Arrivals VALUES((SELECT id FROM FlightInstances WHERE airlineCode='AC' AND flightNumber=8555 AND flightDate=TO_DATE('May 18, 2012', 'MON DD, YYYY')), '1', 'YYJ', TO_TIMESTAMP_TZ('May 18, 2012 16:54 -08:00', 'MON DD, YYYY HH24:MI TZH:TZM'), 'arrived at 16:54');
INSERT INTO Departures VALUES((SELECT id FROM FlightInstances WHERE airlineCode='AC' AND flightNumber=8559 AND flightDate=TO_DATE('May 18, 2012', 'MON DD, YYYY')), 'A2', 'YYC', TO_TIMESTAMP_TZ('May 18, 2012 18:45 -07:00', 'MON DD, YYYY HH24:MI TZH:TZM'), 'departed at 18:45');
INSERT INTO Arrivals VALUES((SELECT id FROM FlightInstances WHERE airlineCode='AC' AND flightNumber=8559 AND flightDate=TO_DATE('May 18, 2012', 'MON DD, YYYY')), '1', 'YYJ', TO_TIMESTAMP_TZ('May 18, 2012 19:14 -08:00', 'MON DD, YYYY HH24:MI TZH:TZM'), 'arrived at 19:14');
INSERT INTO Departures VALUES((SELECT id FROM FlightInstances WHERE airlineCode='AC' AND flightNumber=8197 AND flightDate=TO_DATE('May 18, 2012', 'MON DD, YYYY')), '1', 'YKA', TO_TIMESTAMP_TZ('May 18, 2012 17:15 -07:00', 'MON DD, YYYY HH24:MI TZH:TZM'), 'departed at 17:15');
INSERT INTO Arrivals VALUES((SELECT id FROM FlightInstances WHERE airlineCode='AC' AND flightNumber=8197 AND flightDate=TO_DATE('May 18, 2012', 'MON DD, YYYY')), '1', 'YYJ', TO_TIMESTAMP_TZ('May 18, 2012 19:22 -08:00', 'MON DD, YYYY HH24:MI TZH:TZM'), 'arrived at 19:22');
INSERT INTO Departures VALUES((SELECT id FROM FlightInstances WHERE airlineCode='AC' AND flightNumber=1191 AND flightDate=TO_DATE('May 18, 2012', 'MON DD, YYYY')), 'A1', 'YOW', TO_TIMESTAMP_TZ('May 18, 2012 07:00 -05:00', 'MON DD, YYYY HH24:MI TZH:TZM'), 'departed at 07:00');
INSERT INTO Arrivals VALUES((SELECT id FROM FlightInstances WHERE airlineCode='AC' AND flightNumber=1191 AND flightDate=TO_DATE('May 18, 2012', 'MON DD, YYYY')), '1', 'YYJ', TO_TIMESTAMP_TZ('May 18, 2012 10:56 -08:00', 'MON DD, YYYY HH24:MI TZH:TZM'), 'arrived at 10:56');
INSERT INTO Departures VALUES((SELECT id FROM FlightInstances WHERE airlineCode='AC' AND flightNumber=8557 AND flightDate=TO_DATE('May 18, 2012', 'MON DD, YYYY')), 'A1', 'YXE', TO_TIMESTAMP_TZ('May 18, 2012 16:50 -06:00', 'MON DD, YYYY HH24:MI TZH:TZM'), 'departed at 16:50');
INSERT INTO Arrivals VALUES((SELECT id FROM FlightInstances WHERE airlineCode='AC' AND flightNumber=8557 AND flightDate=TO_DATE('May 18, 2012', 'MON DD, YYYY')), '1', 'YYJ', TO_TIMESTAMP_TZ('May 18, 2012 19:14 -08:00', 'MON DD, YYYY HH24:MI TZH:TZM'), 'arrived at 19:14');
INSERT INTO Departures VALUES((SELECT id FROM FlightInstances WHERE airlineCode='AC' AND flightNumber=4401 AND flightDate=TO_DATE('May 18, 2012', 'MON DD, YYYY')), 'A1', 'SFO', TO_TIMESTAMP_TZ('May 18, 2012 10:33 -08:00', 'MON DD, YYYY HH24:MI TZH:TZM'), 'departed at 10:33');
INSERT INTO Arrivals VALUES((SELECT id FROM FlightInstances WHERE airlineCode='AC' AND flightNumber=4401 AND flightDate=TO_DATE('May 18, 2012', 'MON DD, YYYY')), '1', 'YYJ', TO_TIMESTAMP_TZ('May 18, 2012 12:50 -08:00', 'MON DD, YYYY HH24:MI TZH:TZM'), 'arrived at 12:50');
INSERT INTO Departures VALUES((SELECT id FROM FlightInstances WHERE airlineCode='AC' AND flightNumber=4403 AND flightDate=TO_DATE('May 18, 2012', 'MON DD, YYYY')), 'A1', 'SFO', TO_TIMESTAMP_TZ('May 18, 2012 19:46 -08:00', 'MON DD, YYYY HH24:MI TZH:TZM'), 'departed at 19:46');
INSERT INTO Arrivals VALUES((SELECT id FROM FlightInstances WHERE airlineCode='AC' AND flightNumber=4403 AND flightDate=TO_DATE('May 18, 2012', 'MON DD, YYYY')), '1', 'YYJ', TO_TIMESTAMP_TZ('May 18, 2012 22:03 -08:00', 'MON DD, YYYY HH24:MI TZH:TZM'), 'arrived at 22:03');
INSERT INTO Departures VALUES((SELECT id FROM FlightInstances WHERE airlineCode='AC' AND flightNumber=8059 AND flightDate=TO_DATE('May 18, 2012', 'MON DD, YYYY')), '1', 'YXT', TO_TIMESTAMP_TZ('May 18, 2012 06:25 -08:00', 'MON DD, YYYY HH24:MI TZH:TZM'), 'departed at 06:25');
INSERT INTO Arrivals VALUES((SELECT id FROM FlightInstances WHERE airlineCode='AC' AND flightNumber=8059 AND flightDate=TO_DATE('May 18, 2012', 'MON DD, YYYY')), '1', 'YYJ', TO_TIMESTAMP_TZ('May 18, 2012 09:23 -08:00', 'MON DD, YYYY HH24:MI TZH:TZM'), 'arrived at 09:23');
INSERT INTO Departures VALUES((SELECT id FROM FlightInstances WHERE airlineCode='AC' AND flightNumber=191 AND flightDate=TO_DATE('May 18, 2012', 'MON DD, YYYY')), 'A8', 'YYZ', TO_TIMESTAMP_TZ('May 18, 2012 18:05 -05:00', 'MON DD, YYYY HH24:MI TZH:TZM'), 'departed at 18:05');
INSERT INTO Arrivals VALUES((SELECT id FROM FlightInstances WHERE airlineCode='AC' AND flightNumber=191 AND flightDate=TO_DATE('May 18, 2012', 'MON DD, YYYY')), '1', 'YYJ', TO_TIMESTAMP_TZ('May 18, 2012 20:09 -08:00', 'MON DD, YYYY HH24:MI TZH:TZM'), 'arrived at 20:09');
INSERT INTO Departures VALUES((SELECT id FROM FlightInstances WHERE airlineCode='AC' AND flightNumber=1193 AND flightDate=TO_DATE('May 18, 2012', 'MON DD, YYYY')), 'A8', 'YYZ', TO_TIMESTAMP_TZ('May 18, 2012 20:55 -05:00', 'MON DD, YYYY HH24:MI TZH:TZM'), 'departed at 20:55');
INSERT INTO Arrivals VALUES((SELECT id FROM FlightInstances WHERE airlineCode='AC' AND flightNumber=1193 AND flightDate=TO_DATE('May 18, 2012', 'MON DD, YYYY')), '1', 'YYJ', TO_TIMESTAMP_TZ('May 18, 2012 23:06 -08:00', 'MON DD, YYYY HH24:MI TZH:TZM'), 'arrived at 23:06');
INSERT INTO Departures VALUES((SELECT id FROM FlightInstances WHERE airlineCode='AC' AND flightNumber=8055 AND flightDate=TO_DATE('May 18, 2012', 'MON DD, YYYY')), 'A1', 'YVR', TO_TIMESTAMP_TZ('May 18, 2012 07:00 -08:00', 'MON DD, YYYY HH24:MI TZH:TZM'), 'departed at 07:00');
INSERT INTO Arrivals VALUES((SELECT id FROM FlightInstances WHERE airlineCode='AC' AND flightNumber=8055 AND flightDate=TO_DATE('May 18, 2012', 'MON DD, YYYY')), '1', 'YYJ', TO_TIMESTAMP_TZ('May 18, 2012 07:24 -08:00', 'MON DD, YYYY HH24:MI TZH:TZM'), 'arrived at 07:24');
INSERT INTO Departures VALUES((SELECT id FROM FlightInstances WHERE airlineCode='AC' AND flightNumber=8057 AND flightDate=TO_DATE('May 18, 2012', 'MON DD, YYYY')), 'A1', 'YVR', TO_TIMESTAMP_TZ('May 18, 2012 08:00 -08:00', 'MON DD, YYYY HH24:MI TZH:TZM'), 'departed at 08:00');
INSERT INTO Arrivals VALUES((SELECT id FROM FlightInstances WHERE airlineCode='AC' AND flightNumber=8057 AND flightDate=TO_DATE('May 18, 2012', 'MON DD, YYYY')), '1', 'YYJ', TO_TIMESTAMP_TZ('May 18, 2012 08:24 -08:00', 'MON DD, YYYY HH24:MI TZH:TZM'), 'arrived at 08:24');
INSERT INTO Departures VALUES((SELECT id FROM FlightInstances WHERE airlineCode='AC' AND flightNumber=8061 AND flightDate=TO_DATE('May 18, 2012', 'MON DD, YYYY')), 'A1', 'YVR', TO_TIMESTAMP_TZ('May 18, 2012 10:00 -08:00', 'MON DD, YYYY HH24:MI TZH:TZM'), 'departed at 10:00');
INSERT INTO Arrivals VALUES((SELECT id FROM FlightInstances WHERE airlineCode='AC' AND flightNumber=8061 AND flightDate=TO_DATE('May 18, 2012', 'MON DD, YYYY')), '1', 'YYJ', TO_TIMESTAMP_TZ('May 18, 2012 10:23 -08:00', 'MON DD, YYYY HH24:MI TZH:TZM'), 'arrived at 10:23');
INSERT INTO Departures VALUES((SELECT id FROM FlightInstances WHERE airlineCode='AC' AND flightNumber=8063 AND flightDate=TO_DATE('May 18, 2012', 'MON DD, YYYY')), 'A1', 'YVR', TO_TIMESTAMP_TZ('May 18, 2012 11:00 -08:00', 'MON DD, YYYY HH24:MI TZH:TZM'), 'departed at 11:00');
INSERT INTO Arrivals VALUES((SELECT id FROM FlightInstances WHERE airlineCode='AC' AND flightNumber=8063 AND flightDate=TO_DATE('May 18, 2012', 'MON DD, YYYY')), '1', 'YYJ', TO_TIMESTAMP_TZ('May 18, 2012 11:22 -08:00', 'MON DD, YYYY HH24:MI TZH:TZM'), 'arrived at 11:22');
INSERT INTO Departures VALUES((SELECT id FROM FlightInstances WHERE airlineCode='AC' AND flightNumber=8051 AND flightDate=TO_DATE('May 18, 2012', 'MON DD, YYYY')), 'A1', 'YVR', TO_TIMESTAMP_TZ('May 18, 2012 11:30 -08:00', 'MON DD, YYYY HH24:MI TZH:TZM'), 'departed at 11:30');
INSERT INTO Arrivals VALUES((SELECT id FROM FlightInstances WHERE airlineCode='AC' AND flightNumber=8051 AND flightDate=TO_DATE('May 18, 2012', 'MON DD, YYYY')), '1', 'YYJ', TO_TIMESTAMP_TZ('May 18, 2012 11:53 -08:00', 'MON DD, YYYY HH24:MI TZH:TZM'), 'arrived at 11:53');
INSERT INTO Departures VALUES((SELECT id FROM FlightInstances WHERE airlineCode='AC' AND flightNumber=8065 AND flightDate=TO_DATE('May 18, 2012', 'MON DD, YYYY')), 'A1', 'YVR', TO_TIMESTAMP_TZ('May 18, 2012 12:00 -08:00', 'MON DD, YYYY HH24:MI TZH:TZM'), 'departed at 12:00');
INSERT INTO Arrivals VALUES((SELECT id FROM FlightInstances WHERE airlineCode='AC' AND flightNumber=8065 AND flightDate=TO_DATE('May 18, 2012', 'MON DD, YYYY')), '1', 'YYJ', TO_TIMESTAMP_TZ('May 18, 2012 12:22 -08:00', 'MON DD, YYYY HH24:MI TZH:TZM'), 'arrived at 12:22');
INSERT INTO Departures VALUES((SELECT id FROM FlightInstances WHERE airlineCode='AC' AND flightNumber=8085 AND flightDate=TO_DATE('May 18, 2012', 'MON DD, YYYY')), 'A1', 'YVR', TO_TIMESTAMP_TZ('May 18, 2012 12:30 -08:00', 'MON DD, YYYY HH24:MI TZH:TZM'), 'departed at 12:30');
INSERT INTO Arrivals VALUES((SELECT id FROM FlightInstances WHERE airlineCode='AC' AND flightNumber=8085 AND flightDate=TO_DATE('May 18, 2012', 'MON DD, YYYY')), '1', 'YYJ', TO_TIMESTAMP_TZ('May 18, 2012 12:53 -08:00', 'MON DD, YYYY HH24:MI TZH:TZM'), 'arrived at 12:53');
INSERT INTO Departures VALUES((SELECT id FROM FlightInstances WHERE airlineCode='AC' AND flightNumber=8067 AND flightDate=TO_DATE('May 18, 2012', 'MON DD, YYYY')), 'A1', 'YVR', TO_TIMESTAMP_TZ('May 18, 2012 13:00 -08:00', 'MON DD, YYYY HH24:MI TZH:TZM'), 'departed at 13:00');
INSERT INTO Arrivals VALUES((SELECT id FROM FlightInstances WHERE airlineCode='AC' AND flightNumber=8067 AND flightDate=TO_DATE('May 18, 2012', 'MON DD, YYYY')), '1', 'YYJ', TO_TIMESTAMP_TZ('May 18, 2012 13:22 -08:00', 'MON DD, YYYY HH24:MI TZH:TZM'), 'arrived at 13:22');
INSERT INTO Departures VALUES((SELECT id FROM FlightInstances WHERE airlineCode='AC' AND flightNumber=8053 AND flightDate=TO_DATE('May 18, 2012', 'MON DD, YYYY')), 'A1', 'YVR', TO_TIMESTAMP_TZ('May 18, 2012 13:30 -08:00', 'MON DD, YYYY HH24:MI TZH:TZM'), 'departed at 13:30');
INSERT INTO Arrivals VALUES((SELECT id FROM FlightInstances WHERE airlineCode='AC' AND flightNumber=8053 AND flightDate=TO_DATE('May 18, 2012', 'MON DD, YYYY')), '1', 'YYJ', TO_TIMESTAMP_TZ('May 18, 2012 13:52 -08:00', 'MON DD, YYYY HH24:MI TZH:TZM'), 'arrived at 13:52');
INSERT INTO Departures VALUES((SELECT id FROM FlightInstances WHERE airlineCode='AC' AND flightNumber=8069 AND flightDate=TO_DATE('May 18, 2012', 'MON DD, YYYY')), 'A1', 'YVR', TO_TIMESTAMP_TZ('May 18, 2012 14:00 -08:00', 'MON DD, YYYY HH24:MI TZH:TZM'), 'departed at 14:00');
INSERT INTO Arrivals VALUES((SELECT id FROM FlightInstances WHERE airlineCode='AC' AND flightNumber=8069 AND flightDate=TO_DATE('May 18, 2012', 'MON DD, YYYY')), '1', 'YYJ', TO_TIMESTAMP_TZ('May 18, 2012 14:22 -08:00', 'MON DD, YYYY HH24:MI TZH:TZM'), 'arrived at 14:22');
INSERT INTO Departures VALUES((SELECT id FROM FlightInstances WHERE airlineCode='AC' AND flightNumber=8071 AND flightDate=TO_DATE('May 18, 2012', 'MON DD, YYYY')), 'A1', 'YVR', TO_TIMESTAMP_TZ('May 18, 2012 15:00 -08:00', 'MON DD, YYYY HH24:MI TZH:TZM'), 'departed at 15:00');
INSERT INTO Arrivals VALUES((SELECT id FROM FlightInstances WHERE airlineCode='AC' AND flightNumber=8071 AND flightDate=TO_DATE('May 18, 2012', 'MON DD, YYYY')), '1', 'YYJ', TO_TIMESTAMP_TZ('May 18, 2012 15:23 -08:00', 'MON DD, YYYY HH24:MI TZH:TZM'), 'arrived at 15:23');
INSERT INTO Departures VALUES((SELECT id FROM FlightInstances WHERE airlineCode='AC' AND flightNumber=8161 AND flightDate=TO_DATE('May 18, 2012', 'MON DD, YYYY')), 'A1', 'YVR', TO_TIMESTAMP_TZ('May 18, 2012 15:30 -08:00', 'MON DD, YYYY HH24:MI TZH:TZM'), 'departed at 15:30');
INSERT INTO Arrivals VALUES((SELECT id FROM FlightInstances WHERE airlineCode='AC' AND flightNumber=8161 AND flightDate=TO_DATE('May 18, 2012', 'MON DD, YYYY')), '1', 'YYJ', TO_TIMESTAMP_TZ('May 18, 2012 15:53 -08:00', 'MON DD, YYYY HH24:MI TZH:TZM'), 'arrived at 15:53');
INSERT INTO Departures VALUES((SELECT id FROM FlightInstances WHERE airlineCode='AC' AND flightNumber=8073 AND flightDate=TO_DATE('May 18, 2012', 'MON DD, YYYY')), 'A1', 'YVR', TO_TIMESTAMP_TZ('May 18, 2012 16:00 -08:00', 'MON DD, YYYY HH24:MI TZH:TZM'), 'departed at 16:00');
INSERT INTO Arrivals VALUES((SELECT id FROM FlightInstances WHERE airlineCode='AC' AND flightNumber=8073 AND flightDate=TO_DATE('May 18, 2012', 'MON DD, YYYY')), '1', 'YYJ', TO_TIMESTAMP_TZ('May 18, 2012 16:22 -08:00', 'MON DD, YYYY HH24:MI TZH:TZM'), 'arrived at 16:22');
INSERT INTO Departures VALUES((SELECT id FROM FlightInstances WHERE airlineCode='AC' AND flightNumber=8091 AND flightDate=TO_DATE('May 18, 2012', 'MON DD, YYYY')), 'A1', 'YVR', TO_TIMESTAMP_TZ('May 18, 2012 16:30 -08:00', 'MON DD, YYYY HH24:MI TZH:TZM'), 'departed at 16:30');
INSERT INTO Arrivals VALUES((SELECT id FROM FlightInstances WHERE airlineCode='AC' AND flightNumber=8091 AND flightDate=TO_DATE('May 18, 2012', 'MON DD, YYYY')), '1', 'YYJ', TO_TIMESTAMP_TZ('May 18, 2012 16:52 -08:00', 'MON DD, YYYY HH24:MI TZH:TZM'), 'arrived at 16:52');
INSERT INTO Departures VALUES((SELECT id FROM FlightInstances WHERE airlineCode='AC' AND flightNumber=8075 AND flightDate=TO_DATE('May 18, 2012', 'MON DD, YYYY')), 'A1', 'YVR', TO_TIMESTAMP_TZ('May 18, 2012 17:00 -08:00', 'MON DD, YYYY HH24:MI TZH:TZM'), 'departed at 17:00');
INSERT INTO Arrivals VALUES((SELECT id FROM FlightInstances WHERE airlineCode='AC' AND flightNumber=8075 AND flightDate=TO_DATE('May 18, 2012', 'MON DD, YYYY')), '1', 'YYJ', TO_TIMESTAMP_TZ('May 18, 2012 17:22 -08:00', 'MON DD, YYYY HH24:MI TZH:TZM'), 'arrived at 17:20');
INSERT INTO Departures VALUES((SELECT id FROM FlightInstances WHERE airlineCode='AC' AND flightNumber=8077 AND flightDate=TO_DATE('May 18, 2012', 'MON DD, YYYY')), 'A1', 'YVR', TO_TIMESTAMP_TZ('May 18, 2012 18:00 -08:00', 'MON DD, YYYY HH24:MI TZH:TZM'), 'departed at 18:00');
INSERT INTO Arrivals VALUES((SELECT id FROM FlightInstances WHERE airlineCode='AC' AND flightNumber=8077 AND flightDate=TO_DATE('May 18, 2012', 'MON DD, YYYY')), '1', 'YYJ', TO_TIMESTAMP_TZ('May 18, 2012 18:22 -08:00', 'MON DD, YYYY HH24:MI TZH:TZM'), 'arrived at 18:22');
INSERT INTO Departures VALUES((SELECT id FROM FlightInstances WHERE airlineCode='AC' AND flightNumber=8079 AND flightDate=TO_DATE('May 18, 2012', 'MON DD, YYYY')), 'A1', 'YVR', TO_TIMESTAMP_TZ('May 18, 2012 19:00 -08:00', 'MON DD, YYYY HH24:MI TZH:TZM'), 'departed at 19:00');
INSERT INTO Arrivals VALUES((SELECT id FROM FlightInstances WHERE airlineCode='AC' AND flightNumber=8079 AND flightDate=TO_DATE('May 18, 2012', 'MON DD, YYYY')), '1', 'YYJ', TO_TIMESTAMP_TZ('May 18, 2012 19:21 -08:00', 'MON DD, YYYY HH24:MI TZH:TZM'), 'arrived at 19:21');
INSERT INTO Departures VALUES((SELECT id FROM FlightInstances WHERE airlineCode='AC' AND flightNumber=8081 AND flightDate=TO_DATE('May 18, 2012', 'MON DD, YYYY')), 'A1', 'YVR', TO_TIMESTAMP_TZ('May 18, 2012 20:00 -08:00', 'MON DD, YYYY HH24:MI TZH:TZM'), 'departed at 20:00');
INSERT INTO Arrivals VALUES((SELECT id FROM FlightInstances WHERE airlineCode='AC' AND flightNumber=8081 AND flightDate=TO_DATE('May 18, 2012', 'MON DD, YYYY')), '1', 'YYJ', TO_TIMESTAMP_TZ('May 18, 2012 20:21 -08:00', 'MON DD, YYYY HH24:MI TZH:TZM'), 'arrived at 20:21');
INSERT INTO Departures VALUES((SELECT id FROM FlightInstances WHERE airlineCode='AC' AND flightNumber=8083 AND flightDate=TO_DATE('May 18, 2012', 'MON DD, YYYY')), 'A1', 'YVR', TO_TIMESTAMP_TZ('May 18, 2012 22:20 -08:00', 'MON DD, YYYY HH24:MI TZH:TZM'), 'departed at 22:20');
INSERT INTO Arrivals VALUES((SELECT id FROM FlightInstances WHERE airlineCode='AC' AND flightNumber=8083 AND flightDate=TO_DATE('May 18, 2012', 'MON DD, YYYY')), '1', 'YYJ', TO_TIMESTAMP_TZ('May 18, 2012 22:43 -08:00', 'MON DD, YYYY HH24:MI TZH:TZM'), 'arrived at 22:43');
INSERT INTO Departures VALUES((SELECT id FROM FlightInstances WHERE airlineCode='AC' AND flightNumber=8087 AND flightDate=TO_DATE('May 18, 2012', 'MON DD, YYYY')), 'A1', 'YVR', TO_TIMESTAMP_TZ('May 18, 2012 23:30 -08:00', 'MON DD, YYYY HH24:MI TZH:TZM'), 'departed at 23:30');
INSERT INTO Arrivals VALUES((SELECT id FROM FlightInstances WHERE airlineCode='AC' AND flightNumber=8087 AND flightDate=TO_DATE('May 18, 2012', 'MON DD, YYYY')), '1', 'YYJ', TO_TIMESTAMP_TZ('May 18, 2012 23:53 -08:00', 'MON DD, YYYY HH24:MI TZH:TZM'), 'arrived at 23:53');
--
-- INSERT INTO Flights VALUES ('AC',8552,'YYJ','YYC','BCRJ',TO_TIMESTAMP_TZ('Jan 15, 1980 08:40 -08:00','MON DD, YYYY HH24:MI TZH:TZM'),TO_TIMESTAMP_TZ('Jan 15, 1980 10:45 -07:00','MON DD, YYYY HH24:MI TZH:TZM'));
INSERT INTO Departures VALUES((SELECT id FROM FlightInstances WHERE airlineCode='AC' AND flightNumber=8552 AND flightDate=TO_DATE('May 18, 2012', 'MON DD, YYYY')), '1', 'YYJ', TO_TIMESTAMP_TZ('May 18, 2012 08:40 -08:00', 'MON DD, YYYY HH24:MI TZH:TZM'), 'departed at 08:40');
INSERT INTO Arrivals VALUES((SELECT id FROM FlightInstances WHERE airlineCode='AC' AND flightNumber=8552 AND flightDate=TO_DATE('May 18, 2012', 'MON DD, YYYY')), 'A1', 'YYC', TO_TIMESTAMP_TZ('May 18, 2012 10:45 -07:00', 'MON DD, YYYY HH24:MI TZH:TZM'), 'arrived at 10:45');
-- INSERT INTO Flights VALUES ('AC',8554,'YYJ','YYC','BCRJ',TO_TIMESTAMP_TZ('Jan 15, 1980 12:25 -08:00','MON DD, YYYY HH24:MI TZH:TZM'),TO_TIMESTAMP_TZ('Jan 15, 1980 14:45 -07:00','MON DD, YYYY HH24:MI TZH:TZM'));
INSERT INTO Departures VALUES((SELECT id FROM FlightInstances WHERE airlineCode='AC' AND flightNumber=8554 AND flightDate=TO_DATE('May 18, 2012', 'MON DD, YYYY')), '1', 'YYJ', TO_TIMESTAMP_TZ('May 18, 2012 12:25 -08:00', 'MON DD, YYYY HH24:MI TZH:TZM'), 'departed at 12:25');
INSERT INTO Arrivals VALUES((SELECT id FROM FlightInstances WHERE airlineCode='AC' AND flightNumber=8554 AND flightDate=TO_DATE('May 18, 2012', 'MON DD, YYYY')), 'A1', 'YYC', TO_TIMESTAMP_TZ('May 18, 2012 14:45 -07:00', 'MON DD, YYYY HH24:MI TZH:TZM'), 'arrived at 14:45');
-- INSERT INTO Flights VALUES ('AC',8558,'YYJ','YYC','BCRJ',TO_TIMESTAMP_TZ('Jan 15, 1980 20:40 -08:00','MON DD, YYYY HH24:MI TZH:TZM'),TO_TIMESTAMP_TZ('Jan 15, 1980 23:00 -07:00','MON DD, YYYY HH24:MI TZH:TZM'));
INSERT INTO Departures VALUES((SELECT id FROM FlightInstances WHERE airlineCode='AC' AND flightNumber=8558 AND flightDate=TO_DATE('May 18, 2012', 'MON DD, YYYY')), '1', 'YYJ', TO_TIMESTAMP_TZ('May 18, 2012 20:40 -08:00', 'MON DD, YYYY HH24:MI TZH:TZM'), 'departed at 20:40');
INSERT INTO Arrivals VALUES((SELECT id FROM FlightInstances WHERE airlineCode='AC' AND flightNumber=8558 AND flightDate=TO_DATE('May 18, 2012', 'MON DD, YYYY')), 'A1', 'YYC', TO_TIMESTAMP_TZ('May 18, 2012 23:00 -07:00', 'MON DD, YYYY HH24:MI TZH:TZM'), 'arrived at 23:00');
-- INSERT INTO Flights VALUES ('AC',8178,'YYJ','YKA','BDH3',TO_TIMESTAMP_TZ('Jan 15, 1980 15:00 -08:00','MON DD, YYYY HH24:MI TZH:TZM'),TO_TIMESTAMP_TZ('Jan 15, 1980 16:51 -08:00','MON DD, YYYY HH24:MI TZH:TZM'));
INSERT INTO Departures VALUES((SELECT id FROM FlightInstances WHERE airlineCode='AC' AND flightNumber=8178 AND flightDate=TO_DATE('May 18, 2012', 'MON DD, YYYY')), '1', 'YYJ', TO_TIMESTAMP_TZ('May 18, 2012 15:00 -08:00', 'MON DD, YYYY HH24:MI TZH:TZM'), 'departed at 15:00');
INSERT INTO Arrivals VALUES((SELECT id FROM FlightInstances WHERE airlineCode='AC' AND flightNumber=8178 AND flightDate=TO_DATE('May 18, 2012', 'MON DD, YYYY')), '1', 'YKA', TO_TIMESTAMP_TZ('May 18, 2012 16:51 -08:00', 'MON DD, YYYY HH24:MI TZH:TZM'), 'arrived at 16:51');
--  INSERT INTO Flights VALUES ('AC',4400,'YYJ','SFO','BCRJ',TO_TIMESTAMP_TZ('Jan 15, 1980 06:53 -08:00','MON DD, YYYY HH24:MI TZH:TZM'),TO_TIMESTAMP_TZ('Jan 15, 1980 09:06 -08:00','MON DD, YYYY HH24:MI TZH:TZM'));
INSERT INTO Departures VALUES((SELECT id FROM FlightInstances WHERE airlineCode='AC' AND flightNumber=4400 AND flightDate=TO_DATE('May 18, 2012', 'MON DD, YYYY')), '1', 'YYJ', TO_TIMESTAMP_TZ('May 18, 2012 06:53 -08:00', 'MON DD, YYYY HH24:MI TZH:TZM'), 'departed at 06:53');
INSERT INTO Arrivals VALUES((SELECT id FROM FlightInstances WHERE airlineCode='AC' AND flightNumber=4400 AND flightDate=TO_DATE('May 18, 2012', 'MON DD, YYYY')), 'A1', 'SFO', TO_TIMESTAMP_TZ('May 18, 2012 09:06 -08:00', 'MON DD, YYYY HH24:MI TZH:TZM'), 'arrived at 09:06');
-- INSERT INTO Flights VALUES ('AC',4402,'YYJ','SFO','BCRJ',TO_TIMESTAMP_TZ('Jan 15, 1980 13:21 -08:00','MON DD, YYYY HH24:MI TZH:TZM'),TO_TIMESTAMP_TZ('Jan 15, 1980 15:34 -08:00','MON DD, YYYY HH24:MI TZH:TZM'));
INSERT INTO Departures VALUES((SELECT id FROM FlightInstances WHERE airlineCode='AC' AND flightNumber=4402 AND flightDate=TO_DATE('May 18, 2012', 'MON DD, YYYY')), '1', 'YYJ', TO_TIMESTAMP_TZ('May 18, 2012 13:21 -08:00', 'MON DD, YYYY HH24:MI TZH:TZM'), 'departed at 13:21');
INSERT INTO Arrivals VALUES((SELECT id FROM FlightInstances WHERE airlineCode='AC' AND flightNumber=4402 AND flightDate=TO_DATE('May 18, 2012', 'MON DD, YYYY')), 'A1', 'SFO', TO_TIMESTAMP_TZ('May 18, 2012 15:34 -08:00', 'MON DD, YYYY HH24:MI TZH:TZM'), 'arrived at 15:34');
-- INSERT INTO Flights VALUES ('AC',8556,'YYJ','YXE','BCRJ',TO_TIMESTAMP_TZ('Jan 15, 1980 15:00 -08:00','MON DD, YYYY HH24:MI TZH:TZM'),TO_TIMESTAMP_TZ('Jan 15, 1980 19:12 -06:00','MON DD, YYYY HH24:MI TZH:TZM'));
INSERT INTO Departures VALUES((SELECT id FROM FlightInstances WHERE airlineCode='AC' AND flightNumber=8556 AND flightDate=TO_DATE('May 18, 2012', 'MON DD, YYYY')), '1', 'YYJ', TO_TIMESTAMP_TZ('May 18, 2012 15:00 -08:00', 'MON DD, YYYY HH24:MI TZH:TZM'), 'departed at 15:00');
INSERT INTO Arrivals VALUES((SELECT id FROM FlightInstances WHERE airlineCode='AC' AND flightNumber=8556 AND flightDate=TO_DATE('May 18, 2012', 'MON DD, YYYY')), 'A1', 'YXE', TO_TIMESTAMP_TZ('May 18, 2012 19:12 -06:00', 'MON DD, YYYY HH24:MI TZH:TZM'), 'arrived at 19:12');
-- INSERT INTO Flights VALUES ('AC',190,'YYJ','YYZ','A319',TO_TIMESTAMP_TZ('Jan 15, 1980 06:45 -08:00','MON DD, YYYY HH24:MI TZH:TZM'),TO_TIMESTAMP_TZ('Jan 15, 1980 14:10 -05:00','MON DD, YYYY HH24:MI TZH:TZM'));
INSERT INTO Departures VALUES((SELECT id FROM FlightInstances WHERE airlineCode='AC' AND flightNumber=190 AND flightDate=TO_DATE('May 18, 2012', 'MON DD, YYYY')), '1', 'YYJ', TO_TIMESTAMP_TZ('May 18, 2012 06:45 -08:00', 'MON DD, YYYY HH24:MI TZH:TZM'), 'departed at 06:45');
INSERT INTO Arrivals VALUES((SELECT id FROM FlightInstances WHERE airlineCode='AC' AND flightNumber=190 AND flightDate=TO_DATE('May 18, 2012', 'MON DD, YYYY')), 'A8', 'YYZ', TO_TIMESTAMP_TZ('May 18, 2012 14:10 -05:00', 'MON DD, YYYY HH24:MI TZH:TZM'), 'arrived at 14:10');
-- INSERT INTO Flights VALUES ('AC',1186,'YYJ','YYZ','E90',TO_TIMESTAMP_TZ('Jan 15, 1980 12:00 -08:00','MON DD, YYYY HH24:MI TZH:TZM'),TO_TIMESTAMP_TZ('Jan 15, 1980 19:23 -05:00','MON DD, YYYY HH24:MI TZH:TZM'));
INSERT INTO Departures VALUES((SELECT id FROM FlightInstances WHERE airlineCode='AC' AND flightNumber=1186 AND flightDate=TO_DATE('May 18, 2012', 'MON DD, YYYY')), '1', 'YYJ', TO_TIMESTAMP_TZ('May 18, 2012 12:00 -08:00', 'MON DD, YYYY HH24:MI TZH:TZM'), 'departed at 12:00');
INSERT INTO Arrivals VALUES((SELECT id FROM FlightInstances WHERE airlineCode='AC' AND flightNumber=1186 AND flightDate=TO_DATE('May 18, 2012', 'MON DD, YYYY')), 'A8', 'YYZ', TO_TIMESTAMP_TZ('May 18, 2012 19:23 -05:00', 'MON DD, YYYY HH24:MI TZH:TZM'), 'arrived at 19:23');
-- INSERT INTO Flights VALUES ('AC',1192,'YYJ','YYZ','E90',TO_TIMESTAMP_TZ('Jan 15, 1980 23:50 -08:00','MON DD, YYYY HH24:MI TZH:TZM'),TO_TIMESTAMP_TZ('Jan 16, 1980 07:13 -05:00','MON DD, YYYY HH24:MI TZH:TZM'));
INSERT INTO Departures VALUES((SELECT id FROM FlightInstances WHERE airlineCode='AC' AND flightNumber=1192 AND flightDate=TO_DATE('May 18, 2012', 'MON DD, YYYY')), '1', 'YYJ', TO_TIMESTAMP_TZ('May 18, 2012 23:50 -08:00', 'MON DD, YYYY HH24:MI TZH:TZM'), 'departed at 23:50');
INSERT INTO Arrivals VALUES((SELECT id FROM FlightInstances WHERE airlineCode='AC' AND flightNumber=1192 AND flightDate=TO_DATE('May 18, 2012', 'MON DD, YYYY')), 'A8', 'YYZ', TO_TIMESTAMP_TZ('May 19, 2012 07:13 -05:00', 'MON DD, YYYY HH24:MI TZH:TZM'), 'arrived at 07:13');
-- INSERT INTO Flights VALUES ('AC',8050,'YYJ','YVR','BDH3',TO_TIMESTAMP_TZ('Jan 15, 1980 05:25 -08:00','MON DD, YYYY HH24:MI TZH:TZM'),TO_TIMESTAMP_TZ('Jan 15, 1980 05:48 -08:00','MON DD, YYYY HH24:MI TZH:TZM'));
INSERT INTO Departures VALUES((SELECT id FROM FlightInstances WHERE airlineCode='AC' AND flightNumber=8050 AND flightDate=TO_DATE('May 18, 2012', 'MON DD, YYYY')), '1', 'YYJ', TO_TIMESTAMP_TZ('May 18, 2012 05:25 -08:00', 'MON DD, YYYY HH24:MI TZH:TZM'), 'departed at 05:25');
INSERT INTO Arrivals VALUES((SELECT id FROM FlightInstances WHERE airlineCode='AC' AND flightNumber=8050 AND flightDate=TO_DATE('May 18, 2012', 'MON DD, YYYY')), 'A1', 'YVR', TO_TIMESTAMP_TZ('May 18, 2012 05:48 -08:00', 'MON DD, YYYY HH24:MI TZH:TZM'), 'arrived at 05:48');
-- INSERT INTO Flights VALUES ('AC',8054,'YYJ','YVR','BDH3',TO_TIMESTAMP_TZ('Jan 15, 1980 07:00 -08:00','MON DD, YYYY HH24:MI TZH:TZM'),TO_TIMESTAMP_TZ('Jan 15, 1980 07:23 -08:00','MON DD, YYYY HH24:MI TZH:TZM'));
INSERT INTO Departures VALUES((SELECT id FROM FlightInstances WHERE airlineCode='AC' AND flightNumber=8054 AND flightDate=TO_DATE('May 18, 2012', 'MON DD, YYYY')), '1', 'YYJ', TO_TIMESTAMP_TZ('May 18, 2012 07:11 -08:00', 'MON DD, YYYY HH24:MI TZH:TZM'), 'delayed to 07:11');
INSERT INTO Arrivals VALUES((SELECT id FROM FlightInstances WHERE airlineCode='AC' AND flightNumber=8054 AND flightDate=TO_DATE('May 18, 2012', 'MON DD, YYYY')), 'A1', 'YVR', TO_TIMESTAMP_TZ('May 18, 2012 07:35 -08:00', 'MON DD, YYYY HH24:MI TZH:TZM'), 'delayed to 07:35');
-- INSERT INTO Flights VALUES ('AC',8056,'YYJ','YVR','BDH1',TO_TIMESTAMP_TZ('Jan 15, 1980 08:00 -08:00','MON DD, YYYY HH24:MI TZH:TZM'),TO_TIMESTAMP_TZ('Jan 15, 1980 08:23 -08:00','MON DD, YYYY HH24:MI TZH:TZM'));
INSERT INTO Departures VALUES((SELECT id FROM FlightInstances WHERE airlineCode='AC' AND flightNumber=8056 AND flightDate=TO_DATE('May 18, 2012', 'MON DD, YYYY')), '1', 'YYJ', TO_TIMESTAMP_TZ('May 18, 2012 08:00 -08:00', 'MON DD, YYYY HH24:MI TZH:TZM'), 'departed at 08:00');
INSERT INTO Arrivals VALUES((SELECT id FROM FlightInstances WHERE airlineCode='AC' AND flightNumber=8056 AND flightDate=TO_DATE('May 18, 2012', 'MON DD, YYYY')), 'A1', 'YVR', TO_TIMESTAMP_TZ('May 18, 2012 08:23 -08:00', 'MON DD, YYYY HH24:MI TZH:TZM'), 'arrived at 08:23');
-- INSERT INTO Flights VALUES ('AC',8058,'YYJ','YVR','BDH1',TO_TIMESTAMP_TZ('Jan 15, 1980 09:00 -08:00','MON DD, YYYY HH24:MI TZH:TZM'),TO_TIMESTAMP_TZ('Jan 15, 1980 09:23 -08:00','MON DD, YYYY HH24:MI TZH:TZM'));
INSERT INTO Departures VALUES((SELECT id FROM FlightInstances WHERE airlineCode='AC' AND flightNumber=8058 AND flightDate=TO_DATE('May 18, 2012', 'MON DD, YYYY')), '1', 'YYJ', TO_TIMESTAMP_TZ('May 18, 2012 09:00 -08:00', 'MON DD, YYYY HH24:MI TZH:TZM'), 'departed at 09:00');
INSERT INTO Arrivals VALUES((SELECT id FROM FlightInstances WHERE airlineCode='AC' AND flightNumber=8058 AND flightDate=TO_DATE('May 18, 2012', 'MON DD, YYYY')), 'A1', 'YVR', TO_TIMESTAMP_TZ('May 18, 2012 09:23 -08:00', 'MON DD, YYYY HH24:MI TZH:TZM'), 'arrived at 09:23');
-- INSERT INTO Flights VALUES ('AC',8060,'YYJ','YVR','BDH1',TO_TIMESTAMP_TZ('Jan 15, 1980 10:00 -08:00','MON DD, YYYY HH24:MI TZH:TZM'),TO_TIMESTAMP_TZ('Jan 15, 1980 10:23 -08:00','MON DD, YYYY HH24:MI TZH:TZM'));
INSERT INTO Departures VALUES((SELECT id FROM FlightInstances WHERE airlineCode='AC' AND flightNumber=8060 AND flightDate=TO_DATE('May 18, 2012', 'MON DD, YYYY')), '1', 'YYJ', TO_TIMESTAMP_TZ('May 18, 2012 10:00 -08:00', 'MON DD, YYYY HH24:MI TZH:TZM'), 'departed at 10:00');
INSERT INTO Arrivals VALUES((SELECT id FROM FlightInstances WHERE airlineCode='AC' AND flightNumber=8060 AND flightDate=TO_DATE('May 18, 2012', 'MON DD, YYYY')), 'A1', 'YVR', TO_TIMESTAMP_TZ('May 18, 2012 10:23 -08:00', 'MON DD, YYYY HH24:MI TZH:TZM'), 'arrived at 10:23');
-- INSERT INTO Flights VALUES ('AC',8062,'YYJ','YVR','BDH1',TO_TIMESTAMP_TZ('Jan 15, 1980 11:00 -08:00','MON DD, YYYY HH24:MI TZH:TZM'),TO_TIMESTAMP_TZ('Jan 15, 1980 11:23 -08:00','MON DD, YYYY HH24:MI TZH:TZM'));
INSERT INTO Departures VALUES((SELECT id FROM FlightInstances WHERE airlineCode='AC' AND flightNumber=8062 AND flightDate=TO_DATE('May 18, 2012', 'MON DD, YYYY')), '1', 'YYJ', TO_TIMESTAMP_TZ('May 18, 2012 11:00 -08:00', 'MON DD, YYYY HH24:MI TZH:TZM'), 'departed at 11:00');
INSERT INTO Arrivals VALUES((SELECT id FROM FlightInstances WHERE airlineCode='AC' AND flightNumber=8062 AND flightDate=TO_DATE('May 18, 2012', 'MON DD, YYYY')), 'A1', 'YVR', TO_TIMESTAMP_TZ('May 18, 2012 11:23 -08:00', 'MON DD, YYYY HH24:MI TZH:TZM'), 'arrived at 11:23');
-- INSERT INTO Flights VALUES ('AC',8064,'YYJ','YVR','BDH1',TO_TIMESTAMP_TZ('Jan 15, 1980 12:00 -08:00','MON DD, YYYY HH24:MI TZH:TZM'),TO_TIMESTAMP_TZ('Jan 15, 1980 12:23 -08:00','MON DD, YYYY HH24:MI TZH:TZM'));
INSERT INTO Departures VALUES((SELECT id FROM FlightInstances WHERE airlineCode='AC' AND flightNumber=8064 AND flightDate=TO_DATE('May 18, 2012', 'MON DD, YYYY')), '1', 'YYJ', TO_TIMESTAMP_TZ('May 18, 2012 12:00 -08:00', 'MON DD, YYYY HH24:MI TZH:TZM'), 'departed at 12:00');
INSERT INTO Arrivals VALUES((SELECT id FROM FlightInstances WHERE airlineCode='AC' AND flightNumber=8064 AND flightDate=TO_DATE('May 18, 2012', 'MON DD, YYYY')), 'A1', 'YVR', TO_TIMESTAMP_TZ('May 18, 2012 12:23 -08:00', 'MON DD, YYYY HH24:MI TZH:TZM'), 'arrived at 12:23');
-- INSERT INTO Flights VALUES ('AC',8052,'YYJ','YVR','BDH3',TO_TIMESTAMP_TZ('Jan 15, 1980 12:30 -08:00','MON DD, YYYY HH24:MI TZH:TZM'),TO_TIMESTAMP_TZ('Jan 15, 1980 12:53 -08:00','MON DD, YYYY HH24:MI TZH:TZM'));
INSERT INTO Departures VALUES((SELECT id FROM FlightInstances WHERE airlineCode='AC' AND flightNumber=8052 AND flightDate=TO_DATE('May 18, 2012', 'MON DD, YYYY')), '1', 'YYJ', TO_TIMESTAMP_TZ('May 18, 2012 12:30 -08:00', 'MON DD, YYYY HH24:MI TZH:TZM'), 'departed at 12:30');
INSERT INTO Arrivals VALUES((SELECT id FROM FlightInstances WHERE airlineCode='AC' AND flightNumber=8052 AND flightDate=TO_DATE('May 18, 2012', 'MON DD, YYYY')), 'A1', 'YVR', TO_TIMESTAMP_TZ('May 18, 2012 12:53 -08:00', 'MON DD, YYYY HH24:MI TZH:TZM'), 'arrived at 12:53');
-- INSERT INTO Flights VALUES ('AC',8174,'YYJ','YVR','BDH1',TO_TIMESTAMP_TZ('Jan 15, 1980 12:30 -08:00','MON DD, YYYY HH24:MI TZH:TZM'),TO_TIMESTAMP_TZ('Jan 15, 1980 12:53 -08:00','MON DD, YYYY HH24:MI TZH:TZM'));
INSERT INTO Departures VALUES((SELECT id FROM FlightInstances WHERE airlineCode='AC' AND flightNumber=8174 AND flightDate=TO_DATE('May 18, 2012', 'MON DD, YYYY')), '1', 'YYJ', TO_TIMESTAMP_TZ('May 18, 2012 12:30 -08:00', 'MON DD, YYYY HH24:MI TZH:TZM'), 'departed at 12:30');
INSERT INTO Arrivals VALUES((SELECT id FROM FlightInstances WHERE airlineCode='AC' AND flightNumber=8174 AND flightDate=TO_DATE('May 18, 2012', 'MON DD, YYYY')), 'A1', 'YVR', TO_TIMESTAMP_TZ('May 18, 2012 12:53 -08:00', 'MON DD, YYYY HH24:MI TZH:TZM'), 'arrived at 12:53');
-- INSERT INTO Flights VALUES ('AC',8066,'YYJ','YVR','BDH3',TO_TIMESTAMP_TZ('Jan 15, 1980 13:00 -08:00','MON DD, YYYY HH24:MI TZH:TZM'),TO_TIMESTAMP_TZ('Jan 15, 1980 13:23 -08:00','MON DD, YYYY HH24:MI TZH:TZM'));
INSERT INTO Departures VALUES((SELECT id FROM FlightInstances WHERE airlineCode='AC' AND flightNumber=8066 AND flightDate=TO_DATE('May 18, 2012', 'MON DD, YYYY')), '1', 'YYJ', TO_TIMESTAMP_TZ('May 18, 2012 13:00 -08:00', 'MON DD, YYYY HH24:MI TZH:TZM'), 'departed at 13:00');
INSERT INTO Arrivals VALUES((SELECT id FROM FlightInstances WHERE airlineCode='AC' AND flightNumber=8066 AND flightDate=TO_DATE('May 18, 2012', 'MON DD, YYYY')), 'A1', 'YVR', TO_TIMESTAMP_TZ('May 18, 2012 13:23 -08:00', 'MON DD, YYYY HH24:MI TZH:TZM'), 'arrived at 13:23');
-- INSERT INTO Flights VALUES ('AC',8068,'YYJ','YVR','BDH3',TO_TIMESTAMP_TZ('Jan 15, 1980 14:00 -08:00','MON DD, YYYY HH24:MI TZH:TZM'),TO_TIMESTAMP_TZ('Jan 15, 1980 14:23 -08:00','MON DD, YYYY HH24:MI TZH:TZM'));
INSERT INTO Departures VALUES((SELECT id FROM FlightInstances WHERE airlineCode='AC' AND flightNumber=8068 AND flightDate=TO_DATE('May 18, 2012', 'MON DD, YYYY')), '1', 'YYJ', TO_TIMESTAMP_TZ('May 18, 2012 14:00 -08:00', 'MON DD, YYYY HH24:MI TZH:TZM'), 'departed at 14:00');
INSERT INTO Arrivals VALUES((SELECT id FROM FlightInstances WHERE airlineCode='AC' AND flightNumber=8068 AND flightDate=TO_DATE('May 18, 2012', 'MON DD, YYYY')), 'A1', 'YVR', TO_TIMESTAMP_TZ('May 18, 2012 14:23 -08:00', 'MON DD, YYYY HH24:MI TZH:TZM'), 'arrived at 14:23');
-- INSERT INTO Flights VALUES ('AC',8084,'YYJ','YVR','BDH3',TO_TIMESTAMP_TZ('Jan 15, 1980 14:30 -08:00','MON DD, YYYY HH24:MI TZH:TZM'),TO_TIMESTAMP_TZ('Jan 15, 1980 14:53 -08:00','MON DD, YYYY HH24:MI TZH:TZM'));
INSERT INTO Departures VALUES((SELECT id FROM FlightInstances WHERE airlineCode='AC' AND flightNumber=8084 AND flightDate=TO_DATE('May 18, 2012', 'MON DD, YYYY')), '1', 'YYJ', TO_TIMESTAMP_TZ('May 18, 2012 14:30 -08:00', 'MON DD, YYYY HH24:MI TZH:TZM'), 'departed at 14:30');
INSERT INTO Arrivals VALUES((SELECT id FROM FlightInstances WHERE airlineCode='AC' AND flightNumber=8084 AND flightDate=TO_DATE('May 18, 2012', 'MON DD, YYYY')), 'A1', 'YVR', TO_TIMESTAMP_TZ('May 18, 2012 14:53 -08:00', 'MON DD, YYYY HH24:MI TZH:TZM'), 'arrived at 14:53');
-- INSERT INTO Flights VALUES ('AC',8070,'YYJ','YVR','BDH1',TO_TIMESTAMP_TZ('Jan 15, 1980 15:00 -08:00','MON DD, YYYY HH24:MI TZH:TZM'),TO_TIMESTAMP_TZ('Jan 15, 1980 15:23 -08:00','MON DD, YYYY HH24:MI TZH:TZM'));
INSERT INTO Departures VALUES((SELECT id FROM FlightInstances WHERE airlineCode='AC' AND flightNumber=8070 AND flightDate=TO_DATE('May 18, 2012', 'MON DD, YYYY')), '1', 'YYJ', TO_TIMESTAMP_TZ('May 18, 2012 15:00 -08:00', 'MON DD, YYYY HH24:MI TZH:TZM'), 'departed at 15:00');
INSERT INTO Arrivals VALUES((SELECT id FROM FlightInstances WHERE airlineCode='AC' AND flightNumber=8070 AND flightDate=TO_DATE('May 18, 2012', 'MON DD, YYYY')), 'A1', 'YVR', TO_TIMESTAMP_TZ('May 18, 2012 15:23 -08:00', 'MON DD, YYYY HH24:MI TZH:TZM'), 'arrived at 15:23');
-- INSERT INTO Flights VALUES ('AC',8072,'YYJ','YVR','BDH3',TO_TIMESTAMP_TZ('Jan 15, 1980 16:00 -08:00','MON DD, YYYY HH24:MI TZH:TZM'),TO_TIMESTAMP_TZ('Jan 15, 1980 16:23 -08:00','MON DD, YYYY HH24:MI TZH:TZM'));
INSERT INTO Departures VALUES((SELECT id FROM FlightInstances WHERE airlineCode='AC' AND flightNumber=8072 AND flightDate=TO_DATE('May 18, 2012', 'MON DD, YYYY')), '1', 'YYJ', TO_TIMESTAMP_TZ('May 18, 2012 16:00 -08:00', 'MON DD, YYYY HH24:MI TZH:TZM'), 'departed at 16:00');
INSERT INTO Arrivals VALUES((SELECT id FROM FlightInstances WHERE airlineCode='AC' AND flightNumber=8072 AND flightDate=TO_DATE('May 18, 2012', 'MON DD, YYYY')), 'A1', 'YVR', TO_TIMESTAMP_TZ('May 18, 2012 16:23 -08:00', 'MON DD, YYYY HH24:MI TZH:TZM'), 'arrived at 16:23');
-- INSERT INTO Flights VALUES ('AC',8086,'YYJ','YVR','BDH3',TO_TIMESTAMP_TZ('Jan 15, 1980 16:30 -08:00','MON DD, YYYY HH24:MI TZH:TZM'),TO_TIMESTAMP_TZ('Jan 15, 1980 16:53 -08:00','MON DD, YYYY HH24:MI TZH:TZM'));
INSERT INTO Departures VALUES((SELECT id FROM FlightInstances WHERE airlineCode='AC' AND flightNumber=8086 AND flightDate=TO_DATE('May 18, 2012', 'MON DD, YYYY')), '1', 'YYJ', TO_TIMESTAMP_TZ('May 18, 2012 16:30 -08:00', 'MON DD, YYYY HH24:MI TZH:TZM'), 'departed at 16:30');
INSERT INTO Arrivals VALUES((SELECT id FROM FlightInstances WHERE airlineCode='AC' AND flightNumber=8086 AND flightDate=TO_DATE('May 18, 2012', 'MON DD, YYYY')), 'A1', 'YVR', TO_TIMESTAMP_TZ('May 18, 2012 16:53 -08:00', 'MON DD, YYYY HH24:MI TZH:TZM'), 'arrived at 16:53');
-- INSERT INTO Flights VALUES ('AC',8074,'YYJ','YVR','BDH3',TO_TIMESTAMP_TZ('Jan 15, 1980 17:00 -08:00','MON DD, YYYY HH24:MI TZH:TZM'),TO_TIMESTAMP_TZ('Jan 15, 1980 17:23 -08:00','MON DD, YYYY HH24:MI TZH:TZM'));
INSERT INTO Departures VALUES((SELECT id FROM FlightInstances WHERE airlineCode='AC' AND flightNumber=8074 AND flightDate=TO_DATE('May 18, 2012', 'MON DD, YYYY')), '1', 'YYJ', TO_TIMESTAMP_TZ('May 18, 2012 17:00 -08:00', 'MON DD, YYYY HH24:MI TZH:TZM'), 'departed at 17:00');
INSERT INTO Arrivals VALUES((SELECT id FROM FlightInstances WHERE airlineCode='AC' AND flightNumber=8074 AND flightDate=TO_DATE('May 18, 2012', 'MON DD, YYYY')), 'A1', 'YVR', TO_TIMESTAMP_TZ('May 18, 2012 17:23 -08:00', 'MON DD, YYYY HH24:MI TZH:TZM'), 'arrived at 17:23');
-- INSERT INTO Flights VALUES ('AC',8076,'YYJ','YVR','BDH3',TO_TIMESTAMP_TZ('Jan 15, 1980 18:00 -08:00','MON DD, YYYY HH24:MI TZH:TZM'),TO_TIMESTAMP_TZ('Jan 15, 1980 18:23 -08:00','MON DD, YYYY HH24:MI TZH:TZM'));
INSERT INTO Departures VALUES((SELECT id FROM FlightInstances WHERE airlineCode='AC' AND flightNumber=8076 AND flightDate=TO_DATE('May 18, 2012', 'MON DD, YYYY')), '1', 'YYJ', TO_TIMESTAMP_TZ('May 18, 2012 18:00 -08:00', 'MON DD, YYYY HH24:MI TZH:TZM'), 'departed at 18:00');
INSERT INTO Arrivals VALUES((SELECT id FROM FlightInstances WHERE airlineCode='AC' AND flightNumber=8076 AND flightDate=TO_DATE('May 18, 2012', 'MON DD, YYYY')), 'A1', 'YVR', TO_TIMESTAMP_TZ('May 18, 2012 18:23 -08:00', 'MON DD, YYYY HH24:MI TZH:TZM'), 'arrived at 18:23');
-- INSERT INTO Flights VALUES ('AC',8078,'YYJ','YVR','BDH3',TO_TIMESTAMP_TZ('Jan 15, 1980 19:00 -08:00','MON DD, YYYY HH24:MI TZH:TZM'),TO_TIMESTAMP_TZ('Jan 15, 1980 19:23 -08:00','MON DD, YYYY HH24:MI TZH:TZM'));
INSERT INTO Departures VALUES((SELECT id FROM FlightInstances WHERE airlineCode='AC' AND flightNumber=8078 AND flightDate=TO_DATE('May 18, 2012', 'MON DD, YYYY')), '1', 'YYJ', TO_TIMESTAMP_TZ('May 18, 2012 19:00 -08:00', 'MON DD, YYYY HH24:MI TZH:TZM'), 'departed at 19:00');
INSERT INTO Arrivals VALUES((SELECT id FROM FlightInstances WHERE airlineCode='AC' AND flightNumber=8078 AND flightDate=TO_DATE('May 18, 2012', 'MON DD, YYYY')), 'A1', 'YVR', TO_TIMESTAMP_TZ('May 18, 2012 19:23 -08:00', 'MON DD, YYYY HH24:MI TZH:TZM'), 'arrived at 19:23');
-- INSERT INTO Flights VALUES ('AC',8080,'YYJ','YVR','BDH3',TO_TIMESTAMP_TZ('Jan 15, 1980 20:00 -08:00','MON DD, YYYY HH24:MI TZH:TZM'),TO_TIMESTAMP_TZ('Jan 15, 1980 20:23 -08:00','MON DD, YYYY HH24:MI TZH:TZM'));
INSERT INTO Departures VALUES((SELECT id FROM FlightInstances WHERE airlineCode='AC' AND flightNumber=8080 AND flightDate=TO_DATE('May 18, 2012', 'MON DD, YYYY')), '1', 'YYJ', TO_TIMESTAMP_TZ('May 18, 2012 20:00 -08:00', 'MON DD, YYYY HH24:MI TZH:TZM'), 'departed at 20:00');
INSERT INTO Arrivals VALUES((SELECT id FROM FlightInstances WHERE airlineCode='AC' AND flightNumber=8080 AND flightDate=TO_DATE('May 18, 2012', 'MON DD, YYYY')), 'A1', 'YVR', TO_TIMESTAMP_TZ('May 18, 2012 20:23 -08:00', 'MON DD, YYYY HH24:MI TZH:TZM'), 'arrived at 20:23');
-- INSERT INTO Flights VALUES ('WS',354,'YYJ','YYC','B737',TO_TIMESTAMP_TZ('Jan 15, 1980 07:00 -08:00','MON DD, YYYY HH24:MI TZH:TZM'),TO_TIMESTAMP_TZ('Jan 15, 1980 09:19 -07:00','MON DD, YYYY HH24:MI TZH:TZM'));
INSERT INTO Departures VALUES((SELECT id FROM FlightInstances WHERE airlineCode='WS' AND flightNumber=354 AND flightDate=TO_DATE('May 18, 2012', 'MON DD, YYYY')), '1', 'YYJ', TO_TIMESTAMP_TZ('May 18, 2012 07:00 -08:00', 'MON DD, YYYY HH24:MI TZH:TZM'), 'departed at 07:00');
INSERT INTO Arrivals VALUES((SELECT id FROM FlightInstances WHERE airlineCode='WS' AND flightNumber=354 AND flightDate=TO_DATE('May 18, 2012', 'MON DD, YYYY')), 'A1', 'YYC', TO_TIMESTAMP_TZ('May 18, 2012 09:19 -07:00', 'MON DD, YYYY HH24:MI TZH:TZM'), 'arrived at 09:19');
-- INSERT INTO Flights VALUES ('WS',196,'YYJ','YYC','B737',TO_TIMESTAMP_TZ('Jan 15, 1980 12:40 -08:00','MON DD, YYYY HH24:MI TZH:TZM'),TO_TIMESTAMP_TZ('Jan 15, 1980 14:59 -07:00','MON DD, YYYY HH24:MI TZH:TZM'));
INSERT INTO Departures VALUES((SELECT id FROM FlightInstances WHERE airlineCode='WS' AND flightNumber=196 AND flightDate=TO_DATE('May 18, 2012', 'MON DD, YYYY')), '1', 'YYJ', TO_TIMESTAMP_TZ('May 18, 2012 12:40 -08:00', 'MON DD, YYYY HH24:MI TZH:TZM'), 'departed at 12:40');
INSERT INTO Arrivals VALUES((SELECT id FROM FlightInstances WHERE airlineCode='WS' AND flightNumber=196 AND flightDate=TO_DATE('May 18, 2012', 'MON DD, YYYY')), 'A1', 'YYC', TO_TIMESTAMP_TZ('May 18, 2012 14:59 -07:00', 'MON DD, YYYY HH24:MI TZH:TZM'), 'arrived at 14:59');
-- INSERT INTO Flights VALUES ('WS',502,'YYJ','YYC','B737',TO_TIMESTAMP_TZ('Jan 15, 1980 18:10 -08:00','MON DD, YYYY HH24:MI TZH:TZM'),TO_TIMESTAMP_TZ('Jan 15, 1980 20:29 -07:00','MON DD, YYYY HH24:MI TZH:TZM'));
INSERT INTO Departures VALUES((SELECT id FROM FlightInstances WHERE airlineCode='WS' AND flightNumber=502 AND flightDate=TO_DATE('May 18, 2012', 'MON DD, YYYY')), '1', 'YYJ', TO_TIMESTAMP_TZ('May 18, 2012 18:10 -08:00', 'MON DD, YYYY HH24:MI TZH:TZM'), 'departed at 18:10');
INSERT INTO Arrivals VALUES((SELECT id FROM FlightInstances WHERE airlineCode='WS' AND flightNumber=502 AND flightDate=TO_DATE('May 18, 2012', 'MON DD, YYYY')), 'A1', 'YYC', TO_TIMESTAMP_TZ('May 18, 2012 20:29 -07:00', 'MON DD, YYYY HH24:MI TZH:TZM'), 'arrived at 20:29');
-- INSERT INTO Flights VALUES ('WS',508,'YYJ','YYC','B738',TO_TIMESTAMP_TZ('Jan 15, 1980 20:10 -08:00','MON DD, YYYY HH24:MI TZH:TZM'),TO_TIMESTAMP_TZ('Jan 15, 1980 22:29 -07:00','MON DD, YYYY HH24:MI TZH:TZM'));
INSERT INTO Departures VALUES((SELECT id FROM FlightInstances WHERE airlineCode='WS' AND flightNumber=508 AND flightDate=TO_DATE('May 18, 2012', 'MON DD, YYYY')), '1', 'YYJ', TO_TIMESTAMP_TZ('May 18, 2012 20:10 -08:00', 'MON DD, YYYY HH24:MI TZH:TZM'), 'departed at 20:10');
INSERT INTO Arrivals VALUES((SELECT id FROM FlightInstances WHERE airlineCode='WS' AND flightNumber=508 AND flightDate=TO_DATE('May 18, 2012', 'MON DD, YYYY')), 'A1', 'YYC', TO_TIMESTAMP_TZ('May 18, 2012 22:29 -07:00', 'MON DD, YYYY HH24:MI TZH:TZM'), 'arrived at 22:29');
-- INSERT INTO Flights VALUES ('WS',614,'YYJ','YEG','B737',TO_TIMESTAMP_TZ('Jan 15, 1980 09:00 -08:00','MON DD, YYYY HH24:MI TZH:TZM'),TO_TIMESTAMP_TZ('Jan 15, 1980 11:28 -07:00','MON DD, YYYY HH24:MI TZH:TZM'));
INSERT INTO Departures VALUES((SELECT id FROM FlightInstances WHERE airlineCode='WS' AND flightNumber=614 AND flightDate=TO_DATE('May 18, 2012', 'MON DD, YYYY')), '1', 'YYJ', TO_TIMESTAMP_TZ('May 18, 2012 09:00 -08:00', 'MON DD, YYYY HH24:MI TZH:TZM'), 'departed at 09:00');
INSERT INTO Arrivals VALUES((SELECT id FROM FlightInstances WHERE airlineCode='WS' AND flightNumber=614 AND flightDate=TO_DATE('May 18, 2012', 'MON DD, YYYY')), 'A1', 'YEG', TO_TIMESTAMP_TZ('May 18, 2012 11:28 -07:00', 'MON DD, YYYY HH24:MI TZH:TZM'), 'arrived at 11:28');
-- INSERT INTO Flights VALUES ('WS',336,'YYJ','YEG','B737',TO_TIMESTAMP_TZ('Jan 15, 1980 14:00 -08:00','MON DD, YYYY HH24:MI TZH:TZM'),TO_TIMESTAMP_TZ('Jan 15, 1980 16:28 -07:00','MON DD, YYYY HH24:MI TZH:TZM'));
INSERT INTO Departures VALUES((SELECT id FROM FlightInstances WHERE airlineCode='WS' AND flightNumber=336 AND flightDate=TO_DATE('May 18, 2012', 'MON DD, YYYY')), '1', 'YYJ', TO_TIMESTAMP_TZ('May 18, 2012 14:00 -08:00', 'MON DD, YYYY HH24:MI TZH:TZM'), 'departed at 14:00');
INSERT INTO Arrivals VALUES((SELECT id FROM FlightInstances WHERE airlineCode='WS' AND flightNumber=336 AND flightDate=TO_DATE('May 18, 2012', 'MON DD, YYYY')), 'A1', 'YEG', TO_TIMESTAMP_TZ('May 18, 2012 16:28 -07:00', 'MON DD, YYYY HH24:MI TZH:TZM'), 'arrived at 16:28');
-- INSERT INTO Flights VALUES ('WS',192,'YYJ','YEG','B737',TO_TIMESTAMP_TZ('Jan 15, 1980 19:30 -08:00','MON DD, YYYY HH24:MI TZH:TZM'),TO_TIMESTAMP_TZ('Jan 15, 1980 21:58 -07:00','MON DD, YYYY HH24:MI TZH:TZM'));
INSERT INTO Departures VALUES((SELECT id FROM FlightInstances WHERE airlineCode='WS' AND flightNumber=192 AND flightDate=TO_DATE('May 18, 2012', 'MON DD, YYYY')), '1', 'YYJ', TO_TIMESTAMP_TZ('May 18, 2012 19:30 -08:00', 'MON DD, YYYY HH24:MI TZH:TZM'), 'departed at 19:30');
INSERT INTO Arrivals VALUES((SELECT id FROM FlightInstances WHERE airlineCode='WS' AND flightNumber=192 AND flightDate=TO_DATE('May 18, 2012', 'MON DD, YYYY')), 'A1', 'YEG', TO_TIMESTAMP_TZ('May 18, 2012 21:58 -07:00', 'MON DD, YYYY HH24:MI TZH:TZM'), 'arrived at 21:58');
-- INSERT INTO Flights VALUES ('WS',312,'YYJ','YLW','B737',TO_TIMESTAMP_TZ('Jan 15, 1980 09:15 -08:00','MON DD, YYYY HH24:MI TZH:TZM'),TO_TIMESTAMP_TZ('Jan 15, 1980 10:13 -08:00','MON DD, YYYY HH24:MI TZH:TZM'));
INSERT INTO Departures VALUES((SELECT id FROM FlightInstances WHERE airlineCode='WS' AND flightNumber=312 AND flightDate=TO_DATE('May 18, 2012', 'MON DD, YYYY')), '1', 'YYJ', TO_TIMESTAMP_TZ('May 18, 2012 09:15 -08:00', 'MON DD, YYYY HH24:MI TZH:TZM'), 'departed at 19:30');
INSERT INTO Arrivals VALUES((SELECT id FROM FlightInstances WHERE airlineCode='WS' AND flightNumber=312 AND flightDate=TO_DATE('May 18, 2012', 'MON DD, YYYY')), '1', 'YLW', TO_TIMESTAMP_TZ('May 18, 2012 10:13 -08:00', 'MON DD, YYYY HH24:MI TZH:TZM'), 'arrived at 21:58');
-- INSERT INTO Flights VALUES ('WS',650,'YYJ','YYZ','B737',TO_TIMESTAMP_TZ('Jan 15, 1980 11:35 -08:00','MON DD, YYYY HH24:MI TZH:TZM'),TO_TIMESTAMP_TZ('Jan 15, 1980 19:00 -05:00','MON DD, YYYY HH24:MI TZH:TZM'));
INSERT INTO Departures VALUES((SELECT id FROM FlightInstances WHERE airlineCode='WS' AND flightNumber=650 AND flightDate=TO_DATE('May 18, 2012', 'MON DD, YYYY')), '1', 'YYJ', TO_TIMESTAMP_TZ('May 18, 2012 11:35 -08:00', 'MON DD, YYYY HH24:MI TZH:TZM'), 'departed at 11:35');
INSERT INTO Arrivals VALUES((SELECT id FROM FlightInstances WHERE airlineCode='WS' AND flightNumber=650 AND flightDate=TO_DATE('May 18, 2012', 'MON DD, YYYY')), 'A8', 'YYZ', TO_TIMESTAMP_TZ('May 18, 2012 19:00 -05:00', 'MON DD, YYYY HH24:MI TZH:TZM'), 'arrived at 19:00');
-- INSERT INTO Flights VALUES ('WS',197,'YLW','YYJ','B737',TO_TIMESTAMP_TZ('Jan 15, 1980 18:00 -08:00','MON DD, YYYY HH24:MI TZH:TZM'),TO_TIMESTAMP_TZ('Jan 15, 1980 18:55 -08:00','MON DD, YYYY HH24:MI TZH:TZM'));
INSERT INTO Departures VALUES((SELECT id FROM FlightInstances WHERE airlineCode='WS' AND flightNumber=197 AND flightDate=TO_DATE('May 18, 2012', 'MON DD, YYYY')), '1', 'YLW', TO_TIMESTAMP_TZ('May 18, 2012 18:00 -08:00', 'MON DD, YYYY HH24:MI TZH:TZM'), 'departed at 18:00');
INSERT INTO Arrivals VALUES((SELECT id FROM FlightInstances WHERE airlineCode='WS' AND flightNumber=197 AND flightDate=TO_DATE('May 18, 2012', 'MON DD, YYYY')), '1', 'YYJ', TO_TIMESTAMP_TZ('May 18, 2012 18:55 -08:00', 'MON DD, YYYY HH24:MI TZH:TZM'), 'arrived at 18:55');
-- INSERT INTO Flights VALUES ('WS',546,'YYZ','YYJ','B737',TO_TIMESTAMP_TZ('Jan 15, 1980 08:45 -05:00','MON DD, YYYY HH24:MI TZH:TZM'),TO_TIMESTAMP_TZ('Jan 15, 1980 10:51 -08:00','MON DD, YYYY HH24:MI TZH:TZM'));
INSERT INTO Departures VALUES((SELECT id FROM FlightInstances WHERE airlineCode='WS' AND flightNumber=546 AND flightDate=TO_DATE('May 18, 2012', 'MON DD, YYYY')), 'A8', 'YYZ', TO_TIMESTAMP_TZ('May 18, 2012 08:45 -05:00', 'MON DD, YYYY HH24:MI TZH:TZM'), 'departed at 08:45');
INSERT INTO Arrivals VALUES((SELECT id FROM FlightInstances WHERE airlineCode='WS' AND flightNumber=546 AND flightDate=TO_DATE('May 18, 2012', 'MON DD, YYYY')), '1', 'YYJ', TO_TIMESTAMP_TZ('May 18, 2012 10:51 -08:00', 'MON DD, YYYY HH24:MI TZH:TZM'), 'arrived at 10:51');
-- INSERT INTO Flights VALUES ('WS',413,'YEG','YYJ','B737',TO_TIMESTAMP_TZ('Jan 15, 1980 08:05 -07:00','MON DD, YYYY HH24:MI TZH:TZM'),TO_TIMESTAMP_TZ('Jan 15, 1980 08:40 -08:00','MON DD, YYYY HH24:MI TZH:TZM'));
INSERT INTO Departures VALUES((SELECT id FROM FlightInstances WHERE airlineCode='WS' AND flightNumber=413 AND flightDate=TO_DATE('May 18, 2012', 'MON DD, YYYY')), 'A1', 'YEG', TO_TIMESTAMP_TZ('May 18, 2012 08:05 -07:00', 'MON DD, YYYY HH24:MI TZH:TZM'), 'departed at 08:05');
INSERT INTO Arrivals VALUES((SELECT id FROM FlightInstances WHERE airlineCode='WS' AND flightNumber=413 AND flightDate=TO_DATE('May 18, 2012', 'MON DD, YYYY')), '1', 'YYJ', TO_TIMESTAMP_TZ('May 18, 2012 08:40 -08:00', 'MON DD, YYYY HH24:MI TZH:TZM'), 'arrived at 08:40');
-- INSERT INTO Flights VALUES ('WS',335,'YEG','YYJ','B737',TO_TIMESTAMP_TZ('Jan 15, 1980 11:30 -07:00','MON DD, YYYY HH24:MI TZH:TZM'),TO_TIMESTAMP_TZ('Jan 15, 1980 12:05 -08:00','MON DD, YYYY HH24:MI TZH:TZM'));
INSERT INTO Departures VALUES((SELECT id FROM FlightInstances WHERE airlineCode='WS' AND flightNumber=335 AND flightDate=TO_DATE('May 18, 2012', 'MON DD, YYYY')), 'A1', 'YEG', TO_TIMESTAMP_TZ('May 18, 2012 11:30 -07:00', 'MON DD, YYYY HH24:MI TZH:TZM'), 'departed at 11:30');
INSERT INTO Arrivals VALUES((SELECT id FROM FlightInstances WHERE airlineCode='WS' AND flightNumber=335 AND flightDate=TO_DATE('May 18, 2012', 'MON DD, YYYY')), '1', 'YYJ', TO_TIMESTAMP_TZ('May 18, 2012 12:05 -08:00', 'MON DD, YYYY HH24:MI TZH:TZM'), 'arrived at 12:05');
-- INSERT INTO Flights VALUES ('WS',615,'YEG','YYJ','B737',TO_TIMESTAMP_TZ('Jan 15, 1980 17:00 -07:00','MON DD, YYYY HH24:MI TZH:TZM'),TO_TIMESTAMP_TZ('Jan 15, 1980 17:35 -08:00','MON DD, YYYY HH24:MI TZH:TZM'));
INSERT INTO Departures VALUES((SELECT id FROM FlightInstances WHERE airlineCode='WS' AND flightNumber=615 AND flightDate=TO_DATE('May 18, 2012', 'MON DD, YYYY')), 'A1', 'YEG', TO_TIMESTAMP_TZ('May 18, 2012 17:00 -07:00', 'MON DD, YYYY HH24:MI TZH:TZM'), 'departed at 17:00');
INSERT INTO Arrivals VALUES((SELECT id FROM FlightInstances WHERE airlineCode='WS' AND flightNumber=615 AND flightDate=TO_DATE('May 18, 2012', 'MON DD, YYYY')), '1', 'YYJ', TO_TIMESTAMP_TZ('May 18, 2012 17:35 -08:00', 'MON DD, YYYY HH24:MI TZH:TZM'), 'arrived at 17:35');
-- INSERT INTO Flights VALUES ('WS',209,'YYC','YYJ','B737',TO_TIMESTAMP_TZ('Jan 15, 1980 08:00 -07:00','MON DD, YYYY HH24:MI TZH:TZM'),TO_TIMESTAMP_TZ('Jan 15, 1980 08:27 -08:00','MON DD, YYYY HH24:MI TZH:TZM'));
INSERT INTO Departures VALUES((SELECT id FROM FlightInstances WHERE airlineCode='WS' AND flightNumber=209 AND flightDate=TO_DATE('May 18, 2012', 'MON DD, YYYY')), 'A1', 'YYC', TO_TIMESTAMP_TZ('May 18, 2012 08:00 -07:00', 'MON DD, YYYY HH24:MI TZH:TZM'), 'departed at 08:00');
INSERT INTO Arrivals VALUES((SELECT id FROM FlightInstances WHERE airlineCode='WS' AND flightNumber=209 AND flightDate=TO_DATE('May 18, 2012', 'MON DD, YYYY')), '1', 'YYJ', TO_TIMESTAMP_TZ('May 18, 2012 08:27 -08:00', 'MON DD, YYYY HH24:MI TZH:TZM'), 'arrived at 08:27');
-- INSERT INTO Flights VALUES ('WS',449,'YYC','YYJ','B737',TO_TIMESTAMP_TZ('Jan 15, 1980 12:50 -07:00','MON DD, YYYY HH24:MI TZH:TZM'),TO_TIMESTAMP_TZ('Jan 15, 1980 13:17 -08:00','MON DD, YYYY HH24:MI TZH:TZM'));
INSERT INTO Departures VALUES((SELECT id FROM FlightInstances WHERE airlineCode='WS' AND flightNumber=449 AND flightDate=TO_DATE('May 18, 2012', 'MON DD, YYYY')), 'A1', 'YYC', TO_TIMESTAMP_TZ('May 18, 2012 12:50 -07:00', 'MON DD, YYYY HH24:MI TZH:TZM'), 'departed at 12:50');
INSERT INTO Arrivals VALUES((SELECT id FROM FlightInstances WHERE airlineCode='WS' AND flightNumber=449 AND flightDate=TO_DATE('May 18, 2012', 'MON DD, YYYY')), '1', 'YYJ', TO_TIMESTAMP_TZ('May 18, 2012 13:17 -08:00', 'MON DD, YYYY HH24:MI TZH:TZM'), 'arrived at 13:17');
-- INSERT INTO Flights VALUES ('WS',221,'YYC','YYJ','B738',TO_TIMESTAMP_TZ('Jan 15, 1980 19:05 -07:00','MON DD, YYYY HH24:MI TZH:TZM'),TO_TIMESTAMP_TZ('Jan 15, 1980 19:32 -08:00','MON DD, YYYY HH24:MI TZH:TZM'));
INSERT INTO Departures VALUES((SELECT id FROM FlightInstances WHERE airlineCode='WS' AND flightNumber=221 AND flightDate=TO_DATE('May 18, 2012', 'MON DD, YYYY')), 'A1', 'YYC', TO_TIMESTAMP_TZ('May 18, 2012 19:05 -07:00', 'MON DD, YYYY HH24:MI TZH:TZM'), 'departed at 19:05');
INSERT INTO Arrivals VALUES((SELECT id FROM FlightInstances WHERE airlineCode='WS' AND flightNumber=221 AND flightDate=TO_DATE('May 18, 2012', 'MON DD, YYYY')), '1', 'YYJ', TO_TIMESTAMP_TZ('May 18, 2012 19:23 -08:00', 'MON DD, YYYY HH24:MI TZH:TZM'), 'arrived at 19:32');
-- INSERT INTO Flights VALUES ('WS',751,'YYC','YYJ','B737',TO_TIMESTAMP_TZ('Jan 15, 1980 22:30 -07:00','MON DD, YYYY HH24:MI TZH:TZM'),TO_TIMESTAMP_TZ('Jan 15, 1980 22:57 -08:00','MON DD, YYYY HH24:MI TZH:TZM'));
INSERT INTO Departures VALUES((SELECT id FROM FlightInstances WHERE airlineCode='WS' AND flightNumber=751 AND flightDate=TO_DATE('May 18, 2012', 'MON DD, YYYY')), 'A1', 'YYC', TO_TIMESTAMP_TZ('May 18, 2012 22:30 -07:00', 'MON DD, YYYY HH24:MI TZH:TZM'), 'departed at 22:30');
INSERT INTO Arrivals VALUES((SELECT id FROM FlightInstances WHERE airlineCode='WS' AND flightNumber=751 AND flightDate=TO_DATE('May 18, 2012', 'MON DD, YYYY')), '1', 'YYJ', TO_TIMESTAMP_TZ('May 18, 2012 22:57 -08:00', 'MON DD, YYYY HH24:MI TZH:TZM'), 'arrived at 22:57');
-- INSERT INTO Flights VALUES ('AS',2381,'YYJ','SEA','BDH4',TO_TIMESTAMP_TZ('Jan 15, 1980 06:00 -08:00','MON DD, YYYY HH24:MI TZH:TZM'),TO_TIMESTAMP_TZ('Jan 15, 1980 06:40 -08:00','MON DD, YYYY HH24:MI TZH:TZM'));
INSERT INTO Departures VALUES((SELECT id FROM FlightInstances WHERE airlineCode='AS' AND flightNumber=2381 AND flightDate=TO_DATE('May 18, 2012', 'MON DD, YYYY')), '1', 'YYJ', TO_TIMESTAMP_TZ('May 18, 2012 06:00 -08:00', 'MON DD, YYYY HH24:MI TZH:TZM'), 'departed at 06:00');
INSERT INTO Arrivals VALUES((SELECT id FROM FlightInstances WHERE airlineCode='AS' AND flightNumber=2381 AND flightDate=TO_DATE('May 18, 2012', 'MON DD, YYYY')), 'A1', 'SEA', TO_TIMESTAMP_TZ('May 18, 2012 06:40 -08:00', 'MON DD, YYYY HH24:MI TZH:TZM'), 'arrived at 06:40');
-- INSERT INTO Flights VALUES ('AS',2383,'YYJ','SEA','BDH4',TO_TIMESTAMP_TZ('Jan 15, 1980 09:05 -08:00','MON DD, YYYY HH24:MI TZH:TZM'),TO_TIMESTAMP_TZ('Jan 15, 1980 09:45 -08:00','MON DD, YYYY HH24:MI TZH:TZM'));
INSERT INTO Departures VALUES((SELECT id FROM FlightInstances WHERE airlineCode='AS' AND flightNumber=2383 AND flightDate=TO_DATE('May 18, 2012', 'MON DD, YYYY')), '1', 'YYJ', TO_TIMESTAMP_TZ('May 18, 2012 09:05 -08:00', 'MON DD, YYYY HH24:MI TZH:TZM'), 'departed at 09:05');
INSERT INTO Arrivals VALUES((SELECT id FROM FlightInstances WHERE airlineCode='AS' AND flightNumber=2383 AND flightDate=TO_DATE('May 18, 2012', 'MON DD, YYYY')), 'A1', 'SEA', TO_TIMESTAMP_TZ('May 18, 2012 09:45 -08:00', 'MON DD, YYYY HH24:MI TZH:TZM'), 'arrived at 09:45');
-- INSERT INTO Flights VALUES ('AS',2385,'YYJ','SEA','BDH4',TO_TIMESTAMP_TZ('Jan 15, 1980 12:20 -08:00','MON DD, YYYY HH24:MI TZH:TZM'),TO_TIMESTAMP_TZ('Jan 15, 1980 13:01 -08:00','MON DD, YYYY HH24:MI TZH:TZM'));
INSERT INTO Departures VALUES((SELECT id FROM FlightInstances WHERE airlineCode='AS' AND flightNumber=2385 AND flightDate=TO_DATE('May 18, 2012', 'MON DD, YYYY')), '1', 'YYJ', TO_TIMESTAMP_TZ('May 18, 2012 12:20 -08:00', 'MON DD, YYYY HH24:MI TZH:TZM'), 'departed at 12:20');
INSERT INTO Arrivals VALUES((SELECT id FROM FlightInstances WHERE airlineCode='AS' AND flightNumber=2385 AND flightDate=TO_DATE('May 18, 2012', 'MON DD, YYYY')), 'A1', 'SEA', TO_TIMESTAMP_TZ('May 18, 2012 13:01 -08:00', 'MON DD, YYYY HH24:MI TZH:TZM'), 'arrived at 13:01');
-- INSERT INTO Flights VALUES ('AS',2387,'YYJ','SEA','BDH4',TO_TIMESTAMP_TZ('Jan 15, 1980 15:40 -08:00','MON DD, YYYY HH24:MI TZH:TZM'),TO_TIMESTAMP_TZ('Jan 15, 1980 16:20 -08:00','MON DD, YYYY HH24:MI TZH:TZM'));
INSERT INTO Departures VALUES((SELECT id FROM FlightInstances WHERE airlineCode='AS' AND flightNumber=2387 AND flightDate=TO_DATE('May 18, 2012', 'MON DD, YYYY')), '1', 'YYJ', TO_TIMESTAMP_TZ('May 18, 2012 15:40 -08:00', 'MON DD, YYYY HH24:MI TZH:TZM'), 'departed at 15:40');
INSERT INTO Arrivals VALUES((SELECT id FROM FlightInstances WHERE airlineCode='AS' AND flightNumber=2387 AND flightDate=TO_DATE('May 18, 2012', 'MON DD, YYYY')), 'A1', 'SEA', TO_TIMESTAMP_TZ('May 18, 2012 16:20 -08:00', 'MON DD, YYYY HH24:MI TZH:TZM'), 'arrived at 16:20');
-- INSERT INTO Flights VALUES ('AS',2389,'YYJ','SEA','BDH4',TO_TIMESTAMP_TZ('Jan 15, 1980 18:50 -08:00','MON DD, YYYY HH24:MI TZH:TZM'),TO_TIMESTAMP_TZ('Jan 15, 1980 19:30 -08:00','MON DD, YYYY HH24:MI TZH:TZM'));
INSERT INTO Departures VALUES((SELECT id FROM FlightInstances WHERE airlineCode='AS' AND flightNumber=2389 AND flightDate=TO_DATE('May 18, 2012', 'MON DD, YYYY')), '1', 'YYJ', TO_TIMESTAMP_TZ('May 18, 2012 18:50 -08:00', 'MON DD, YYYY HH24:MI TZH:TZM'), 'departed at 18:50');
INSERT INTO Arrivals VALUES((SELECT id FROM FlightInstances WHERE airlineCode='AS' AND flightNumber=2389 AND flightDate=TO_DATE('May 18, 2012', 'MON DD, YYYY')), 'A1', 'SEA', TO_TIMESTAMP_TZ('May 18, 2012 19:30 -08:00', 'MON DD, YYYY HH24:MI TZH:TZM'), 'arrived at 19:30');
-- INSERT INTO Flights VALUES ('AS',2382,'SEA','YYJ','BDH4',TO_TIMESTAMP_TZ('Jan 15, 1980 07:50 -08:00','MON DD, YYYY HH24:MI TZH:TZM'),TO_TIMESTAMP_TZ('Jan 15, 1980 08:29 -08:00','MON DD, YYYY HH24:MI TZH:TZM'));
INSERT INTO Departures VALUES((SELECT id FROM FlightInstances WHERE airlineCode='AS' AND flightNumber=2382 AND flightDate=TO_DATE('May 18, 2012', 'MON DD, YYYY')), 'A1', 'SEA', TO_TIMESTAMP_TZ('May 18, 2012 07:50 -08:00', 'MON DD, YYYY HH24:MI TZH:TZM'), 'departed at 07:50');
INSERT INTO Arrivals VALUES((SELECT id FROM FlightInstances WHERE airlineCode='AS' AND flightNumber=2382 AND flightDate=TO_DATE('May 18, 2012', 'MON DD, YYYY')), '1', 'YYJ', TO_TIMESTAMP_TZ('May 18, 2012 08:29 -08:00', 'MON DD, YYYY HH24:MI TZH:TZM'), 'arrived at 08:29');
-- INSERT INTO Flights VALUES ('AS',2384,'SEA','YYJ','BDH4',TO_TIMESTAMP_TZ('Jan 15, 1980 11:00 -08:00','MON DD, YYYY HH24:MI TZH:TZM'),TO_TIMESTAMP_TZ('Jan 15, 1980 11:45 -08:00','MON DD, YYYY HH24:MI TZH:TZM'));
INSERT INTO Departures VALUES((SELECT id FROM FlightInstances WHERE airlineCode='AS' AND flightNumber=2384 AND flightDate=TO_DATE('May 18, 2012', 'MON DD, YYYY')), 'A1', 'SEA', TO_TIMESTAMP_TZ('May 18, 2012 11:20 -08:00', 'MON DD, YYYY HH24:MI TZH:TZM'), 'delayed to 11:20');
INSERT INTO Arrivals VALUES((SELECT id FROM FlightInstances WHERE airlineCode='AS' AND flightNumber=2384 AND flightDate=TO_DATE('May 18, 2012', 'MON DD, YYYY')), '1', 'YYJ', TO_TIMESTAMP_TZ('May 18, 2012 12:05 -08:00', 'MON DD, YYYY HH24:MI TZH:TZM'), 'delayed to 12:05');
-- INSERT INTO Flights VALUES ('AS',2386,'SEA','YYJ','BDH4',TO_TIMESTAMP_TZ('Jan 15, 1980 14:20 -08:00','MON DD, YYYY HH24:MI TZH:TZM'),TO_TIMESTAMP_TZ('Jan 15, 1980 15:04 -08:00','MON DD, YYYY HH24:MI TZH:TZM'));
INSERT INTO Departures VALUES((SELECT id FROM FlightInstances WHERE airlineCode='AS' AND flightNumber=2386 AND flightDate=TO_DATE('May 18, 2012', 'MON DD, YYYY')), 'A1', 'SEA', TO_TIMESTAMP_TZ('May 18, 2012 14:20 -08:00', 'MON DD, YYYY HH24:MI TZH:TZM'), 'departed at 14:20');
INSERT INTO Arrivals VALUES((SELECT id FROM FlightInstances WHERE airlineCode='AS' AND flightNumber=2386 AND flightDate=TO_DATE('May 18, 2012', 'MON DD, YYYY')), '1', 'YYJ', TO_TIMESTAMP_TZ('May 18, 2012 15:04 -08:00', 'MON DD, YYYY HH24:MI TZH:TZM'), 'arrived at 15:04');
-- INSERT INTO Flights VALUES ('AS',2388,'SEA','YYJ','BDH4',TO_TIMESTAMP_TZ('Jan 15, 1980 17:32 -08:00','MON DD, YYYY HH24:MI TZH:TZM'),TO_TIMESTAMP_TZ('Jan 15, 1980 18:15 -08:00','MON DD, YYYY HH24:MI TZH:TZM'));
INSERT INTO Departures VALUES((SELECT id FROM FlightInstances WHERE airlineCode='AS' AND flightNumber=2388 AND flightDate=TO_DATE('May 18, 2012', 'MON DD, YYYY')), 'A1', 'SEA', TO_TIMESTAMP_TZ('May 18, 2012 17:32 -08:00', 'MON DD, YYYY HH24:MI TZH:TZM'), 'departed at 17:32');
INSERT INTO Arrivals VALUES((SELECT id FROM FlightInstances WHERE airlineCode='AS' AND flightNumber=2388 AND flightDate=TO_DATE('May 18, 2012', 'MON DD, YYYY')), '1', 'YYJ', TO_TIMESTAMP_TZ('May 18, 2012 18:15 -08:00', 'MON DD, YYYY HH24:MI TZH:TZM'), 'arrived at 18:15');
-- INSERT INTO Flights VALUES ('AS',2380,'SEA','YYJ','BDH4',TO_TIMESTAMP_TZ('Jan 15, 1980 23:00 -08:00','MON DD, YYYY HH24:MI TZH:TZM'),TO_TIMESTAMP_TZ('Jan 15, 1980 23:42 -08:00','MON DD, YYYY HH24:MI TZH:TZM'));
INSERT INTO Departures VALUES((SELECT id FROM FlightInstances WHERE airlineCode='AS' AND flightNumber=2380 AND flightDate=TO_DATE('May 18, 2012', 'MON DD, YYYY')), 'A1', 'SEA', TO_TIMESTAMP_TZ('May 18, 2012 23:00 -08:00', 'MON DD, YYYY HH24:MI TZH:TZM'), 'departed at 23:00');
INSERT INTO Arrivals VALUES((SELECT id FROM FlightInstances WHERE airlineCode='AS' AND flightNumber=2380 AND flightDate=TO_DATE('May 18, 2012', 'MON DD, YYYY')), '1', 'YYJ', TO_TIMESTAMP_TZ('May 18, 2012 23:42 -08:00', 'MON DD, YYYY HH24:MI TZH:TZM'), 'arrived at 23:42');
INSERT INTO Departures VALUES((SELECT id FROM FlightInstances WHERE airlineCode='AC' AND flightNumber=8551 AND flightDate=TO_DATE('May 19, 2012', 'MON DD, YYYY')), 'A1', 'YYC', TO_TIMESTAMP_TZ('May 19, 2012 07:40 -07:00', 'MON DD, YYYY HH24:MI TZH:TZM'), 'departed at 07:40');
INSERT INTO Arrivals VALUES((SELECT id FROM FlightInstances WHERE airlineCode='AC' AND flightNumber=8551 AND flightDate=TO_DATE('May 19, 2012', 'MON DD, YYYY')), '1', 'YYJ', TO_TIMESTAMP_TZ('May 19, 2012 08:09 -08:00', 'MON DD, YYYY HH24:MI TZH:TZM'), 'arrived at 08:09');
INSERT INTO Departures VALUES((SELECT id FROM FlightInstances WHERE airlineCode='AC' AND flightNumber=8553 AND flightDate=TO_DATE('May 19, 2012', 'MON DD, YYYY')), 'A2', 'YYC', TO_TIMESTAMP_TZ('May 19, 2012 11:25 -07:00', 'MON DD, YYYY HH24:MI TZH:TZM'), 'departed at 11:25');
INSERT INTO Arrivals VALUES((SELECT id FROM FlightInstances WHERE airlineCode='AC' AND flightNumber=8553 AND flightDate=TO_DATE('May 19, 2012', 'MON DD, YYYY')), '1', 'YYJ', TO_TIMESTAMP_TZ('May 19, 2012 11:54 -08:00', 'MON DD, YYYY HH24:MI TZH:TZM'), 'arrived at 11:54');
INSERT INTO Departures VALUES((SELECT id FROM FlightInstances WHERE airlineCode='AC' AND flightNumber=8555 AND flightDate=TO_DATE('May 19, 2012', 'MON DD, YYYY')), 'A2', 'YYC', TO_TIMESTAMP_TZ('May 19, 2012 16:25 -07:00', 'MON DD, YYYY HH24:MI TZH:TZM'), 'departed at 16:25');
INSERT INTO Arrivals VALUES((SELECT id FROM FlightInstances WHERE airlineCode='AC' AND flightNumber=8555 AND flightDate=TO_DATE('May 19, 2012', 'MON DD, YYYY')), '1', 'YYJ', TO_TIMESTAMP_TZ('May 19, 2012 16:54 -08:00', 'MON DD, YYYY HH24:MI TZH:TZM'), 'arrived at 16:54');
INSERT INTO Departures VALUES((SELECT id FROM FlightInstances WHERE airlineCode='AC' AND flightNumber=8559 AND flightDate=TO_DATE('May 19, 2012', 'MON DD, YYYY')), 'A2', 'YYC', TO_TIMESTAMP_TZ('May 19, 2012 18:45 -07:00', 'MON DD, YYYY HH24:MI TZH:TZM'), 'departed at 18:45');
INSERT INTO Arrivals VALUES((SELECT id FROM FlightInstances WHERE airlineCode='AC' AND flightNumber=8559 AND flightDate=TO_DATE('May 19, 2012', 'MON DD, YYYY')), '1', 'YYJ', TO_TIMESTAMP_TZ('May 19, 2012 19:14 -08:00', 'MON DD, YYYY HH24:MI TZH:TZM'), 'arrived at 19:14');
INSERT INTO Departures VALUES((SELECT id FROM FlightInstances WHERE airlineCode='AC' AND flightNumber=8197 AND flightDate=TO_DATE('May 19, 2012', 'MON DD, YYYY')), '1', 'YKA', TO_TIMESTAMP_TZ('May 19, 2012 17:15 -07:00', 'MON DD, YYYY HH24:MI TZH:TZM'), 'departed at 17:15');
INSERT INTO Arrivals VALUES((SELECT id FROM FlightInstances WHERE airlineCode='AC' AND flightNumber=8197 AND flightDate=TO_DATE('May 19, 2012', 'MON DD, YYYY')), '1', 'YYJ', TO_TIMESTAMP_TZ('May 19, 2012 19:22 -08:00', 'MON DD, YYYY HH24:MI TZH:TZM'), 'arrived at 19:22');
INSERT INTO Departures VALUES((SELECT id FROM FlightInstances WHERE airlineCode='AC' AND flightNumber=1191 AND flightDate=TO_DATE('May 19, 2012', 'MON DD, YYYY')), 'A1', 'YOW', TO_TIMESTAMP_TZ('May 19, 2012 07:00 -05:00', 'MON DD, YYYY HH24:MI TZH:TZM'), 'departed at 07:00');
INSERT INTO Arrivals VALUES((SELECT id FROM FlightInstances WHERE airlineCode='AC' AND flightNumber=1191 AND flightDate=TO_DATE('May 19, 2012', 'MON DD, YYYY')), '1', 'YYJ', TO_TIMESTAMP_TZ('May 19, 2012 10:56 -08:00', 'MON DD, YYYY HH24:MI TZH:TZM'), 'arrived at 10:56');
INSERT INTO Departures VALUES((SELECT id FROM FlightInstances WHERE airlineCode='AC' AND flightNumber=8557 AND flightDate=TO_DATE('May 19, 2012', 'MON DD, YYYY')), 'A1', 'YXE', TO_TIMESTAMP_TZ('May 19, 2012 16:50 -06:00', 'MON DD, YYYY HH24:MI TZH:TZM'), 'departed at 16:50');
INSERT INTO Arrivals VALUES((SELECT id FROM FlightInstances WHERE airlineCode='AC' AND flightNumber=8557 AND flightDate=TO_DATE('May 19, 2012', 'MON DD, YYYY')), '1', 'YYJ', TO_TIMESTAMP_TZ('May 19, 2012 19:14 -08:00', 'MON DD, YYYY HH24:MI TZH:TZM'), 'arrived at 19:14');
INSERT INTO Departures VALUES((SELECT id FROM FlightInstances WHERE airlineCode='AC' AND flightNumber=4401 AND flightDate=TO_DATE('May 19, 2012', 'MON DD, YYYY')), 'A1', 'SFO', TO_TIMESTAMP_TZ('May 19, 2012 10:33 -08:00', 'MON DD, YYYY HH24:MI TZH:TZM'), 'departed at 10:33');
INSERT INTO Arrivals VALUES((SELECT id FROM FlightInstances WHERE airlineCode='AC' AND flightNumber=4401 AND flightDate=TO_DATE('May 19, 2012', 'MON DD, YYYY')), '1', 'YYJ', TO_TIMESTAMP_TZ('May 19, 2012 12:50 -08:00', 'MON DD, YYYY HH24:MI TZH:TZM'), 'arrived at 12:50');
INSERT INTO Departures VALUES((SELECT id FROM FlightInstances WHERE airlineCode='AC' AND flightNumber=4403 AND flightDate=TO_DATE('May 19, 2012', 'MON DD, YYYY')), 'A1', 'SFO', TO_TIMESTAMP_TZ('May 19, 2012 19:46 -08:00', 'MON DD, YYYY HH24:MI TZH:TZM'), 'departed at 19:46');
INSERT INTO Arrivals VALUES((SELECT id FROM FlightInstances WHERE airlineCode='AC' AND flightNumber=4403 AND flightDate=TO_DATE('May 19, 2012', 'MON DD, YYYY')), '1', 'YYJ', TO_TIMESTAMP_TZ('May 19, 2012 22:03 -08:00', 'MON DD, YYYY HH24:MI TZH:TZM'), 'arrived at 22:03');
INSERT INTO Departures VALUES((SELECT id FROM FlightInstances WHERE airlineCode='AC' AND flightNumber=8059 AND flightDate=TO_DATE('May 19, 2012', 'MON DD, YYYY')), '1', 'YXT', TO_TIMESTAMP_TZ('May 19, 2012 06:25 -08:00', 'MON DD, YYYY HH24:MI TZH:TZM'), 'departed at 06:25');
INSERT INTO Arrivals VALUES((SELECT id FROM FlightInstances WHERE airlineCode='AC' AND flightNumber=8059 AND flightDate=TO_DATE('May 19, 2012', 'MON DD, YYYY')), '1', 'YYJ', TO_TIMESTAMP_TZ('May 19, 2012 09:23 -08:00', 'MON DD, YYYY HH24:MI TZH:TZM'), 'arrived at 09:23');
INSERT INTO Departures VALUES((SELECT id FROM FlightInstances WHERE airlineCode='AC' AND flightNumber=191 AND flightDate=TO_DATE('May 19, 2012', 'MON DD, YYYY')), 'A8', 'YYZ', TO_TIMESTAMP_TZ('May 19, 2012 18:05 -05:00', 'MON DD, YYYY HH24:MI TZH:TZM'), 'departed at 18:05');
INSERT INTO Arrivals VALUES((SELECT id FROM FlightInstances WHERE airlineCode='AC' AND flightNumber=191 AND flightDate=TO_DATE('May 19, 2012', 'MON DD, YYYY')), '1', 'YYJ', TO_TIMESTAMP_TZ('May 19, 2012 20:09 -08:00', 'MON DD, YYYY HH24:MI TZH:TZM'), 'arrived at 20:09');
INSERT INTO Departures VALUES((SELECT id FROM FlightInstances WHERE airlineCode='AC' AND flightNumber=1193 AND flightDate=TO_DATE('May 19, 2012', 'MON DD, YYYY')), 'A8', 'YYZ', TO_TIMESTAMP_TZ('May 19, 2012 20:55 -05:00', 'MON DD, YYYY HH24:MI TZH:TZM'), 'departed at 20:55');
INSERT INTO Arrivals VALUES((SELECT id FROM FlightInstances WHERE airlineCode='AC' AND flightNumber=1193 AND flightDate=TO_DATE('May 19, 2012', 'MON DD, YYYY')), '1', 'YYJ', TO_TIMESTAMP_TZ('May 19, 2012 23:06 -08:00', 'MON DD, YYYY HH24:MI TZH:TZM'), 'arrived at 23:06');
INSERT INTO Departures VALUES((SELECT id FROM FlightInstances WHERE airlineCode='AC' AND flightNumber=8055 AND flightDate=TO_DATE('May 19, 2012', 'MON DD, YYYY')), 'A1', 'YVR', TO_TIMESTAMP_TZ('May 19, 2012 07:00 -08:00', 'MON DD, YYYY HH24:MI TZH:TZM'), 'departed at 07:00');
INSERT INTO Arrivals VALUES((SELECT id FROM FlightInstances WHERE airlineCode='AC' AND flightNumber=8055 AND flightDate=TO_DATE('May 19, 2012', 'MON DD, YYYY')), '1', 'YYJ', TO_TIMESTAMP_TZ('May 19, 2012 07:24 -08:00', 'MON DD, YYYY HH24:MI TZH:TZM'), 'arrived at 07:24');
INSERT INTO Departures VALUES((SELECT id FROM FlightInstances WHERE airlineCode='AC' AND flightNumber=8057 AND flightDate=TO_DATE('May 19, 2012', 'MON DD, YYYY')), 'A1', 'YVR', TO_TIMESTAMP_TZ('May 19, 2012 08:00 -08:00', 'MON DD, YYYY HH24:MI TZH:TZM'), 'departed at 08:00');
INSERT INTO Arrivals VALUES((SELECT id FROM FlightInstances WHERE airlineCode='AC' AND flightNumber=8057 AND flightDate=TO_DATE('May 19, 2012', 'MON DD, YYYY')), '1', 'YYJ', TO_TIMESTAMP_TZ('May 19, 2012 08:24 -08:00', 'MON DD, YYYY HH24:MI TZH:TZM'), 'arrived at 08:24');
INSERT INTO Departures VALUES((SELECT id FROM FlightInstances WHERE airlineCode='AC' AND flightNumber=8061 AND flightDate=TO_DATE('May 19, 2012', 'MON DD, YYYY')), 'A1', 'YVR', TO_TIMESTAMP_TZ('May 19, 2012 10:00 -08:00', 'MON DD, YYYY HH24:MI TZH:TZM'), 'departed at 10:00');
INSERT INTO Arrivals VALUES((SELECT id FROM FlightInstances WHERE airlineCode='AC' AND flightNumber=8061 AND flightDate=TO_DATE('May 19, 2012', 'MON DD, YYYY')), '1', 'YYJ', TO_TIMESTAMP_TZ('May 19, 2012 10:23 -08:00', 'MON DD, YYYY HH24:MI TZH:TZM'), 'arrived at 10:23');
INSERT INTO Departures VALUES((SELECT id FROM FlightInstances WHERE airlineCode='AC' AND flightNumber=8063 AND flightDate=TO_DATE('May 19, 2012', 'MON DD, YYYY')), 'A1', 'YVR', TO_TIMESTAMP_TZ('May 19, 2012 11:00 -08:00', 'MON DD, YYYY HH24:MI TZH:TZM'), 'departed at 11:00');
INSERT INTO Arrivals VALUES((SELECT id FROM FlightInstances WHERE airlineCode='AC' AND flightNumber=8063 AND flightDate=TO_DATE('May 19, 2012', 'MON DD, YYYY')), '1', 'YYJ', TO_TIMESTAMP_TZ('May 19, 2012 11:22 -08:00', 'MON DD, YYYY HH24:MI TZH:TZM'), 'arrived at 11:22');
INSERT INTO Departures VALUES((SELECT id FROM FlightInstances WHERE airlineCode='AC' AND flightNumber=8051 AND flightDate=TO_DATE('May 19, 2012', 'MON DD, YYYY')), 'A1', 'YVR', TO_TIMESTAMP_TZ('May 19, 2012 11:30 -08:00', 'MON DD, YYYY HH24:MI TZH:TZM'), 'departed at 11:30');
INSERT INTO Arrivals VALUES((SELECT id FROM FlightInstances WHERE airlineCode='AC' AND flightNumber=8051 AND flightDate=TO_DATE('May 19, 2012', 'MON DD, YYYY')), '1', 'YYJ', TO_TIMESTAMP_TZ('May 19, 2012 11:53 -08:00', 'MON DD, YYYY HH24:MI TZH:TZM'), 'arrived at 11:53');
INSERT INTO Departures VALUES((SELECT id FROM FlightInstances WHERE airlineCode='AC' AND flightNumber=8065 AND flightDate=TO_DATE('May 19, 2012', 'MON DD, YYYY')), 'A1', 'YVR', TO_TIMESTAMP_TZ('May 19, 2012 12:00 -08:00', 'MON DD, YYYY HH24:MI TZH:TZM'), 'departed at 12:00');
INSERT INTO Arrivals VALUES((SELECT id FROM FlightInstances WHERE airlineCode='AC' AND flightNumber=8065 AND flightDate=TO_DATE('May 19, 2012', 'MON DD, YYYY')), '1', 'YYJ', TO_TIMESTAMP_TZ('May 19, 2012 12:22 -08:00', 'MON DD, YYYY HH24:MI TZH:TZM'), 'arrived at 12:22');
INSERT INTO Departures VALUES((SELECT id FROM FlightInstances WHERE airlineCode='AC' AND flightNumber=8085 AND flightDate=TO_DATE('May 19, 2012', 'MON DD, YYYY')), 'A1', 'YVR', TO_TIMESTAMP_TZ('May 19, 2012 12:30 -08:00', 'MON DD, YYYY HH24:MI TZH:TZM'), 'departed at 12:30');
INSERT INTO Arrivals VALUES((SELECT id FROM FlightInstances WHERE airlineCode='AC' AND flightNumber=8085 AND flightDate=TO_DATE('May 19, 2012', 'MON DD, YYYY')), '1', 'YYJ', TO_TIMESTAMP_TZ('May 19, 2012 12:53 -08:00', 'MON DD, YYYY HH24:MI TZH:TZM'), 'arrived at 12:53');
INSERT INTO Departures VALUES((SELECT id FROM FlightInstances WHERE airlineCode='AC' AND flightNumber=8067 AND flightDate=TO_DATE('May 19, 2012', 'MON DD, YYYY')), 'A1', 'YVR', TO_TIMESTAMP_TZ('May 19, 2012 13:00 -08:00', 'MON DD, YYYY HH24:MI TZH:TZM'), 'departed at 13:00');
INSERT INTO Arrivals VALUES((SELECT id FROM FlightInstances WHERE airlineCode='AC' AND flightNumber=8067 AND flightDate=TO_DATE('May 19, 2012', 'MON DD, YYYY')), '1', 'YYJ', TO_TIMESTAMP_TZ('May 19, 2012 13:22 -08:00', 'MON DD, YYYY HH24:MI TZH:TZM'), 'arrived at 13:22');
INSERT INTO Departures VALUES((SELECT id FROM FlightInstances WHERE airlineCode='AC' AND flightNumber=8053 AND flightDate=TO_DATE('May 19, 2012', 'MON DD, YYYY')), 'A1', 'YVR', TO_TIMESTAMP_TZ('May 19, 2012 13:30 -08:00', 'MON DD, YYYY HH24:MI TZH:TZM'), 'departed at 13:30');
INSERT INTO Arrivals VALUES((SELECT id FROM FlightInstances WHERE airlineCode='AC' AND flightNumber=8053 AND flightDate=TO_DATE('May 19, 2012', 'MON DD, YYYY')), '1', 'YYJ', TO_TIMESTAMP_TZ('May 19, 2012 13:52 -08:00', 'MON DD, YYYY HH24:MI TZH:TZM'), 'arrived at 13:52');
INSERT INTO Departures VALUES((SELECT id FROM FlightInstances WHERE airlineCode='AC' AND flightNumber=8069 AND flightDate=TO_DATE('May 19, 2012', 'MON DD, YYYY')), 'A1', 'YVR', TO_TIMESTAMP_TZ('May 19, 2012 14:00 -08:00', 'MON DD, YYYY HH24:MI TZH:TZM'), 'departed at 14:00');
INSERT INTO Arrivals VALUES((SELECT id FROM FlightInstances WHERE airlineCode='AC' AND flightNumber=8069 AND flightDate=TO_DATE('May 19, 2012', 'MON DD, YYYY')), '1', 'YYJ', TO_TIMESTAMP_TZ('May 19, 2012 14:22 -08:00', 'MON DD, YYYY HH24:MI TZH:TZM'), 'arrived at 14:22');
INSERT INTO Departures VALUES((SELECT id FROM FlightInstances WHERE airlineCode='AC' AND flightNumber=8071 AND flightDate=TO_DATE('May 19, 2012', 'MON DD, YYYY')), 'A1', 'YVR', TO_TIMESTAMP_TZ('May 19, 2012 15:00 -08:00', 'MON DD, YYYY HH24:MI TZH:TZM'), 'departed at 15:00');
INSERT INTO Arrivals VALUES((SELECT id FROM FlightInstances WHERE airlineCode='AC' AND flightNumber=8071 AND flightDate=TO_DATE('May 19, 2012', 'MON DD, YYYY')), '1', 'YYJ', TO_TIMESTAMP_TZ('May 19, 2012 15:23 -08:00', 'MON DD, YYYY HH24:MI TZH:TZM'), 'arrived at 15:23');
INSERT INTO Departures VALUES((SELECT id FROM FlightInstances WHERE airlineCode='AC' AND flightNumber=8161 AND flightDate=TO_DATE('May 19, 2012', 'MON DD, YYYY')), 'A1', 'YVR', TO_TIMESTAMP_TZ('May 19, 2012 15:30 -08:00', 'MON DD, YYYY HH24:MI TZH:TZM'), 'departed at 15:30');
INSERT INTO Arrivals VALUES((SELECT id FROM FlightInstances WHERE airlineCode='AC' AND flightNumber=8161 AND flightDate=TO_DATE('May 19, 2012', 'MON DD, YYYY')), '1', 'YYJ', TO_TIMESTAMP_TZ('May 19, 2012 15:53 -08:00', 'MON DD, YYYY HH24:MI TZH:TZM'), 'arrived at 15:53');
INSERT INTO Departures VALUES((SELECT id FROM FlightInstances WHERE airlineCode='AC' AND flightNumber=8073 AND flightDate=TO_DATE('May 19, 2012', 'MON DD, YYYY')), 'A1', 'YVR', TO_TIMESTAMP_TZ('May 19, 2012 16:00 -08:00', 'MON DD, YYYY HH24:MI TZH:TZM'), 'departed at 16:00');
INSERT INTO Arrivals VALUES((SELECT id FROM FlightInstances WHERE airlineCode='AC' AND flightNumber=8073 AND flightDate=TO_DATE('May 19, 2012', 'MON DD, YYYY')), '1', 'YYJ', TO_TIMESTAMP_TZ('May 19, 2012 16:22 -08:00', 'MON DD, YYYY HH24:MI TZH:TZM'), 'arrived at 16:22');
INSERT INTO Departures VALUES((SELECT id FROM FlightInstances WHERE airlineCode='AC' AND flightNumber=8091 AND flightDate=TO_DATE('May 19, 2012', 'MON DD, YYYY')), 'A1', 'YVR', TO_TIMESTAMP_TZ('May 19, 2012 16:30 -08:00', 'MON DD, YYYY HH24:MI TZH:TZM'), 'departed at 16:30');
INSERT INTO Arrivals VALUES((SELECT id FROM FlightInstances WHERE airlineCode='AC' AND flightNumber=8091 AND flightDate=TO_DATE('May 19, 2012', 'MON DD, YYYY')), '1', 'YYJ', TO_TIMESTAMP_TZ('May 19, 2012 16:52 -08:00', 'MON DD, YYYY HH24:MI TZH:TZM'), 'arrived at 16:52');
INSERT INTO Departures VALUES((SELECT id FROM FlightInstances WHERE airlineCode='AC' AND flightNumber=8075 AND flightDate=TO_DATE('May 19, 2012', 'MON DD, YYYY')), 'A1', 'YVR', TO_TIMESTAMP_TZ('May 19, 2012 17:00 -08:00', 'MON DD, YYYY HH24:MI TZH:TZM'), 'departed at 17:00');
INSERT INTO Arrivals VALUES((SELECT id FROM FlightInstances WHERE airlineCode='AC' AND flightNumber=8075 AND flightDate=TO_DATE('May 19, 2012', 'MON DD, YYYY')), '1', 'YYJ', TO_TIMESTAMP_TZ('May 19, 2012 17:22 -08:00', 'MON DD, YYYY HH24:MI TZH:TZM'), 'arrived at 17:20');
INSERT INTO Departures VALUES((SELECT id FROM FlightInstances WHERE airlineCode='AC' AND flightNumber=8077 AND flightDate=TO_DATE('May 19, 2012', 'MON DD, YYYY')), 'A1', 'YVR', TO_TIMESTAMP_TZ('May 19, 2012 18:00 -08:00', 'MON DD, YYYY HH24:MI TZH:TZM'), 'departed at 18:00');
INSERT INTO Arrivals VALUES((SELECT id FROM FlightInstances WHERE airlineCode='AC' AND flightNumber=8077 AND flightDate=TO_DATE('May 19, 2012', 'MON DD, YYYY')), '1', 'YYJ', TO_TIMESTAMP_TZ('May 19, 2012 18:22 -08:00', 'MON DD, YYYY HH24:MI TZH:TZM'), 'arrived at 18:22');
INSERT INTO Departures VALUES((SELECT id FROM FlightInstances WHERE airlineCode='AC' AND flightNumber=8079 AND flightDate=TO_DATE('May 19, 2012', 'MON DD, YYYY')), 'A1', 'YVR', TO_TIMESTAMP_TZ('May 19, 2012 19:00 -08:00', 'MON DD, YYYY HH24:MI TZH:TZM'), 'departed at 19:00');
INSERT INTO Arrivals VALUES((SELECT id FROM FlightInstances WHERE airlineCode='AC' AND flightNumber=8079 AND flightDate=TO_DATE('May 19, 2012', 'MON DD, YYYY')), '1', 'YYJ', TO_TIMESTAMP_TZ('May 19, 2012 19:21 -08:00', 'MON DD, YYYY HH24:MI TZH:TZM'), 'arrived at 19:21');
INSERT INTO Departures VALUES((SELECT id FROM FlightInstances WHERE airlineCode='AC' AND flightNumber=8081 AND flightDate=TO_DATE('May 19, 2012', 'MON DD, YYYY')), 'A1', 'YVR', TO_TIMESTAMP_TZ('May 19, 2012 20:00 -08:00', 'MON DD, YYYY HH24:MI TZH:TZM'), 'departed at 20:00');
INSERT INTO Arrivals VALUES((SELECT id FROM FlightInstances WHERE airlineCode='AC' AND flightNumber=8081 AND flightDate=TO_DATE('May 19, 2012', 'MON DD, YYYY')), '1', 'YYJ', TO_TIMESTAMP_TZ('May 19, 2012 20:21 -08:00', 'MON DD, YYYY HH24:MI TZH:TZM'), 'arrived at 20:21');
INSERT INTO Departures VALUES((SELECT id FROM FlightInstances WHERE airlineCode='AC' AND flightNumber=8083 AND flightDate=TO_DATE('May 19, 2012', 'MON DD, YYYY')), 'A1', 'YVR', TO_TIMESTAMP_TZ('May 19, 2012 22:20 -08:00', 'MON DD, YYYY HH24:MI TZH:TZM'), 'departed at 22:20');
INSERT INTO Arrivals VALUES((SELECT id FROM FlightInstances WHERE airlineCode='AC' AND flightNumber=8083 AND flightDate=TO_DATE('May 19, 2012', 'MON DD, YYYY')), '1', 'YYJ', TO_TIMESTAMP_TZ('May 19, 2012 22:43 -08:00', 'MON DD, YYYY HH24:MI TZH:TZM'), 'arrived at 22:43');
INSERT INTO Departures VALUES((SELECT id FROM FlightInstances WHERE airlineCode='AC' AND flightNumber=8087 AND flightDate=TO_DATE('May 19, 2012', 'MON DD, YYYY')), 'A1', 'YVR', TO_TIMESTAMP_TZ('May 19, 2012 23:30 -08:00', 'MON DD, YYYY HH24:MI TZH:TZM'), 'departed at 23:30');
INSERT INTO Arrivals VALUES((SELECT id FROM FlightInstances WHERE airlineCode='AC' AND flightNumber=8087 AND flightDate=TO_DATE('May 19, 2012', 'MON DD, YYYY')), '1', 'YYJ', TO_TIMESTAMP_TZ('May 19, 2012 23:53 -08:00', 'MON DD, YYYY HH24:MI TZH:TZM'), 'arrived at 23:53');
--
-- INSERT INTO Flights VALUES ('AC',8552,'YYJ','YYC','BCRJ',TO_TIMESTAMP_TZ('Jan 15, 1980 08:40 -08:00','MON DD, YYYY HH24:MI TZH:TZM'),TO_TIMESTAMP_TZ('Jan 15, 1980 10:45 -07:00','MON DD, YYYY HH24:MI TZH:TZM'));
INSERT INTO Departures VALUES((SELECT id FROM FlightInstances WHERE airlineCode='AC' AND flightNumber=8552 AND flightDate=TO_DATE('May 19, 2012', 'MON DD, YYYY')), '1', 'YYJ', TO_TIMESTAMP_TZ('May 19, 2012 08:40 -08:00', 'MON DD, YYYY HH24:MI TZH:TZM'), 'departed at 08:40');
INSERT INTO Arrivals VALUES((SELECT id FROM FlightInstances WHERE airlineCode='AC' AND flightNumber=8552 AND flightDate=TO_DATE('May 19, 2012', 'MON DD, YYYY')), 'A1', 'YYC', TO_TIMESTAMP_TZ('May 19, 2012 10:45 -07:00', 'MON DD, YYYY HH24:MI TZH:TZM'), 'arrived at 10:45');
-- INSERT INTO Flights VALUES ('AC',8554,'YYJ','YYC','BCRJ',TO_TIMESTAMP_TZ('Jan 15, 1980 12:25 -08:00','MON DD, YYYY HH24:MI TZH:TZM'),TO_TIMESTAMP_TZ('Jan 15, 1980 14:45 -07:00','MON DD, YYYY HH24:MI TZH:TZM'));
INSERT INTO Departures VALUES((SELECT id FROM FlightInstances WHERE airlineCode='AC' AND flightNumber=8554 AND flightDate=TO_DATE('May 19, 2012', 'MON DD, YYYY')), '1', 'YYJ', TO_TIMESTAMP_TZ('May 19, 2012 12:25 -08:00', 'MON DD, YYYY HH24:MI TZH:TZM'), 'departed at 12:25');
INSERT INTO Arrivals VALUES((SELECT id FROM FlightInstances WHERE airlineCode='AC' AND flightNumber=8554 AND flightDate=TO_DATE('May 19, 2012', 'MON DD, YYYY')), 'A1', 'YYC', TO_TIMESTAMP_TZ('May 19, 2012 14:45 -07:00', 'MON DD, YYYY HH24:MI TZH:TZM'), 'arrived at 14:45');
-- INSERT INTO Flights VALUES ('AC',8558,'YYJ','YYC','BCRJ',TO_TIMESTAMP_TZ('Jan 15, 1980 20:40 -08:00','MON DD, YYYY HH24:MI TZH:TZM'),TO_TIMESTAMP_TZ('Jan 15, 1980 23:00 -07:00','MON DD, YYYY HH24:MI TZH:TZM'));
INSERT INTO Departures VALUES((SELECT id FROM FlightInstances WHERE airlineCode='AC' AND flightNumber=8558 AND flightDate=TO_DATE('May 19, 2012', 'MON DD, YYYY')), '1', 'YYJ', TO_TIMESTAMP_TZ('May 19, 2012 20:40 -08:00', 'MON DD, YYYY HH24:MI TZH:TZM'), 'departed at 20:40');
INSERT INTO Arrivals VALUES((SELECT id FROM FlightInstances WHERE airlineCode='AC' AND flightNumber=8558 AND flightDate=TO_DATE('May 19, 2012', 'MON DD, YYYY')), 'A1', 'YYC', TO_TIMESTAMP_TZ('May 19, 2012 23:00 -07:00', 'MON DD, YYYY HH24:MI TZH:TZM'), 'arrived at 23:00');
-- INSERT INTO Flights VALUES ('AC',8178,'YYJ','YKA','BDH3',TO_TIMESTAMP_TZ('Jan 15, 1980 15:00 -08:00','MON DD, YYYY HH24:MI TZH:TZM'),TO_TIMESTAMP_TZ('Jan 15, 1980 16:51 -08:00','MON DD, YYYY HH24:MI TZH:TZM'));
INSERT INTO Departures VALUES((SELECT id FROM FlightInstances WHERE airlineCode='AC' AND flightNumber=8178 AND flightDate=TO_DATE('May 19, 2012', 'MON DD, YYYY')), '1', 'YYJ', TO_TIMESTAMP_TZ('May 19, 2012 15:00 -08:00', 'MON DD, YYYY HH24:MI TZH:TZM'), 'departed at 15:00');
INSERT INTO Arrivals VALUES((SELECT id FROM FlightInstances WHERE airlineCode='AC' AND flightNumber=8178 AND flightDate=TO_DATE('May 19, 2012', 'MON DD, YYYY')), '1', 'YKA', TO_TIMESTAMP_TZ('May 19, 2012 16:51 -08:00', 'MON DD, YYYY HH24:MI TZH:TZM'), 'arrived at 16:51');
--  INSERT INTO Flights VALUES ('AC',4400,'YYJ','SFO','BCRJ',TO_TIMESTAMP_TZ('Jan 15, 1980 06:53 -08:00','MON DD, YYYY HH24:MI TZH:TZM'),TO_TIMESTAMP_TZ('Jan 15, 1980 09:06 -08:00','MON DD, YYYY HH24:MI TZH:TZM'));
INSERT INTO Departures VALUES((SELECT id FROM FlightInstances WHERE airlineCode='AC' AND flightNumber=4400 AND flightDate=TO_DATE('May 19, 2012', 'MON DD, YYYY')), '1', 'YYJ', TO_TIMESTAMP_TZ('May 19, 2012 06:53 -08:00', 'MON DD, YYYY HH24:MI TZH:TZM'), 'departed at 06:53');
INSERT INTO Arrivals VALUES((SELECT id FROM FlightInstances WHERE airlineCode='AC' AND flightNumber=4400 AND flightDate=TO_DATE('May 19, 2012', 'MON DD, YYYY')), 'A1', 'SFO', TO_TIMESTAMP_TZ('May 19, 2012 09:06 -08:00', 'MON DD, YYYY HH24:MI TZH:TZM'), 'arrived at 09:06');
-- INSERT INTO Flights VALUES ('AC',4402,'YYJ','SFO','BCRJ',TO_TIMESTAMP_TZ('Jan 15, 1980 13:21 -08:00','MON DD, YYYY HH24:MI TZH:TZM'),TO_TIMESTAMP_TZ('Jan 15, 1980 15:34 -08:00','MON DD, YYYY HH24:MI TZH:TZM'));
INSERT INTO Departures VALUES((SELECT id FROM FlightInstances WHERE airlineCode='AC' AND flightNumber=4402 AND flightDate=TO_DATE('May 19, 2012', 'MON DD, YYYY')), '1', 'YYJ', TO_TIMESTAMP_TZ('May 19, 2012 13:21 -08:00', 'MON DD, YYYY HH24:MI TZH:TZM'), 'departed at 13:21');
INSERT INTO Arrivals VALUES((SELECT id FROM FlightInstances WHERE airlineCode='AC' AND flightNumber=4402 AND flightDate=TO_DATE('May 19, 2012', 'MON DD, YYYY')), 'A1', 'SFO', TO_TIMESTAMP_TZ('May 19, 2012 15:34 -08:00', 'MON DD, YYYY HH24:MI TZH:TZM'), 'arrived at 15:34');
-- INSERT INTO Flights VALUES ('AC',8556,'YYJ','YXE','BCRJ',TO_TIMESTAMP_TZ('Jan 15, 1980 15:00 -08:00','MON DD, YYYY HH24:MI TZH:TZM'),TO_TIMESTAMP_TZ('Jan 15, 1980 19:12 -06:00','MON DD, YYYY HH24:MI TZH:TZM'));
INSERT INTO Departures VALUES((SELECT id FROM FlightInstances WHERE airlineCode='AC' AND flightNumber=8556 AND flightDate=TO_DATE('May 19, 2012', 'MON DD, YYYY')), '1', 'YYJ', TO_TIMESTAMP_TZ('May 19, 2012 15:00 -08:00', 'MON DD, YYYY HH24:MI TZH:TZM'), 'departed at 15:00');
INSERT INTO Arrivals VALUES((SELECT id FROM FlightInstances WHERE airlineCode='AC' AND flightNumber=8556 AND flightDate=TO_DATE('May 19, 2012', 'MON DD, YYYY')), 'A1', 'YXE', TO_TIMESTAMP_TZ('May 19, 2012 19:12 -06:00', 'MON DD, YYYY HH24:MI TZH:TZM'), 'arrived at 19:12');
-- INSERT INTO Flights VALUES ('AC',190,'YYJ','YYZ','A319',TO_TIMESTAMP_TZ('Jan 15, 1980 06:45 -08:00','MON DD, YYYY HH24:MI TZH:TZM'),TO_TIMESTAMP_TZ('Jan 15, 1980 14:10 -05:00','MON DD, YYYY HH24:MI TZH:TZM'));
INSERT INTO Departures VALUES((SELECT id FROM FlightInstances WHERE airlineCode='AC' AND flightNumber=190 AND flightDate=TO_DATE('May 19, 2012', 'MON DD, YYYY')), '1', 'YYJ', TO_TIMESTAMP_TZ('May 19, 2012 06:45 -08:00', 'MON DD, YYYY HH24:MI TZH:TZM'), 'departed at 06:45');
INSERT INTO Arrivals VALUES((SELECT id FROM FlightInstances WHERE airlineCode='AC' AND flightNumber=190 AND flightDate=TO_DATE('May 19, 2012', 'MON DD, YYYY')), 'A8', 'YYZ', TO_TIMESTAMP_TZ('May 19, 2012 14:10 -05:00', 'MON DD, YYYY HH24:MI TZH:TZM'), 'arrived at 14:10');
-- INSERT INTO Flights VALUES ('AC',1186,'YYJ','YYZ','E90',TO_TIMESTAMP_TZ('Jan 15, 1980 12:00 -08:00','MON DD, YYYY HH24:MI TZH:TZM'),TO_TIMESTAMP_TZ('Jan 15, 1980 19:23 -05:00','MON DD, YYYY HH24:MI TZH:TZM'));
INSERT INTO Departures VALUES((SELECT id FROM FlightInstances WHERE airlineCode='AC' AND flightNumber=1186 AND flightDate=TO_DATE('May 19, 2012', 'MON DD, YYYY')), '1', 'YYJ', TO_TIMESTAMP_TZ('May 19, 2012 12:00 -08:00', 'MON DD, YYYY HH24:MI TZH:TZM'), 'departed at 12:00');
INSERT INTO Arrivals VALUES((SELECT id FROM FlightInstances WHERE airlineCode='AC' AND flightNumber=1186 AND flightDate=TO_DATE('May 19, 2012', 'MON DD, YYYY')), 'A8', 'YYZ', TO_TIMESTAMP_TZ('May 19, 2012 19:23 -05:00', 'MON DD, YYYY HH24:MI TZH:TZM'), 'arrived at 19:23');
-- INSERT INTO Flights VALUES ('AC',1192,'YYJ','YYZ','E90',TO_TIMESTAMP_TZ('Jan 15, 1980 23:50 -08:00','MON DD, YYYY HH24:MI TZH:TZM'),TO_TIMESTAMP_TZ('Jan 16, 1980 07:13 -05:00','MON DD, YYYY HH24:MI TZH:TZM'));
INSERT INTO Departures VALUES((SELECT id FROM FlightInstances WHERE airlineCode='AC' AND flightNumber=1192 AND flightDate=TO_DATE('May 19, 2012', 'MON DD, YYYY')), '1', 'YYJ', TO_TIMESTAMP_TZ('May 19, 2012 23:50 -08:00', 'MON DD, YYYY HH24:MI TZH:TZM'), 'departed at 23:50');
INSERT INTO Arrivals VALUES((SELECT id FROM FlightInstances WHERE airlineCode='AC' AND flightNumber=1192 AND flightDate=TO_DATE('May 19, 2012', 'MON DD, YYYY')), 'A8', 'YYZ', TO_TIMESTAMP_TZ('May 20, 2012 07:13 -05:00', 'MON DD, YYYY HH24:MI TZH:TZM'), 'arrived at 07:13');
-- INSERT INTO Flights VALUES ('AC',8050,'YYJ','YVR','BDH3',TO_TIMESTAMP_TZ('Jan 15, 1980 05:25 -08:00','MON DD, YYYY HH24:MI TZH:TZM'),TO_TIMESTAMP_TZ('Jan 15, 1980 05:48 -08:00','MON DD, YYYY HH24:MI TZH:TZM'));
INSERT INTO Departures VALUES((SELECT id FROM FlightInstances WHERE airlineCode='AC' AND flightNumber=8050 AND flightDate=TO_DATE('May 19, 2012', 'MON DD, YYYY')), '1', 'YYJ', TO_TIMESTAMP_TZ('May 19, 2012 05:25 -08:00', 'MON DD, YYYY HH24:MI TZH:TZM'), 'departed at 05:25');
INSERT INTO Arrivals VALUES((SELECT id FROM FlightInstances WHERE airlineCode='AC' AND flightNumber=8050 AND flightDate=TO_DATE('May 19, 2012', 'MON DD, YYYY')), 'A1', 'YVR', TO_TIMESTAMP_TZ('May 19, 2012 05:48 -08:00', 'MON DD, YYYY HH24:MI TZH:TZM'), 'arrived at 05:48');
-- INSERT INTO Flights VALUES ('AC',8054,'YYJ','YVR','BDH3',TO_TIMESTAMP_TZ('Jan 15, 1980 07:00 -08:00','MON DD, YYYY HH24:MI TZH:TZM'),TO_TIMESTAMP_TZ('Jan 15, 1980 07:23 -08:00','MON DD, YYYY HH24:MI TZH:TZM'));
INSERT INTO Departures VALUES((SELECT id FROM FlightInstances WHERE airlineCode='AC' AND flightNumber=8054 AND flightDate=TO_DATE('May 19, 2012', 'MON DD, YYYY')), '1', 'YYJ', TO_TIMESTAMP_TZ('May 19, 2012 07:00 -08:00', 'MON DD, YYYY HH24:MI TZH:TZM'), 'departed at 07:00');
INSERT INTO Arrivals VALUES((SELECT id FROM FlightInstances WHERE airlineCode='AC' AND flightNumber=8054 AND flightDate=TO_DATE('May 19, 2012', 'MON DD, YYYY')), 'A1', 'YVR', TO_TIMESTAMP_TZ('May 19, 2012 07:23 -08:00', 'MON DD, YYYY HH24:MI TZH:TZM'), 'arrived at 07:23');
-- INSERT INTO Flights VALUES ('AC',8056,'YYJ','YVR','BDH1',TO_TIMESTAMP_TZ('Jan 15, 1980 08:00 -08:00','MON DD, YYYY HH24:MI TZH:TZM'),TO_TIMESTAMP_TZ('Jan 15, 1980 08:23 -08:00','MON DD, YYYY HH24:MI TZH:TZM'));
INSERT INTO Departures VALUES((SELECT id FROM FlightInstances WHERE airlineCode='AC' AND flightNumber=8056 AND flightDate=TO_DATE('May 19, 2012', 'MON DD, YYYY')), '1', 'YYJ', TO_TIMESTAMP_TZ('May 19, 2012 08:00 -08:00', 'MON DD, YYYY HH24:MI TZH:TZM'), 'departed at 08:00');
INSERT INTO Arrivals VALUES((SELECT id FROM FlightInstances WHERE airlineCode='AC' AND flightNumber=8056 AND flightDate=TO_DATE('May 19, 2012', 'MON DD, YYYY')), 'A1', 'YVR', TO_TIMESTAMP_TZ('May 19, 2012 08:23 -08:00', 'MON DD, YYYY HH24:MI TZH:TZM'), 'arrived at 08:23');
-- INSERT INTO Flights VALUES ('AC',8058,'YYJ','YVR','BDH1',TO_TIMESTAMP_TZ('Jan 15, 1980 09:00 -08:00','MON DD, YYYY HH24:MI TZH:TZM'),TO_TIMESTAMP_TZ('Jan 15, 1980 09:23 -08:00','MON DD, YYYY HH24:MI TZH:TZM'));
INSERT INTO Departures VALUES((SELECT id FROM FlightInstances WHERE airlineCode='AC' AND flightNumber=8058 AND flightDate=TO_DATE('May 19, 2012', 'MON DD, YYYY')), '1', 'YYJ', TO_TIMESTAMP_TZ('May 19, 2012 09:07 -08:00', 'MON DD, YYYY HH24:MI TZH:TZM'), 'delayed to 09:07');
INSERT INTO Arrivals VALUES((SELECT id FROM FlightInstances WHERE airlineCode='AC' AND flightNumber=8058 AND flightDate=TO_DATE('May 19, 2012', 'MON DD, YYYY')), 'A1', 'YVR', TO_TIMESTAMP_TZ('May 19, 2012 09:30 -08:00', 'MON DD, YYYY HH24:MI TZH:TZM'), 'delayed to 09:30');
-- INSERT INTO Flights VALUES ('AC',8060,'YYJ','YVR','BDH1',TO_TIMESTAMP_TZ('Jan 15, 1980 10:00 -08:00','MON DD, YYYY HH24:MI TZH:TZM'),TO_TIMESTAMP_TZ('Jan 15, 1980 10:23 -08:00','MON DD, YYYY HH24:MI TZH:TZM'));
INSERT INTO Departures VALUES((SELECT id FROM FlightInstances WHERE airlineCode='AC' AND flightNumber=8060 AND flightDate=TO_DATE('May 19, 2012', 'MON DD, YYYY')), '1', 'YYJ', TO_TIMESTAMP_TZ('May 19, 2012 10:00 -08:00', 'MON DD, YYYY HH24:MI TZH:TZM'), 'departed at 10:00');
INSERT INTO Arrivals VALUES((SELECT id FROM FlightInstances WHERE airlineCode='AC' AND flightNumber=8060 AND flightDate=TO_DATE('May 19, 2012', 'MON DD, YYYY')), 'A1', 'YVR', TO_TIMESTAMP_TZ('May 19, 2012 10:23 -08:00', 'MON DD, YYYY HH24:MI TZH:TZM'), 'arrived at 10:23');
-- INSERT INTO Flights VALUES ('AC',8062,'YYJ','YVR','BDH1',TO_TIMESTAMP_TZ('Jan 15, 1980 11:00 -08:00','MON DD, YYYY HH24:MI TZH:TZM'),TO_TIMESTAMP_TZ('Jan 15, 1980 11:23 -08:00','MON DD, YYYY HH24:MI TZH:TZM'));
INSERT INTO Departures VALUES((SELECT id FROM FlightInstances WHERE airlineCode='AC' AND flightNumber=8062 AND flightDate=TO_DATE('May 19, 2012', 'MON DD, YYYY')), '1', 'YYJ', TO_TIMESTAMP_TZ('May 19, 2012 11:00 -08:00', 'MON DD, YYYY HH24:MI TZH:TZM'), 'departed at 11:00');
INSERT INTO Arrivals VALUES((SELECT id FROM FlightInstances WHERE airlineCode='AC' AND flightNumber=8062 AND flightDate=TO_DATE('May 19, 2012', 'MON DD, YYYY')), 'A1', 'YVR', TO_TIMESTAMP_TZ('May 19, 2012 11:23 -08:00', 'MON DD, YYYY HH24:MI TZH:TZM'), 'arrived at 11:23');
-- INSERT INTO Flights VALUES ('AC',8064,'YYJ','YVR','BDH1',TO_TIMESTAMP_TZ('Jan 15, 1980 12:00 -08:00','MON DD, YYYY HH24:MI TZH:TZM'),TO_TIMESTAMP_TZ('Jan 15, 1980 12:23 -08:00','MON DD, YYYY HH24:MI TZH:TZM'));
INSERT INTO Departures VALUES((SELECT id FROM FlightInstances WHERE airlineCode='AC' AND flightNumber=8064 AND flightDate=TO_DATE('May 19, 2012', 'MON DD, YYYY')), '1', 'YYJ', TO_TIMESTAMP_TZ('May 19, 2012 12:00 -08:00', 'MON DD, YYYY HH24:MI TZH:TZM'), 'departed at 12:00');
INSERT INTO Arrivals VALUES((SELECT id FROM FlightInstances WHERE airlineCode='AC' AND flightNumber=8064 AND flightDate=TO_DATE('May 19, 2012', 'MON DD, YYYY')), 'A1', 'YVR', TO_TIMESTAMP_TZ('May 19, 2012 12:23 -08:00', 'MON DD, YYYY HH24:MI TZH:TZM'), 'arrived at 12:23');
-- INSERT INTO Flights VALUES ('AC',8052,'YYJ','YVR','BDH3',TO_TIMESTAMP_TZ('Jan 15, 1980 12:30 -08:00','MON DD, YYYY HH24:MI TZH:TZM'),TO_TIMESTAMP_TZ('Jan 15, 1980 12:53 -08:00','MON DD, YYYY HH24:MI TZH:TZM'));
INSERT INTO Departures VALUES((SELECT id FROM FlightInstances WHERE airlineCode='AC' AND flightNumber=8052 AND flightDate=TO_DATE('May 19, 2012', 'MON DD, YYYY')), '1', 'YYJ', TO_TIMESTAMP_TZ('May 19, 2012 12:30 -08:00', 'MON DD, YYYY HH24:MI TZH:TZM'), 'departed at 12:30');
INSERT INTO Arrivals VALUES((SELECT id FROM FlightInstances WHERE airlineCode='AC' AND flightNumber=8052 AND flightDate=TO_DATE('May 19, 2012', 'MON DD, YYYY')), 'A1', 'YVR', TO_TIMESTAMP_TZ('May 19, 2012 12:53 -08:00', 'MON DD, YYYY HH24:MI TZH:TZM'), 'arrived at 12:53');
-- INSERT INTO Flights VALUES ('AC',8174,'YYJ','YVR','BDH1',TO_TIMESTAMP_TZ('Jan 15, 1980 12:30 -08:00','MON DD, YYYY HH24:MI TZH:TZM'),TO_TIMESTAMP_TZ('Jan 15, 1980 12:53 -08:00','MON DD, YYYY HH24:MI TZH:TZM'));
INSERT INTO Departures VALUES((SELECT id FROM FlightInstances WHERE airlineCode='AC' AND flightNumber=8174 AND flightDate=TO_DATE('May 19, 2012', 'MON DD, YYYY')), '1', 'YYJ', TO_TIMESTAMP_TZ('May 19, 2012 12:30 -08:00', 'MON DD, YYYY HH24:MI TZH:TZM'), 'departed at 12:30');
INSERT INTO Arrivals VALUES((SELECT id FROM FlightInstances WHERE airlineCode='AC' AND flightNumber=8174 AND flightDate=TO_DATE('May 19, 2012', 'MON DD, YYYY')), 'A1', 'YVR', TO_TIMESTAMP_TZ('May 19, 2012 12:53 -08:00', 'MON DD, YYYY HH24:MI TZH:TZM'), 'arrived at 12:53');
-- INSERT INTO Flights VALUES ('AC',8066,'YYJ','YVR','BDH3',TO_TIMESTAMP_TZ('Jan 15, 1980 13:00 -08:00','MON DD, YYYY HH24:MI TZH:TZM'),TO_TIMESTAMP_TZ('Jan 15, 1980 13:23 -08:00','MON DD, YYYY HH24:MI TZH:TZM'));
INSERT INTO Departures VALUES((SELECT id FROM FlightInstances WHERE airlineCode='AC' AND flightNumber=8066 AND flightDate=TO_DATE('May 19, 2012', 'MON DD, YYYY')), '1', 'YYJ', TO_TIMESTAMP_TZ('May 19, 2012 13:00 -08:00', 'MON DD, YYYY HH24:MI TZH:TZM'), 'departed at 13:00');
INSERT INTO Arrivals VALUES((SELECT id FROM FlightInstances WHERE airlineCode='AC' AND flightNumber=8066 AND flightDate=TO_DATE('May 19, 2012', 'MON DD, YYYY')), 'A1', 'YVR', TO_TIMESTAMP_TZ('May 19, 2012 13:23 -08:00', 'MON DD, YYYY HH24:MI TZH:TZM'), 'arrived at 13:23');
-- INSERT INTO Flights VALUES ('AC',8068,'YYJ','YVR','BDH3',TO_TIMESTAMP_TZ('Jan 15, 1980 14:00 -08:00','MON DD, YYYY HH24:MI TZH:TZM'),TO_TIMESTAMP_TZ('Jan 15, 1980 14:23 -08:00','MON DD, YYYY HH24:MI TZH:TZM'));
INSERT INTO Departures VALUES((SELECT id FROM FlightInstances WHERE airlineCode='AC' AND flightNumber=8068 AND flightDate=TO_DATE('May 19, 2012', 'MON DD, YYYY')), '1', 'YYJ', TO_TIMESTAMP_TZ('May 19, 2012 14:00 -08:00', 'MON DD, YYYY HH24:MI TZH:TZM'), 'departed at 14:00');
INSERT INTO Arrivals VALUES((SELECT id FROM FlightInstances WHERE airlineCode='AC' AND flightNumber=8068 AND flightDate=TO_DATE('May 19, 2012', 'MON DD, YYYY')), 'A1', 'YVR', TO_TIMESTAMP_TZ('May 19, 2012 14:23 -08:00', 'MON DD, YYYY HH24:MI TZH:TZM'), 'arrived at 14:23');
-- INSERT INTO Flights VALUES ('AC',8084,'YYJ','YVR','BDH3',TO_TIMESTAMP_TZ('Jan 15, 1980 14:30 -08:00','MON DD, YYYY HH24:MI TZH:TZM'),TO_TIMESTAMP_TZ('Jan 15, 1980 14:53 -08:00','MON DD, YYYY HH24:MI TZH:TZM'));
INSERT INTO Departures VALUES((SELECT id FROM FlightInstances WHERE airlineCode='AC' AND flightNumber=8084 AND flightDate=TO_DATE('May 19, 2012', 'MON DD, YYYY')), '1', 'YYJ', TO_TIMESTAMP_TZ('May 19, 2012 14:30 -08:00', 'MON DD, YYYY HH24:MI TZH:TZM'), 'departed at 14:30');
INSERT INTO Arrivals VALUES((SELECT id FROM FlightInstances WHERE airlineCode='AC' AND flightNumber=8084 AND flightDate=TO_DATE('May 19, 2012', 'MON DD, YYYY')), 'A1', 'YVR', TO_TIMESTAMP_TZ('May 19, 2012 14:53 -08:00', 'MON DD, YYYY HH24:MI TZH:TZM'), 'arrived at 14:53');
-- INSERT INTO Flights VALUES ('AC',8070,'YYJ','YVR','BDH1',TO_TIMESTAMP_TZ('Jan 15, 1980 15:00 -08:00','MON DD, YYYY HH24:MI TZH:TZM'),TO_TIMESTAMP_TZ('Jan 15, 1980 15:23 -08:00','MON DD, YYYY HH24:MI TZH:TZM'));
INSERT INTO Departures VALUES((SELECT id FROM FlightInstances WHERE airlineCode='AC' AND flightNumber=8070 AND flightDate=TO_DATE('May 19, 2012', 'MON DD, YYYY')), '1', 'YYJ', TO_TIMESTAMP_TZ('May 19, 2012 15:00 -08:00', 'MON DD, YYYY HH24:MI TZH:TZM'), 'departed at 15:00');
INSERT INTO Arrivals VALUES((SELECT id FROM FlightInstances WHERE airlineCode='AC' AND flightNumber=8070 AND flightDate=TO_DATE('May 19, 2012', 'MON DD, YYYY')), 'A1', 'YVR', TO_TIMESTAMP_TZ('May 19, 2012 15:23 -08:00', 'MON DD, YYYY HH24:MI TZH:TZM'), 'arrived at 15:23');
-- INSERT INTO Flights VALUES ('AC',8072,'YYJ','YVR','BDH3',TO_TIMESTAMP_TZ('Jan 15, 1980 16:00 -08:00','MON DD, YYYY HH24:MI TZH:TZM'),TO_TIMESTAMP_TZ('Jan 15, 1980 16:23 -08:00','MON DD, YYYY HH24:MI TZH:TZM'));
INSERT INTO Departures VALUES((SELECT id FROM FlightInstances WHERE airlineCode='AC' AND flightNumber=8072 AND flightDate=TO_DATE('May 19, 2012', 'MON DD, YYYY')), '1', 'YYJ', TO_TIMESTAMP_TZ('May 19, 2012 16:00 -08:00', 'MON DD, YYYY HH24:MI TZH:TZM'), 'departed at 16:00');
INSERT INTO Arrivals VALUES((SELECT id FROM FlightInstances WHERE airlineCode='AC' AND flightNumber=8072 AND flightDate=TO_DATE('May 19, 2012', 'MON DD, YYYY')), 'A1', 'YVR', TO_TIMESTAMP_TZ('May 19, 2012 16:23 -08:00', 'MON DD, YYYY HH24:MI TZH:TZM'), 'arrived at 16:23');
-- INSERT INTO Flights VALUES ('AC',8086,'YYJ','YVR','BDH3',TO_TIMESTAMP_TZ('Jan 15, 1980 16:30 -08:00','MON DD, YYYY HH24:MI TZH:TZM'),TO_TIMESTAMP_TZ('Jan 15, 1980 16:53 -08:00','MON DD, YYYY HH24:MI TZH:TZM'));
INSERT INTO Departures VALUES((SELECT id FROM FlightInstances WHERE airlineCode='AC' AND flightNumber=8086 AND flightDate=TO_DATE('May 19, 2012', 'MON DD, YYYY')), '1', 'YYJ', TO_TIMESTAMP_TZ('May 19, 2012 16:30 -08:00', 'MON DD, YYYY HH24:MI TZH:TZM'), 'departed at 16:30');
INSERT INTO Arrivals VALUES((SELECT id FROM FlightInstances WHERE airlineCode='AC' AND flightNumber=8086 AND flightDate=TO_DATE('May 19, 2012', 'MON DD, YYYY')), 'A1', 'YVR', TO_TIMESTAMP_TZ('May 19, 2012 16:53 -08:00', 'MON DD, YYYY HH24:MI TZH:TZM'), 'arrived at 16:53');
-- INSERT INTO Flights VALUES ('AC',8074,'YYJ','YVR','BDH3',TO_TIMESTAMP_TZ('Jan 15, 1980 17:00 -08:00','MON DD, YYYY HH24:MI TZH:TZM'),TO_TIMESTAMP_TZ('Jan 15, 1980 17:23 -08:00','MON DD, YYYY HH24:MI TZH:TZM'));
INSERT INTO Departures VALUES((SELECT id FROM FlightInstances WHERE airlineCode='AC' AND flightNumber=8074 AND flightDate=TO_DATE('May 19, 2012', 'MON DD, YYYY')), '1', 'YYJ', TO_TIMESTAMP_TZ('May 19, 2012 17:00 -08:00', 'MON DD, YYYY HH24:MI TZH:TZM'), 'departed at 17:00');
INSERT INTO Arrivals VALUES((SELECT id FROM FlightInstances WHERE airlineCode='AC' AND flightNumber=8074 AND flightDate=TO_DATE('May 19, 2012', 'MON DD, YYYY')), 'A1', 'YVR', TO_TIMESTAMP_TZ('May 19, 2012 17:23 -08:00', 'MON DD, YYYY HH24:MI TZH:TZM'), 'arrived at 17:23');
-- INSERT INTO Flights VALUES ('AC',8076,'YYJ','YVR','BDH3',TO_TIMESTAMP_TZ('Jan 15, 1980 18:00 -08:00','MON DD, YYYY HH24:MI TZH:TZM'),TO_TIMESTAMP_TZ('Jan 15, 1980 18:23 -08:00','MON DD, YYYY HH24:MI TZH:TZM'));
INSERT INTO Departures VALUES((SELECT id FROM FlightInstances WHERE airlineCode='AC' AND flightNumber=8076 AND flightDate=TO_DATE('May 19, 2012', 'MON DD, YYYY')), '1', 'YYJ', TO_TIMESTAMP_TZ('May 19, 2012 18:00 -08:00', 'MON DD, YYYY HH24:MI TZH:TZM'), 'departed at 18:00');
INSERT INTO Arrivals VALUES((SELECT id FROM FlightInstances WHERE airlineCode='AC' AND flightNumber=8076 AND flightDate=TO_DATE('May 19, 2012', 'MON DD, YYYY')), 'A1', 'YVR', TO_TIMESTAMP_TZ('May 19, 2012 18:23 -08:00', 'MON DD, YYYY HH24:MI TZH:TZM'), 'arrived at 18:23');
-- INSERT INTO Flights VALUES ('AC',8078,'YYJ','YVR','BDH3',TO_TIMESTAMP_TZ('Jan 15, 1980 19:00 -08:00','MON DD, YYYY HH24:MI TZH:TZM'),TO_TIMESTAMP_TZ('Jan 15, 1980 19:23 -08:00','MON DD, YYYY HH24:MI TZH:TZM'));
INSERT INTO Departures VALUES((SELECT id FROM FlightInstances WHERE airlineCode='AC' AND flightNumber=8078 AND flightDate=TO_DATE('May 19, 2012', 'MON DD, YYYY')), '1', 'YYJ', TO_TIMESTAMP_TZ('May 19, 2012 19:00 -08:00', 'MON DD, YYYY HH24:MI TZH:TZM'), 'departed at 19:00');
INSERT INTO Arrivals VALUES((SELECT id FROM FlightInstances WHERE airlineCode='AC' AND flightNumber=8078 AND flightDate=TO_DATE('May 19, 2012', 'MON DD, YYYY')), 'A1', 'YVR', TO_TIMESTAMP_TZ('May 19, 2012 19:23 -08:00', 'MON DD, YYYY HH24:MI TZH:TZM'), 'arrived at 19:23');
-- INSERT INTO Flights VALUES ('AC',8080,'YYJ','YVR','BDH3',TO_TIMESTAMP_TZ('Jan 15, 1980 20:00 -08:00','MON DD, YYYY HH24:MI TZH:TZM'),TO_TIMESTAMP_TZ('Jan 15, 1980 20:23 -08:00','MON DD, YYYY HH24:MI TZH:TZM'));
INSERT INTO Departures VALUES((SELECT id FROM FlightInstances WHERE airlineCode='AC' AND flightNumber=8080 AND flightDate=TO_DATE('May 19, 2012', 'MON DD, YYYY')), '1', 'YYJ', TO_TIMESTAMP_TZ('May 19, 2012 20:00 -08:00', 'MON DD, YYYY HH24:MI TZH:TZM'), 'departed at 20:00');
INSERT INTO Arrivals VALUES((SELECT id FROM FlightInstances WHERE airlineCode='AC' AND flightNumber=8080 AND flightDate=TO_DATE('May 19, 2012', 'MON DD, YYYY')), 'A1', 'YVR', TO_TIMESTAMP_TZ('May 19, 2012 20:23 -08:00', 'MON DD, YYYY HH24:MI TZH:TZM'), 'arrived at 20:23');
-- INSERT INTO Flights VALUES ('WS',354,'YYJ','YYC','B737',TO_TIMESTAMP_TZ('Jan 15, 1980 07:00 -08:00','MON DD, YYYY HH24:MI TZH:TZM'),TO_TIMESTAMP_TZ('Jan 15, 1980 09:19 -07:00','MON DD, YYYY HH24:MI TZH:TZM'));
INSERT INTO Departures VALUES((SELECT id FROM FlightInstances WHERE airlineCode='WS' AND flightNumber=354 AND flightDate=TO_DATE('May 19, 2012', 'MON DD, YYYY')), '1', 'YYJ', TO_TIMESTAMP_TZ('May 19, 2012 07:00 -08:00', 'MON DD, YYYY HH24:MI TZH:TZM'), 'departed at 07:00');
INSERT INTO Arrivals VALUES((SELECT id FROM FlightInstances WHERE airlineCode='WS' AND flightNumber=354 AND flightDate=TO_DATE('May 19, 2012', 'MON DD, YYYY')), 'A1', 'YYC', TO_TIMESTAMP_TZ('May 19, 2012 09:19 -07:00', 'MON DD, YYYY HH24:MI TZH:TZM'), 'arrived at 09:19');
-- INSERT INTO Flights VALUES ('WS',196,'YYJ','YYC','B737',TO_TIMESTAMP_TZ('Jan 15, 1980 12:40 -08:00','MON DD, YYYY HH24:MI TZH:TZM'),TO_TIMESTAMP_TZ('Jan 15, 1980 14:59 -07:00','MON DD, YYYY HH24:MI TZH:TZM'));
INSERT INTO Departures VALUES((SELECT id FROM FlightInstances WHERE airlineCode='WS' AND flightNumber=196 AND flightDate=TO_DATE('May 19, 2012', 'MON DD, YYYY')), '1', 'YYJ', TO_TIMESTAMP_TZ('May 19, 2012 12:40 -08:00', 'MON DD, YYYY HH24:MI TZH:TZM'), 'departed at 12:40');
INSERT INTO Arrivals VALUES((SELECT id FROM FlightInstances WHERE airlineCode='WS' AND flightNumber=196 AND flightDate=TO_DATE('May 19, 2012', 'MON DD, YYYY')), 'A1', 'YYC', TO_TIMESTAMP_TZ('May 19, 2012 14:59 -07:00', 'MON DD, YYYY HH24:MI TZH:TZM'), 'arrived at 14:59');
-- INSERT INTO Flights VALUES ('WS',502,'YYJ','YYC','B737',TO_TIMESTAMP_TZ('Jan 15, 1980 18:10 -08:00','MON DD, YYYY HH24:MI TZH:TZM'),TO_TIMESTAMP_TZ('Jan 15, 1980 20:29 -07:00','MON DD, YYYY HH24:MI TZH:TZM'));
INSERT INTO Departures VALUES((SELECT id FROM FlightInstances WHERE airlineCode='WS' AND flightNumber=502 AND flightDate=TO_DATE('May 19, 2012', 'MON DD, YYYY')), '1', 'YYJ', TO_TIMESTAMP_TZ('May 19, 2012 18:10 -08:00', 'MON DD, YYYY HH24:MI TZH:TZM'), 'departed at 18:10');
INSERT INTO Arrivals VALUES((SELECT id FROM FlightInstances WHERE airlineCode='WS' AND flightNumber=502 AND flightDate=TO_DATE('May 19, 2012', 'MON DD, YYYY')), 'A1', 'YYC', TO_TIMESTAMP_TZ('May 19, 2012 20:29 -07:00', 'MON DD, YYYY HH24:MI TZH:TZM'), 'arrived at 20:29');
-- INSERT INTO Flights VALUES ('WS',508,'YYJ','YYC','B738',TO_TIMESTAMP_TZ('Jan 15, 1980 20:10 -08:00','MON DD, YYYY HH24:MI TZH:TZM'),TO_TIMESTAMP_TZ('Jan 15, 1980 22:29 -07:00','MON DD, YYYY HH24:MI TZH:TZM'));
INSERT INTO Departures VALUES((SELECT id FROM FlightInstances WHERE airlineCode='WS' AND flightNumber=508 AND flightDate=TO_DATE('May 19, 2012', 'MON DD, YYYY')), '1', 'YYJ', TO_TIMESTAMP_TZ('May 19, 2012 20:10 -08:00', 'MON DD, YYYY HH24:MI TZH:TZM'), 'departed at 20:10');
INSERT INTO Arrivals VALUES((SELECT id FROM FlightInstances WHERE airlineCode='WS' AND flightNumber=508 AND flightDate=TO_DATE('May 19, 2012', 'MON DD, YYYY')), 'A1', 'YYC', TO_TIMESTAMP_TZ('May 19, 2012 22:29 -07:00', 'MON DD, YYYY HH24:MI TZH:TZM'), 'arrived at 22:29');
-- INSERT INTO Flights VALUES ('WS',614,'YYJ','YEG','B737',TO_TIMESTAMP_TZ('Jan 15, 1980 09:00 -08:00','MON DD, YYYY HH24:MI TZH:TZM'),TO_TIMESTAMP_TZ('Jan 15, 1980 11:28 -07:00','MON DD, YYYY HH24:MI TZH:TZM'));
INSERT INTO Departures VALUES((SELECT id FROM FlightInstances WHERE airlineCode='WS' AND flightNumber=614 AND flightDate=TO_DATE('May 19, 2012', 'MON DD, YYYY')), '1', 'YYJ', TO_TIMESTAMP_TZ('May 19, 2012 09:00 -08:00', 'MON DD, YYYY HH24:MI TZH:TZM'), 'departed at 09:00');
INSERT INTO Arrivals VALUES((SELECT id FROM FlightInstances WHERE airlineCode='WS' AND flightNumber=614 AND flightDate=TO_DATE('May 19, 2012', 'MON DD, YYYY')), 'A1', 'YEG', TO_TIMESTAMP_TZ('May 19, 2012 11:28 -07:00', 'MON DD, YYYY HH24:MI TZH:TZM'), 'arrived at 11:28');
-- INSERT INTO Flights VALUES ('WS',336,'YYJ','YEG','B737',TO_TIMESTAMP_TZ('Jan 15, 1980 14:00 -08:00','MON DD, YYYY HH24:MI TZH:TZM'),TO_TIMESTAMP_TZ('Jan 15, 1980 16:28 -07:00','MON DD, YYYY HH24:MI TZH:TZM'));
INSERT INTO Departures VALUES((SELECT id FROM FlightInstances WHERE airlineCode='WS' AND flightNumber=336 AND flightDate=TO_DATE('May 19, 2012', 'MON DD, YYYY')), '1', 'YYJ', TO_TIMESTAMP_TZ('May 19, 2012 14:00 -08:00', 'MON DD, YYYY HH24:MI TZH:TZM'), 'departed at 14:00');
INSERT INTO Arrivals VALUES((SELECT id FROM FlightInstances WHERE airlineCode='WS' AND flightNumber=336 AND flightDate=TO_DATE('May 19, 2012', 'MON DD, YYYY')), 'A1', 'YEG', TO_TIMESTAMP_TZ('May 19, 2012 16:28 -07:00', 'MON DD, YYYY HH24:MI TZH:TZM'), 'arrived at 16:28');
-- INSERT INTO Flights VALUES ('WS',192,'YYJ','YEG','B737',TO_TIMESTAMP_TZ('Jan 15, 1980 19:30 -08:00','MON DD, YYYY HH24:MI TZH:TZM'),TO_TIMESTAMP_TZ('Jan 15, 1980 21:58 -07:00','MON DD, YYYY HH24:MI TZH:TZM'));
INSERT INTO Departures VALUES((SELECT id FROM FlightInstances WHERE airlineCode='WS' AND flightNumber=192 AND flightDate=TO_DATE('May 19, 2012', 'MON DD, YYYY')), '1', 'YYJ', TO_TIMESTAMP_TZ('May 19, 2012 19:30 -08:00', 'MON DD, YYYY HH24:MI TZH:TZM'), 'departed at 19:30');
INSERT INTO Arrivals VALUES((SELECT id FROM FlightInstances WHERE airlineCode='WS' AND flightNumber=192 AND flightDate=TO_DATE('May 19, 2012', 'MON DD, YYYY')), 'A1', 'YEG', TO_TIMESTAMP_TZ('May 19, 2012 21:58 -07:00', 'MON DD, YYYY HH24:MI TZH:TZM'), 'arrived at 21:58');
-- INSERT INTO Flights VALUES ('WS',312,'YYJ','YLW','B737',TO_TIMESTAMP_TZ('Jan 15, 1980 09:15 -08:00','MON DD, YYYY HH24:MI TZH:TZM'),TO_TIMESTAMP_TZ('Jan 15, 1980 10:13 -08:00','MON DD, YYYY HH24:MI TZH:TZM'));
INSERT INTO Departures VALUES((SELECT id FROM FlightInstances WHERE airlineCode='WS' AND flightNumber=312 AND flightDate=TO_DATE('May 19, 2012', 'MON DD, YYYY')), '1', 'YYJ', TO_TIMESTAMP_TZ('May 19, 2012 09:15 -08:00', 'MON DD, YYYY HH24:MI TZH:TZM'), 'departed at 19:30');
INSERT INTO Arrivals VALUES((SELECT id FROM FlightInstances WHERE airlineCode='WS' AND flightNumber=312 AND flightDate=TO_DATE('May 19, 2012', 'MON DD, YYYY')), '1', 'YLW', TO_TIMESTAMP_TZ('May 19, 2012 10:13 -08:00', 'MON DD, YYYY HH24:MI TZH:TZM'), 'arrived at 21:58');
-- INSERT INTO Flights VALUES ('WS',650,'YYJ','YYZ','B737',TO_TIMESTAMP_TZ('Jan 15, 1980 11:35 -08:00','MON DD, YYYY HH24:MI TZH:TZM'),TO_TIMESTAMP_TZ('Jan 15, 1980 19:00 -05:00','MON DD, YYYY HH24:MI TZH:TZM'));
INSERT INTO Departures VALUES((SELECT id FROM FlightInstances WHERE airlineCode='WS' AND flightNumber=650 AND flightDate=TO_DATE('May 19, 2012', 'MON DD, YYYY')), '1', 'YYJ', TO_TIMESTAMP_TZ('May 19, 2012 11:35 -08:00', 'MON DD, YYYY HH24:MI TZH:TZM'), 'departed at 11:35');
INSERT INTO Arrivals VALUES((SELECT id FROM FlightInstances WHERE airlineCode='WS' AND flightNumber=650 AND flightDate=TO_DATE('May 19, 2012', 'MON DD, YYYY')), 'A8', 'YYZ', TO_TIMESTAMP_TZ('May 19, 2012 19:00 -05:00', 'MON DD, YYYY HH24:MI TZH:TZM'), 'arrived at 19:00');
-- INSERT INTO Flights VALUES ('WS',197,'YLW','YYJ','B737',TO_TIMESTAMP_TZ('Jan 15, 1980 18:00 -08:00','MON DD, YYYY HH24:MI TZH:TZM'),TO_TIMESTAMP_TZ('Jan 15, 1980 18:55 -08:00','MON DD, YYYY HH24:MI TZH:TZM'));
INSERT INTO Departures VALUES((SELECT id FROM FlightInstances WHERE airlineCode='WS' AND flightNumber=197 AND flightDate=TO_DATE('May 19, 2012', 'MON DD, YYYY')), '1', 'YLW', TO_TIMESTAMP_TZ('May 19, 2012 18:00 -08:00', 'MON DD, YYYY HH24:MI TZH:TZM'), 'departed at 18:00');
INSERT INTO Arrivals VALUES((SELECT id FROM FlightInstances WHERE airlineCode='WS' AND flightNumber=197 AND flightDate=TO_DATE('May 19, 2012', 'MON DD, YYYY')), '1', 'YYJ', TO_TIMESTAMP_TZ('May 19, 2012 18:55 -08:00', 'MON DD, YYYY HH24:MI TZH:TZM'), 'arrived at 18:55');
-- INSERT INTO Flights VALUES ('WS',546,'YYZ','YYJ','B737',TO_TIMESTAMP_TZ('Jan 15, 1980 08:45 -05:00','MON DD, YYYY HH24:MI TZH:TZM'),TO_TIMESTAMP_TZ('Jan 15, 1980 10:51 -08:00','MON DD, YYYY HH24:MI TZH:TZM'));
INSERT INTO Departures VALUES((SELECT id FROM FlightInstances WHERE airlineCode='WS' AND flightNumber=546 AND flightDate=TO_DATE('May 19, 2012', 'MON DD, YYYY')), 'A8', 'YYZ', TO_TIMESTAMP_TZ('May 19, 2012 08:45 -05:00', 'MON DD, YYYY HH24:MI TZH:TZM'), 'departed at 08:45');
INSERT INTO Arrivals VALUES((SELECT id FROM FlightInstances WHERE airlineCode='WS' AND flightNumber=546 AND flightDate=TO_DATE('May 19, 2012', 'MON DD, YYYY')), '1', 'YYJ', TO_TIMESTAMP_TZ('May 19, 2012 10:51 -08:00', 'MON DD, YYYY HH24:MI TZH:TZM'), 'arrived at 10:51');
-- INSERT INTO Flights VALUES ('WS',413,'YEG','YYJ','B737',TO_TIMESTAMP_TZ('Jan 15, 1980 08:05 -07:00','MON DD, YYYY HH24:MI TZH:TZM'),TO_TIMESTAMP_TZ('Jan 15, 1980 08:40 -08:00','MON DD, YYYY HH24:MI TZH:TZM'));
INSERT INTO Departures VALUES((SELECT id FROM FlightInstances WHERE airlineCode='WS' AND flightNumber=413 AND flightDate=TO_DATE('May 19, 2012', 'MON DD, YYYY')), 'A1', 'YEG', TO_TIMESTAMP_TZ('May 19, 2012 08:05 -07:00', 'MON DD, YYYY HH24:MI TZH:TZM'), 'departed at 08:05');
INSERT INTO Arrivals VALUES((SELECT id FROM FlightInstances WHERE airlineCode='WS' AND flightNumber=413 AND flightDate=TO_DATE('May 19, 2012', 'MON DD, YYYY')), '1', 'YYJ', TO_TIMESTAMP_TZ('May 19, 2012 08:40 -08:00', 'MON DD, YYYY HH24:MI TZH:TZM'), 'arrived at 08:40');
-- INSERT INTO Flights VALUES ('WS',335,'YEG','YYJ','B737',TO_TIMESTAMP_TZ('Jan 15, 1980 11:30 -07:00','MON DD, YYYY HH24:MI TZH:TZM'),TO_TIMESTAMP_TZ('Jan 15, 1980 12:05 -08:00','MON DD, YYYY HH24:MI TZH:TZM'));
INSERT INTO Departures VALUES((SELECT id FROM FlightInstances WHERE airlineCode='WS' AND flightNumber=335 AND flightDate=TO_DATE('May 19, 2012', 'MON DD, YYYY')), 'A1', 'YEG', TO_TIMESTAMP_TZ('May 19, 2012 11:30 -07:00', 'MON DD, YYYY HH24:MI TZH:TZM'), 'departed at 11:30');
INSERT INTO Arrivals VALUES((SELECT id FROM FlightInstances WHERE airlineCode='WS' AND flightNumber=335 AND flightDate=TO_DATE('May 19, 2012', 'MON DD, YYYY')), '1', 'YYJ', TO_TIMESTAMP_TZ('May 19, 2012 12:05 -08:00', 'MON DD, YYYY HH24:MI TZH:TZM'), 'arrived at 12:05');
-- INSERT INTO Flights VALUES ('WS',615,'YEG','YYJ','B737',TO_TIMESTAMP_TZ('Jan 15, 1980 17:00 -07:00','MON DD, YYYY HH24:MI TZH:TZM'),TO_TIMESTAMP_TZ('Jan 15, 1980 17:35 -08:00','MON DD, YYYY HH24:MI TZH:TZM'));
INSERT INTO Departures VALUES((SELECT id FROM FlightInstances WHERE airlineCode='WS' AND flightNumber=615 AND flightDate=TO_DATE('May 19, 2012', 'MON DD, YYYY')), 'A1', 'YEG', TO_TIMESTAMP_TZ('May 19, 2012 17:00 -07:00', 'MON DD, YYYY HH24:MI TZH:TZM'), 'departed at 17:00');
INSERT INTO Arrivals VALUES((SELECT id FROM FlightInstances WHERE airlineCode='WS' AND flightNumber=615 AND flightDate=TO_DATE('May 19, 2012', 'MON DD, YYYY')), '1', 'YYJ', TO_TIMESTAMP_TZ('May 19, 2012 17:35 -08:00', 'MON DD, YYYY HH24:MI TZH:TZM'), 'arrived at 17:35');
-- INSERT INTO Flights VALUES ('WS',209,'YYC','YYJ','B737',TO_TIMESTAMP_TZ('Jan 15, 1980 08:00 -07:00','MON DD, YYYY HH24:MI TZH:TZM'),TO_TIMESTAMP_TZ('Jan 15, 1980 08:27 -08:00','MON DD, YYYY HH24:MI TZH:TZM'));
INSERT INTO Departures VALUES((SELECT id FROM FlightInstances WHERE airlineCode='WS' AND flightNumber=209 AND flightDate=TO_DATE('May 19, 2012', 'MON DD, YYYY')), 'A1', 'YYC', TO_TIMESTAMP_TZ('May 19, 2012 08:00 -07:00', 'MON DD, YYYY HH24:MI TZH:TZM'), 'departed at 08:00');
INSERT INTO Arrivals VALUES((SELECT id FROM FlightInstances WHERE airlineCode='WS' AND flightNumber=209 AND flightDate=TO_DATE('May 19, 2012', 'MON DD, YYYY')), '1', 'YYJ', TO_TIMESTAMP_TZ('May 19, 2012 08:27 -08:00', 'MON DD, YYYY HH24:MI TZH:TZM'), 'arrived at 08:27');
-- INSERT INTO Flights VALUES ('WS',449,'YYC','YYJ','B737',TO_TIMESTAMP_TZ('Jan 15, 1980 12:50 -07:00','MON DD, YYYY HH24:MI TZH:TZM'),TO_TIMESTAMP_TZ('Jan 15, 1980 13:17 -08:00','MON DD, YYYY HH24:MI TZH:TZM'));
INSERT INTO Departures VALUES((SELECT id FROM FlightInstances WHERE airlineCode='WS' AND flightNumber=449 AND flightDate=TO_DATE('May 19, 2012', 'MON DD, YYYY')), 'A1', 'YYC', TO_TIMESTAMP_TZ('May 19, 2012 12:50 -07:00', 'MON DD, YYYY HH24:MI TZH:TZM'), 'departed at 12:50');
INSERT INTO Arrivals VALUES((SELECT id FROM FlightInstances WHERE airlineCode='WS' AND flightNumber=449 AND flightDate=TO_DATE('May 19, 2012', 'MON DD, YYYY')), '1', 'YYJ', TO_TIMESTAMP_TZ('May 19, 2012 13:17 -08:00', 'MON DD, YYYY HH24:MI TZH:TZM'), 'arrived at 13:17');
-- INSERT INTO Flights VALUES ('WS',221,'YYC','YYJ','B738',TO_TIMESTAMP_TZ('Jan 15, 1980 19:05 -07:00','MON DD, YYYY HH24:MI TZH:TZM'),TO_TIMESTAMP_TZ('Jan 15, 1980 19:32 -08:00','MON DD, YYYY HH24:MI TZH:TZM'));
INSERT INTO Departures VALUES((SELECT id FROM FlightInstances WHERE airlineCode='WS' AND flightNumber=221 AND flightDate=TO_DATE('May 19, 2012', 'MON DD, YYYY')), 'A1', 'YYC', TO_TIMESTAMP_TZ('May 19, 2012 19:05 -07:00', 'MON DD, YYYY HH24:MI TZH:TZM'), 'departed at 19:05');
INSERT INTO Arrivals VALUES((SELECT id FROM FlightInstances WHERE airlineCode='WS' AND flightNumber=221 AND flightDate=TO_DATE('May 19, 2012', 'MON DD, YYYY')), '1', 'YYJ', TO_TIMESTAMP_TZ('May 19, 2012 19:23 -08:00', 'MON DD, YYYY HH24:MI TZH:TZM'), 'arrived at 19:32');
-- INSERT INTO Flights VALUES ('WS',751,'YYC','YYJ','B737',TO_TIMESTAMP_TZ('Jan 15, 1980 22:30 -07:00','MON DD, YYYY HH24:MI TZH:TZM'),TO_TIMESTAMP_TZ('Jan 15, 1980 22:57 -08:00','MON DD, YYYY HH24:MI TZH:TZM'));
INSERT INTO Departures VALUES((SELECT id FROM FlightInstances WHERE airlineCode='WS' AND flightNumber=751 AND flightDate=TO_DATE('May 19, 2012', 'MON DD, YYYY')), 'A1', 'YYC', TO_TIMESTAMP_TZ('May 19, 2012 22:30 -07:00', 'MON DD, YYYY HH24:MI TZH:TZM'), 'departed at 22:30');
INSERT INTO Arrivals VALUES((SELECT id FROM FlightInstances WHERE airlineCode='WS' AND flightNumber=751 AND flightDate=TO_DATE('May 19, 2012', 'MON DD, YYYY')), '1', 'YYJ', TO_TIMESTAMP_TZ('May 19, 2012 22:57 -08:00', 'MON DD, YYYY HH24:MI TZH:TZM'), 'arrived at 22:57');
-- INSERT INTO Flights VALUES ('AS',2381,'YYJ','SEA','BDH4',TO_TIMESTAMP_TZ('Jan 15, 1980 06:00 -08:00','MON DD, YYYY HH24:MI TZH:TZM'),TO_TIMESTAMP_TZ('Jan 15, 1980 06:40 -08:00','MON DD, YYYY HH24:MI TZH:TZM'));
INSERT INTO Departures VALUES((SELECT id FROM FlightInstances WHERE airlineCode='AS' AND flightNumber=2381 AND flightDate=TO_DATE('May 19, 2012', 'MON DD, YYYY')), '1', 'YYJ', TO_TIMESTAMP_TZ('May 19, 2012 06:00 -08:00', 'MON DD, YYYY HH24:MI TZH:TZM'), 'departed at 06:00');
INSERT INTO Arrivals VALUES((SELECT id FROM FlightInstances WHERE airlineCode='AS' AND flightNumber=2381 AND flightDate=TO_DATE('May 19, 2012', 'MON DD, YYYY')), 'A1', 'SEA', TO_TIMESTAMP_TZ('May 19, 2012 06:40 -08:00', 'MON DD, YYYY HH24:MI TZH:TZM'), 'arrived at 06:40');
-- INSERT INTO Flights VALUES ('AS',2383,'YYJ','SEA','BDH4',TO_TIMESTAMP_TZ('Jan 15, 1980 09:05 -08:00','MON DD, YYYY HH24:MI TZH:TZM'),TO_TIMESTAMP_TZ('Jan 15, 1980 09:45 -08:00','MON DD, YYYY HH24:MI TZH:TZM'));
INSERT INTO Departures VALUES((SELECT id FROM FlightInstances WHERE airlineCode='AS' AND flightNumber=2383 AND flightDate=TO_DATE('May 19, 2012', 'MON DD, YYYY')), '1', 'YYJ', TO_TIMESTAMP_TZ('May 19, 2012 09:05 -08:00', 'MON DD, YYYY HH24:MI TZH:TZM'), 'departed at 09:05');
INSERT INTO Arrivals VALUES((SELECT id FROM FlightInstances WHERE airlineCode='AS' AND flightNumber=2383 AND flightDate=TO_DATE('May 19, 2012', 'MON DD, YYYY')), 'A1', 'SEA', TO_TIMESTAMP_TZ('May 19, 2012 09:45 -08:00', 'MON DD, YYYY HH24:MI TZH:TZM'), 'arrived at 09:45');
-- INSERT INTO Flights VALUES ('AS',2385,'YYJ','SEA','BDH4',TO_TIMESTAMP_TZ('Jan 15, 1980 12:20 -08:00','MON DD, YYYY HH24:MI TZH:TZM'),TO_TIMESTAMP_TZ('Jan 15, 1980 13:01 -08:00','MON DD, YYYY HH24:MI TZH:TZM'));
INSERT INTO Departures VALUES((SELECT id FROM FlightInstances WHERE airlineCode='AS' AND flightNumber=2385 AND flightDate=TO_DATE('May 19, 2012', 'MON DD, YYYY')), '1', 'YYJ', TO_TIMESTAMP_TZ('May 19, 2012 12:20 -08:00', 'MON DD, YYYY HH24:MI TZH:TZM'), 'departed at 12:20');
INSERT INTO Arrivals VALUES((SELECT id FROM FlightInstances WHERE airlineCode='AS' AND flightNumber=2385 AND flightDate=TO_DATE('May 19, 2012', 'MON DD, YYYY')), 'A1', 'SEA', TO_TIMESTAMP_TZ('May 19, 2012 13:01 -08:00', 'MON DD, YYYY HH24:MI TZH:TZM'), 'arrived at 13:01');
-- INSERT INTO Flights VALUES ('AS',2387,'YYJ','SEA','BDH4',TO_TIMESTAMP_TZ('Jan 15, 1980 15:40 -08:00','MON DD, YYYY HH24:MI TZH:TZM'),TO_TIMESTAMP_TZ('Jan 15, 1980 16:20 -08:00','MON DD, YYYY HH24:MI TZH:TZM'));
INSERT INTO Departures VALUES((SELECT id FROM FlightInstances WHERE airlineCode='AS' AND flightNumber=2387 AND flightDate=TO_DATE('May 19, 2012', 'MON DD, YYYY')), '1', 'YYJ', TO_TIMESTAMP_TZ('May 19, 2012 15:40 -08:00', 'MON DD, YYYY HH24:MI TZH:TZM'), 'departed at 15:40');
INSERT INTO Arrivals VALUES((SELECT id FROM FlightInstances WHERE airlineCode='AS' AND flightNumber=2387 AND flightDate=TO_DATE('May 19, 2012', 'MON DD, YYYY')), 'A1', 'SEA', TO_TIMESTAMP_TZ('May 19, 2012 16:20 -08:00', 'MON DD, YYYY HH24:MI TZH:TZM'), 'arrived at 16:20');
-- INSERT INTO Flights VALUES ('AS',2389,'YYJ','SEA','BDH4',TO_TIMESTAMP_TZ('Jan 15, 1980 18:50 -08:00','MON DD, YYYY HH24:MI TZH:TZM'),TO_TIMESTAMP_TZ('Jan 15, 1980 19:30 -08:00','MON DD, YYYY HH24:MI TZH:TZM'));
INSERT INTO Departures VALUES((SELECT id FROM FlightInstances WHERE airlineCode='AS' AND flightNumber=2389 AND flightDate=TO_DATE('May 19, 2012', 'MON DD, YYYY')), '1', 'YYJ', TO_TIMESTAMP_TZ('May 19, 2012 18:50 -08:00', 'MON DD, YYYY HH24:MI TZH:TZM'), 'departed at 18:50');
INSERT INTO Arrivals VALUES((SELECT id FROM FlightInstances WHERE airlineCode='AS' AND flightNumber=2389 AND flightDate=TO_DATE('May 19, 2012', 'MON DD, YYYY')), 'A1', 'SEA', TO_TIMESTAMP_TZ('May 19, 2012 19:30 -08:00', 'MON DD, YYYY HH24:MI TZH:TZM'), 'arrived at 19:30');
-- INSERT INTO Flights VALUES ('AS',2382,'SEA','YYJ','BDH4',TO_TIMESTAMP_TZ('Jan 15, 1980 07:50 -08:00','MON DD, YYYY HH24:MI TZH:TZM'),TO_TIMESTAMP_TZ('Jan 15, 1980 08:29 -08:00','MON DD, YYYY HH24:MI TZH:TZM'));
INSERT INTO Departures VALUES((SELECT id FROM FlightInstances WHERE airlineCode='AS' AND flightNumber=2382 AND flightDate=TO_DATE('May 19, 2012', 'MON DD, YYYY')), 'A1', 'SEA', TO_TIMESTAMP_TZ('May 19, 2012 09:00 -08:00', 'MON DD, YYYY HH24:MI TZH:TZM'), 'delayed to 09:00');
INSERT INTO Arrivals VALUES((SELECT id FROM FlightInstances WHERE airlineCode='AS' AND flightNumber=2382 AND flightDate=TO_DATE('May 19, 2012', 'MON DD, YYYY')), '1', 'YYJ', TO_TIMESTAMP_TZ('May 19, 2012 10:40 -08:00', 'MON DD, YYYY HH24:MI TZH:TZM'), 'delayed to 10:40');
-- INSERT INTO Flights VALUES ('AS',2384,'SEA','YYJ','BDH4',TO_TIMESTAMP_TZ('Jan 15, 1980 11:00 -08:00','MON DD, YYYY HH24:MI TZH:TZM'),TO_TIMESTAMP_TZ('Jan 15, 1980 11:45 -08:00','MON DD, YYYY HH24:MI TZH:TZM'));
INSERT INTO Departures VALUES((SELECT id FROM FlightInstances WHERE airlineCode='AS' AND flightNumber=2384 AND flightDate=TO_DATE('May 19, 2012', 'MON DD, YYYY')), 'A1', 'SEA', TO_TIMESTAMP_TZ('May 19, 2012 11:00 -08:00', 'MON DD, YYYY HH24:MI TZH:TZM'), 'departed at 11:00');
INSERT INTO Arrivals VALUES((SELECT id FROM FlightInstances WHERE airlineCode='AS' AND flightNumber=2384 AND flightDate=TO_DATE('May 19, 2012', 'MON DD, YYYY')), '1', 'YYJ', TO_TIMESTAMP_TZ('May 19, 2012 11:45 -08:00', 'MON DD, YYYY HH24:MI TZH:TZM'), 'arrived at 11:45');
-- INSERT INTO Flights VALUES ('AS',2386,'SEA','YYJ','BDH4',TO_TIMESTAMP_TZ('Jan 15, 1980 14:20 -08:00','MON DD, YYYY HH24:MI TZH:TZM'),TO_TIMESTAMP_TZ('Jan 15, 1980 15:04 -08:00','MON DD, YYYY HH24:MI TZH:TZM'));
INSERT INTO Departures VALUES((SELECT id FROM FlightInstances WHERE airlineCode='AS' AND flightNumber=2386 AND flightDate=TO_DATE('May 19, 2012', 'MON DD, YYYY')), 'A1', 'SEA', TO_TIMESTAMP_TZ('May 19, 2012 14:20 -08:00', 'MON DD, YYYY HH24:MI TZH:TZM'), 'departed at 14:20');
INSERT INTO Arrivals VALUES((SELECT id FROM FlightInstances WHERE airlineCode='AS' AND flightNumber=2386 AND flightDate=TO_DATE('May 19, 2012', 'MON DD, YYYY')), '1', 'YYJ', TO_TIMESTAMP_TZ('May 19, 2012 15:04 -08:00', 'MON DD, YYYY HH24:MI TZH:TZM'), 'arrived at 15:04');
-- INSERT INTO Flights VALUES ('AS',2388,'SEA','YYJ','BDH4',TO_TIMESTAMP_TZ('Jan 15, 1980 17:32 -08:00','MON DD, YYYY HH24:MI TZH:TZM'),TO_TIMESTAMP_TZ('Jan 15, 1980 18:15 -08:00','MON DD, YYYY HH24:MI TZH:TZM'));
INSERT INTO Departures VALUES((SELECT id FROM FlightInstances WHERE airlineCode='AS' AND flightNumber=2388 AND flightDate=TO_DATE('May 19, 2012', 'MON DD, YYYY')), 'A1', 'SEA', TO_TIMESTAMP_TZ('May 19, 2012 17:32 -08:00', 'MON DD, YYYY HH24:MI TZH:TZM'), 'departed at 17:32');
INSERT INTO Arrivals VALUES((SELECT id FROM FlightInstances WHERE airlineCode='AS' AND flightNumber=2388 AND flightDate=TO_DATE('May 19, 2012', 'MON DD, YYYY')), '1', 'YYJ', TO_TIMESTAMP_TZ('May 19, 2012 18:15 -08:00', 'MON DD, YYYY HH24:MI TZH:TZM'), 'arrived at 18:15');
-- INSERT INTO Flights VALUES ('AS',2380,'SEA','YYJ','BDH4',TO_TIMESTAMP_TZ('Jan 15, 1980 23:00 -08:00','MON DD, YYYY HH24:MI TZH:TZM'),TO_TIMESTAMP_TZ('Jan 15, 1980 23:42 -08:00','MON DD, YYYY HH24:MI TZH:TZM'));
INSERT INTO Departures VALUES((SELECT id FROM FlightInstances WHERE airlineCode='AS' AND flightNumber=2380 AND flightDate=TO_DATE('May 19, 2012', 'MON DD, YYYY')), 'A1', 'SEA', TO_TIMESTAMP_TZ('May 19, 2012 23:00 -08:00', 'MON DD, YYYY HH24:MI TZH:TZM'), 'departed at 23:00');
INSERT INTO Arrivals VALUES((SELECT id FROM FlightInstances WHERE airlineCode='AS' AND flightNumber=2380 AND flightDate=TO_DATE('May 19, 2012', 'MON DD, YYYY')), '1', 'YYJ', TO_TIMESTAMP_TZ('May 19, 2012 23:42 -08:00', 'MON DD, YYYY HH24:MI TZH:TZM'), 'arrived at 23:42');
INSERT INTO Departures VALUES((SELECT id FROM FlightInstances WHERE airlineCode='AC' AND flightNumber=8551 AND flightDate=TO_DATE('May 20, 2012', 'MON DD, YYYY')), 'A1', 'YYC', TO_TIMESTAMP_TZ('May 20, 2012 07:40 -07:00', 'MON DD, YYYY HH24:MI TZH:TZM'), 'departed at 07:40');
INSERT INTO Arrivals VALUES((SELECT id FROM FlightInstances WHERE airlineCode='AC' AND flightNumber=8551 AND flightDate=TO_DATE('May 20, 2012', 'MON DD, YYYY')), '1', 'YYJ', TO_TIMESTAMP_TZ('May 20, 2012 08:09 -08:00', 'MON DD, YYYY HH24:MI TZH:TZM'), 'arrived at 08:09');
INSERT INTO Departures VALUES((SELECT id FROM FlightInstances WHERE airlineCode='AC' AND flightNumber=8553 AND flightDate=TO_DATE('May 20, 2012', 'MON DD, YYYY')), 'A2', 'YYC', TO_TIMESTAMP_TZ('May 20, 2012 11:25 -07:00', 'MON DD, YYYY HH24:MI TZH:TZM'), 'departed at 11:25');
INSERT INTO Arrivals VALUES((SELECT id FROM FlightInstances WHERE airlineCode='AC' AND flightNumber=8553 AND flightDate=TO_DATE('May 20, 2012', 'MON DD, YYYY')), '1', 'YYJ', TO_TIMESTAMP_TZ('May 20, 2012 11:54 -08:00', 'MON DD, YYYY HH24:MI TZH:TZM'), 'arrived at 11:54');
INSERT INTO Departures VALUES((SELECT id FROM FlightInstances WHERE airlineCode='AC' AND flightNumber=8555 AND flightDate=TO_DATE('May 20, 2012', 'MON DD, YYYY')), 'A2', 'YYC', TO_TIMESTAMP_TZ('May 20, 2012 16:25 -07:00', 'MON DD, YYYY HH24:MI TZH:TZM'), 'departed at 16:25');
INSERT INTO Arrivals VALUES((SELECT id FROM FlightInstances WHERE airlineCode='AC' AND flightNumber=8555 AND flightDate=TO_DATE('May 20, 2012', 'MON DD, YYYY')), '1', 'YYJ', TO_TIMESTAMP_TZ('May 20, 2012 16:54 -08:00', 'MON DD, YYYY HH24:MI TZH:TZM'), 'arrived at 16:54');
INSERT INTO Departures VALUES((SELECT id FROM FlightInstances WHERE airlineCode='AC' AND flightNumber=8559 AND flightDate=TO_DATE('May 20, 2012', 'MON DD, YYYY')), 'A2', 'YYC', TO_TIMESTAMP_TZ('May 20, 2012 18:45 -07:00', 'MON DD, YYYY HH24:MI TZH:TZM'), 'departed at 18:45');
INSERT INTO Arrivals VALUES((SELECT id FROM FlightInstances WHERE airlineCode='AC' AND flightNumber=8559 AND flightDate=TO_DATE('May 20, 2012', 'MON DD, YYYY')), '1', 'YYJ', TO_TIMESTAMP_TZ('May 20, 2012 19:14 -08:00', 'MON DD, YYYY HH24:MI TZH:TZM'), 'arrived at 19:14');
INSERT INTO Departures VALUES((SELECT id FROM FlightInstances WHERE airlineCode='AC' AND flightNumber=8197 AND flightDate=TO_DATE('May 20, 2012', 'MON DD, YYYY')), '1', 'YKA', TO_TIMESTAMP_TZ('May 20, 2012 17:15 -07:00', 'MON DD, YYYY HH24:MI TZH:TZM'), 'departed at 17:15');
INSERT INTO Arrivals VALUES((SELECT id FROM FlightInstances WHERE airlineCode='AC' AND flightNumber=8197 AND flightDate=TO_DATE('May 20, 2012', 'MON DD, YYYY')), '1', 'YYJ', TO_TIMESTAMP_TZ('May 20, 2012 19:22 -08:00', 'MON DD, YYYY HH24:MI TZH:TZM'), 'arrived at 19:22');
INSERT INTO Departures VALUES((SELECT id FROM FlightInstances WHERE airlineCode='AC' AND flightNumber=1191 AND flightDate=TO_DATE('May 20, 2012', 'MON DD, YYYY')), 'A1', 'YOW', TO_TIMESTAMP_TZ('May 20, 2012 07:00 -05:00', 'MON DD, YYYY HH24:MI TZH:TZM'), 'departed at 07:00');
INSERT INTO Arrivals VALUES((SELECT id FROM FlightInstances WHERE airlineCode='AC' AND flightNumber=1191 AND flightDate=TO_DATE('May 20, 2012', 'MON DD, YYYY')), '1', 'YYJ', TO_TIMESTAMP_TZ('May 20, 2012 10:56 -08:00', 'MON DD, YYYY HH24:MI TZH:TZM'), 'arrived at 10:56');
INSERT INTO Departures VALUES((SELECT id FROM FlightInstances WHERE airlineCode='AC' AND flightNumber=8557 AND flightDate=TO_DATE('May 20, 2012', 'MON DD, YYYY')), 'A1', 'YXE', TO_TIMESTAMP_TZ('May 20, 2012 16:50 -06:00', 'MON DD, YYYY HH24:MI TZH:TZM'), 'departed at 16:50');
INSERT INTO Arrivals VALUES((SELECT id FROM FlightInstances WHERE airlineCode='AC' AND flightNumber=8557 AND flightDate=TO_DATE('May 20, 2012', 'MON DD, YYYY')), '1', 'YYJ', TO_TIMESTAMP_TZ('May 20, 2012 19:14 -08:00', 'MON DD, YYYY HH24:MI TZH:TZM'), 'arrived at 19:14');
INSERT INTO Departures VALUES((SELECT id FROM FlightInstances WHERE airlineCode='AC' AND flightNumber=4401 AND flightDate=TO_DATE('May 20, 2012', 'MON DD, YYYY')), 'A1', 'SFO', TO_TIMESTAMP_TZ('May 20, 2012 10:33 -08:00', 'MON DD, YYYY HH24:MI TZH:TZM'), 'departed at 10:33');
INSERT INTO Arrivals VALUES((SELECT id FROM FlightInstances WHERE airlineCode='AC' AND flightNumber=4401 AND flightDate=TO_DATE('May 20, 2012', 'MON DD, YYYY')), '1', 'YYJ', TO_TIMESTAMP_TZ('May 20, 2012 12:50 -08:00', 'MON DD, YYYY HH24:MI TZH:TZM'), 'arrived at 12:50');
INSERT INTO Departures VALUES((SELECT id FROM FlightInstances WHERE airlineCode='AC' AND flightNumber=4403 AND flightDate=TO_DATE('May 20, 2012', 'MON DD, YYYY')), 'A1', 'SFO', TO_TIMESTAMP_TZ('May 20, 2012 19:46 -08:00', 'MON DD, YYYY HH24:MI TZH:TZM'), 'departed at 19:46');
INSERT INTO Arrivals VALUES((SELECT id FROM FlightInstances WHERE airlineCode='AC' AND flightNumber=4403 AND flightDate=TO_DATE('May 20, 2012', 'MON DD, YYYY')), '1', 'YYJ', TO_TIMESTAMP_TZ('May 20, 2012 22:03 -08:00', 'MON DD, YYYY HH24:MI TZH:TZM'), 'arrived at 22:03');
INSERT INTO Departures VALUES((SELECT id FROM FlightInstances WHERE airlineCode='AC' AND flightNumber=8059 AND flightDate=TO_DATE('May 20, 2012', 'MON DD, YYYY')), '1', 'YXT', TO_TIMESTAMP_TZ('May 20, 2012 06:25 -08:00', 'MON DD, YYYY HH24:MI TZH:TZM'), 'departed at 06:25');
INSERT INTO Arrivals VALUES((SELECT id FROM FlightInstances WHERE airlineCode='AC' AND flightNumber=8059 AND flightDate=TO_DATE('May 20, 2012', 'MON DD, YYYY')), '1', 'YYJ', TO_TIMESTAMP_TZ('May 20, 2012 09:23 -08:00', 'MON DD, YYYY HH24:MI TZH:TZM'), 'arrived at 09:23');
INSERT INTO Departures VALUES((SELECT id FROM FlightInstances WHERE airlineCode='AC' AND flightNumber=191 AND flightDate=TO_DATE('May 20, 2012', 'MON DD, YYYY')), 'A8', 'YYZ', TO_TIMESTAMP_TZ('May 20, 2012 18:05 -05:00', 'MON DD, YYYY HH24:MI TZH:TZM'), 'departed at 18:05');
INSERT INTO Arrivals VALUES((SELECT id FROM FlightInstances WHERE airlineCode='AC' AND flightNumber=191 AND flightDate=TO_DATE('May 20, 2012', 'MON DD, YYYY')), '1', 'YYJ', TO_TIMESTAMP_TZ('May 20, 2012 20:09 -08:00', 'MON DD, YYYY HH24:MI TZH:TZM'), 'arrived at 20:09');
INSERT INTO Departures VALUES((SELECT id FROM FlightInstances WHERE airlineCode='AC' AND flightNumber=1193 AND flightDate=TO_DATE('May 20, 2012', 'MON DD, YYYY')), 'A8', 'YYZ', TO_TIMESTAMP_TZ('May 20, 2012 20:55 -05:00', 'MON DD, YYYY HH24:MI TZH:TZM'), 'departed at 20:55');
INSERT INTO Arrivals VALUES((SELECT id FROM FlightInstances WHERE airlineCode='AC' AND flightNumber=1193 AND flightDate=TO_DATE('May 20, 2012', 'MON DD, YYYY')), '1', 'YYJ', TO_TIMESTAMP_TZ('May 20, 2012 23:06 -08:00', 'MON DD, YYYY HH24:MI TZH:TZM'), 'arrived at 23:06');
INSERT INTO Departures VALUES((SELECT id FROM FlightInstances WHERE airlineCode='AC' AND flightNumber=8055 AND flightDate=TO_DATE('May 20, 2012', 'MON DD, YYYY')), 'A1', 'YVR', TO_TIMESTAMP_TZ('May 20, 2012 07:00 -08:00', 'MON DD, YYYY HH24:MI TZH:TZM'), 'departed at 07:00');
INSERT INTO Arrivals VALUES((SELECT id FROM FlightInstances WHERE airlineCode='AC' AND flightNumber=8055 AND flightDate=TO_DATE('May 20, 2012', 'MON DD, YYYY')), '1', 'YYJ', TO_TIMESTAMP_TZ('May 20, 2012 07:24 -08:00', 'MON DD, YYYY HH24:MI TZH:TZM'), 'arrived at 07:24');
INSERT INTO Departures VALUES((SELECT id FROM FlightInstances WHERE airlineCode='AC' AND flightNumber=8057 AND flightDate=TO_DATE('May 20, 2012', 'MON DD, YYYY')), 'A1', 'YVR', TO_TIMESTAMP_TZ('May 20, 2012 08:00 -08:00', 'MON DD, YYYY HH24:MI TZH:TZM'), 'departed at 08:00');
INSERT INTO Arrivals VALUES((SELECT id FROM FlightInstances WHERE airlineCode='AC' AND flightNumber=8057 AND flightDate=TO_DATE('May 20, 2012', 'MON DD, YYYY')), '1', 'YYJ', TO_TIMESTAMP_TZ('May 20, 2012 08:24 -08:00', 'MON DD, YYYY HH24:MI TZH:TZM'), 'arrived at 08:24');
INSERT INTO Departures VALUES((SELECT id FROM FlightInstances WHERE airlineCode='AC' AND flightNumber=8061 AND flightDate=TO_DATE('May 20, 2012', 'MON DD, YYYY')), 'A1', 'YVR', TO_TIMESTAMP_TZ('May 20, 2012 10:00 -08:00', 'MON DD, YYYY HH24:MI TZH:TZM'), 'departed at 10:00');
INSERT INTO Arrivals VALUES((SELECT id FROM FlightInstances WHERE airlineCode='AC' AND flightNumber=8061 AND flightDate=TO_DATE('May 20, 2012', 'MON DD, YYYY')), '1', 'YYJ', TO_TIMESTAMP_TZ('May 20, 2012 10:23 -08:00', 'MON DD, YYYY HH24:MI TZH:TZM'), 'arrived at 10:23');
INSERT INTO Departures VALUES((SELECT id FROM FlightInstances WHERE airlineCode='AC' AND flightNumber=8063 AND flightDate=TO_DATE('May 20, 2012', 'MON DD, YYYY')), 'A1', 'YVR', TO_TIMESTAMP_TZ('May 20, 2012 11:00 -08:00', 'MON DD, YYYY HH24:MI TZH:TZM'), 'departed at 11:00');
INSERT INTO Arrivals VALUES((SELECT id FROM FlightInstances WHERE airlineCode='AC' AND flightNumber=8063 AND flightDate=TO_DATE('May 20, 2012', 'MON DD, YYYY')), '1', 'YYJ', TO_TIMESTAMP_TZ('May 20, 2012 11:22 -08:00', 'MON DD, YYYY HH24:MI TZH:TZM'), 'arrived at 11:22');
INSERT INTO Departures VALUES((SELECT id FROM FlightInstances WHERE airlineCode='AC' AND flightNumber=8051 AND flightDate=TO_DATE('May 20, 2012', 'MON DD, YYYY')), 'A1', 'YVR', TO_TIMESTAMP_TZ('May 20, 2012 11:30 -08:00', 'MON DD, YYYY HH24:MI TZH:TZM'), 'departed at 11:30');
INSERT INTO Arrivals VALUES((SELECT id FROM FlightInstances WHERE airlineCode='AC' AND flightNumber=8051 AND flightDate=TO_DATE('May 20, 2012', 'MON DD, YYYY')), '1', 'YYJ', TO_TIMESTAMP_TZ('May 20, 2012 11:53 -08:00', 'MON DD, YYYY HH24:MI TZH:TZM'), 'arrived at 11:53');
INSERT INTO Departures VALUES((SELECT id FROM FlightInstances WHERE airlineCode='AC' AND flightNumber=8065 AND flightDate=TO_DATE('May 20, 2012', 'MON DD, YYYY')), 'A1', 'YVR', TO_TIMESTAMP_TZ('May 20, 2012 12:00 -08:00', 'MON DD, YYYY HH24:MI TZH:TZM'), 'departed at 12:00');
INSERT INTO Arrivals VALUES((SELECT id FROM FlightInstances WHERE airlineCode='AC' AND flightNumber=8065 AND flightDate=TO_DATE('May 20, 2012', 'MON DD, YYYY')), '1', 'YYJ', TO_TIMESTAMP_TZ('May 20, 2012 12:22 -08:00', 'MON DD, YYYY HH24:MI TZH:TZM'), 'arrived at 12:22');
INSERT INTO Departures VALUES((SELECT id FROM FlightInstances WHERE airlineCode='AC' AND flightNumber=8085 AND flightDate=TO_DATE('May 20, 2012', 'MON DD, YYYY')), 'A1', 'YVR', TO_TIMESTAMP_TZ('May 20, 2012 12:30 -08:00', 'MON DD, YYYY HH24:MI TZH:TZM'), 'departed at 12:30');
INSERT INTO Arrivals VALUES((SELECT id FROM FlightInstances WHERE airlineCode='AC' AND flightNumber=8085 AND flightDate=TO_DATE('May 20, 2012', 'MON DD, YYYY')), '1', 'YYJ', TO_TIMESTAMP_TZ('May 20, 2012 12:53 -08:00', 'MON DD, YYYY HH24:MI TZH:TZM'), 'arrived at 12:53');
INSERT INTO Departures VALUES((SELECT id FROM FlightInstances WHERE airlineCode='AC' AND flightNumber=8067 AND flightDate=TO_DATE('May 20, 2012', 'MON DD, YYYY')), 'A1', 'YVR', TO_TIMESTAMP_TZ('May 20, 2012 13:00 -08:00', 'MON DD, YYYY HH24:MI TZH:TZM'), 'departed at 13:00');
INSERT INTO Arrivals VALUES((SELECT id FROM FlightInstances WHERE airlineCode='AC' AND flightNumber=8067 AND flightDate=TO_DATE('May 20, 2012', 'MON DD, YYYY')), '1', 'YYJ', TO_TIMESTAMP_TZ('May 20, 2012 13:22 -08:00', 'MON DD, YYYY HH24:MI TZH:TZM'), 'arrived at 13:22');
INSERT INTO Departures VALUES((SELECT id FROM FlightInstances WHERE airlineCode='AC' AND flightNumber=8053 AND flightDate=TO_DATE('May 20, 2012', 'MON DD, YYYY')), 'A1', 'YVR', TO_TIMESTAMP_TZ('May 20, 2012 13:30 -08:00', 'MON DD, YYYY HH24:MI TZH:TZM'), 'departed at 13:30');
INSERT INTO Arrivals VALUES((SELECT id FROM FlightInstances WHERE airlineCode='AC' AND flightNumber=8053 AND flightDate=TO_DATE('May 20, 2012', 'MON DD, YYYY')), '1', 'YYJ', TO_TIMESTAMP_TZ('May 20, 2012 13:52 -08:00', 'MON DD, YYYY HH24:MI TZH:TZM'), 'arrived at 13:52');
INSERT INTO Departures VALUES((SELECT id FROM FlightInstances WHERE airlineCode='AC' AND flightNumber=8069 AND flightDate=TO_DATE('May 20, 2012', 'MON DD, YYYY')), 'A1', 'YVR', TO_TIMESTAMP_TZ('May 20, 2012 14:00 -08:00', 'MON DD, YYYY HH24:MI TZH:TZM'), 'departed at 14:00');
INSERT INTO Arrivals VALUES((SELECT id FROM FlightInstances WHERE airlineCode='AC' AND flightNumber=8069 AND flightDate=TO_DATE('May 20, 2012', 'MON DD, YYYY')), '1', 'YYJ', TO_TIMESTAMP_TZ('May 20, 2012 14:22 -08:00', 'MON DD, YYYY HH24:MI TZH:TZM'), 'arrived at 14:22');
INSERT INTO Departures VALUES((SELECT id FROM FlightInstances WHERE airlineCode='AC' AND flightNumber=8071 AND flightDate=TO_DATE('May 20, 2012', 'MON DD, YYYY')), 'A1', 'YVR', TO_TIMESTAMP_TZ('May 20, 2012 15:00 -08:00', 'MON DD, YYYY HH24:MI TZH:TZM'), 'departed at 15:00');
INSERT INTO Arrivals VALUES((SELECT id FROM FlightInstances WHERE airlineCode='AC' AND flightNumber=8071 AND flightDate=TO_DATE('May 20, 2012', 'MON DD, YYYY')), '1', 'YYJ', TO_TIMESTAMP_TZ('May 20, 2012 15:23 -08:00', 'MON DD, YYYY HH24:MI TZH:TZM'), 'arrived at 15:23');
INSERT INTO Departures VALUES((SELECT id FROM FlightInstances WHERE airlineCode='AC' AND flightNumber=8161 AND flightDate=TO_DATE('May 20, 2012', 'MON DD, YYYY')), 'A1', 'YVR', TO_TIMESTAMP_TZ('May 20, 2012 15:30 -08:00', 'MON DD, YYYY HH24:MI TZH:TZM'), 'departed at 15:30');
INSERT INTO Arrivals VALUES((SELECT id FROM FlightInstances WHERE airlineCode='AC' AND flightNumber=8161 AND flightDate=TO_DATE('May 20, 2012', 'MON DD, YYYY')), '1', 'YYJ', TO_TIMESTAMP_TZ('May 20, 2012 15:53 -08:00', 'MON DD, YYYY HH24:MI TZH:TZM'), 'arrived at 15:53');
INSERT INTO Departures VALUES((SELECT id FROM FlightInstances WHERE airlineCode='AC' AND flightNumber=8073 AND flightDate=TO_DATE('May 20, 2012', 'MON DD, YYYY')), 'A1', 'YVR', TO_TIMESTAMP_TZ('May 20, 2012 16:00 -08:00', 'MON DD, YYYY HH24:MI TZH:TZM'), 'departed at 16:00');
INSERT INTO Arrivals VALUES((SELECT id FROM FlightInstances WHERE airlineCode='AC' AND flightNumber=8073 AND flightDate=TO_DATE('May 20, 2012', 'MON DD, YYYY')), '1', 'YYJ', TO_TIMESTAMP_TZ('May 20, 2012 16:22 -08:00', 'MON DD, YYYY HH24:MI TZH:TZM'), 'arrived at 16:22');
INSERT INTO Departures VALUES((SELECT id FROM FlightInstances WHERE airlineCode='AC' AND flightNumber=8091 AND flightDate=TO_DATE('May 20, 2012', 'MON DD, YYYY')), 'A1', 'YVR', TO_TIMESTAMP_TZ('May 20, 2012 16:30 -08:00', 'MON DD, YYYY HH24:MI TZH:TZM'), 'departed at 16:30');
INSERT INTO Arrivals VALUES((SELECT id FROM FlightInstances WHERE airlineCode='AC' AND flightNumber=8091 AND flightDate=TO_DATE('May 20, 2012', 'MON DD, YYYY')), '1', 'YYJ', TO_TIMESTAMP_TZ('May 20, 2012 16:52 -08:00', 'MON DD, YYYY HH24:MI TZH:TZM'), 'arrived at 16:52');
INSERT INTO Departures VALUES((SELECT id FROM FlightInstances WHERE airlineCode='AC' AND flightNumber=8075 AND flightDate=TO_DATE('May 20, 2012', 'MON DD, YYYY')), 'A1', 'YVR', TO_TIMESTAMP_TZ('May 20, 2012 17:00 -08:00', 'MON DD, YYYY HH24:MI TZH:TZM'), 'departed at 17:00');
INSERT INTO Arrivals VALUES((SELECT id FROM FlightInstances WHERE airlineCode='AC' AND flightNumber=8075 AND flightDate=TO_DATE('May 20, 2012', 'MON DD, YYYY')), '1', 'YYJ', TO_TIMESTAMP_TZ('May 20, 2012 17:22 -08:00', 'MON DD, YYYY HH24:MI TZH:TZM'), 'arrived at 17:20');
INSERT INTO Departures VALUES((SELECT id FROM FlightInstances WHERE airlineCode='AC' AND flightNumber=8077 AND flightDate=TO_DATE('May 20, 2012', 'MON DD, YYYY')), 'A1', 'YVR', TO_TIMESTAMP_TZ('May 20, 2012 18:00 -08:00', 'MON DD, YYYY HH24:MI TZH:TZM'), 'departed at 18:00');
INSERT INTO Arrivals VALUES((SELECT id FROM FlightInstances WHERE airlineCode='AC' AND flightNumber=8077 AND flightDate=TO_DATE('May 20, 2012', 'MON DD, YYYY')), '1', 'YYJ', TO_TIMESTAMP_TZ('May 20, 2012 18:22 -08:00', 'MON DD, YYYY HH24:MI TZH:TZM'), 'arrived at 18:22');
INSERT INTO Departures VALUES((SELECT id FROM FlightInstances WHERE airlineCode='AC' AND flightNumber=8079 AND flightDate=TO_DATE('May 20, 2012', 'MON DD, YYYY')), 'A1', 'YVR', TO_TIMESTAMP_TZ('May 20, 2012 19:00 -08:00', 'MON DD, YYYY HH24:MI TZH:TZM'), 'departed at 19:00');
INSERT INTO Arrivals VALUES((SELECT id FROM FlightInstances WHERE airlineCode='AC' AND flightNumber=8079 AND flightDate=TO_DATE('May 20, 2012', 'MON DD, YYYY')), '1', 'YYJ', TO_TIMESTAMP_TZ('May 20, 2012 19:21 -08:00', 'MON DD, YYYY HH24:MI TZH:TZM'), 'arrived at 19:21');
INSERT INTO Departures VALUES((SELECT id FROM FlightInstances WHERE airlineCode='AC' AND flightNumber=8081 AND flightDate=TO_DATE('May 20, 2012', 'MON DD, YYYY')), 'A1', 'YVR', TO_TIMESTAMP_TZ('May 20, 2012 20:00 -08:00', 'MON DD, YYYY HH24:MI TZH:TZM'), 'departed at 20:00');
INSERT INTO Arrivals VALUES((SELECT id FROM FlightInstances WHERE airlineCode='AC' AND flightNumber=8081 AND flightDate=TO_DATE('May 20, 2012', 'MON DD, YYYY')), '1', 'YYJ', TO_TIMESTAMP_TZ('May 20, 2012 20:21 -08:00', 'MON DD, YYYY HH24:MI TZH:TZM'), 'arrived at 20:21');
INSERT INTO Departures VALUES((SELECT id FROM FlightInstances WHERE airlineCode='AC' AND flightNumber=8083 AND flightDate=TO_DATE('May 20, 2012', 'MON DD, YYYY')), 'A1', 'YVR', TO_TIMESTAMP_TZ('May 20, 2012 22:20 -08:00', 'MON DD, YYYY HH24:MI TZH:TZM'), 'departed at 22:20');
INSERT INTO Arrivals VALUES((SELECT id FROM FlightInstances WHERE airlineCode='AC' AND flightNumber=8083 AND flightDate=TO_DATE('May 20, 2012', 'MON DD, YYYY')), '1', 'YYJ', TO_TIMESTAMP_TZ('May 20, 2012 22:43 -08:00', 'MON DD, YYYY HH24:MI TZH:TZM'), 'arrived at 22:43');
INSERT INTO Departures VALUES((SELECT id FROM FlightInstances WHERE airlineCode='AC' AND flightNumber=8087 AND flightDate=TO_DATE('May 20, 2012', 'MON DD, YYYY')), 'A1', 'YVR', TO_TIMESTAMP_TZ('May 20, 2012 23:30 -08:00', 'MON DD, YYYY HH24:MI TZH:TZM'), 'departed at 23:30');
INSERT INTO Arrivals VALUES((SELECT id FROM FlightInstances WHERE airlineCode='AC' AND flightNumber=8087 AND flightDate=TO_DATE('May 20, 2012', 'MON DD, YYYY')), '1', 'YYJ', TO_TIMESTAMP_TZ('May 20, 2012 23:53 -08:00', 'MON DD, YYYY HH24:MI TZH:TZM'), 'arrived at 23:53');
--
-- INSERT INTO Flights VALUES ('AC',8552,'YYJ','YYC','BCRJ',TO_TIMESTAMP_TZ('Jan 15, 1980 08:40 -08:00','MON DD, YYYY HH24:MI TZH:TZM'),TO_TIMESTAMP_TZ('Jan 15, 1980 10:45 -07:00','MON DD, YYYY HH24:MI TZH:TZM'));
INSERT INTO Departures VALUES((SELECT id FROM FlightInstances WHERE airlineCode='AC' AND flightNumber=8552 AND flightDate=TO_DATE('May 20, 2012', 'MON DD, YYYY')), '1', 'YYJ', TO_TIMESTAMP_TZ('May 20, 2012 08:40 -08:00', 'MON DD, YYYY HH24:MI TZH:TZM'), 'departed at 08:40');
INSERT INTO Arrivals VALUES((SELECT id FROM FlightInstances WHERE airlineCode='AC' AND flightNumber=8552 AND flightDate=TO_DATE('May 20, 2012', 'MON DD, YYYY')), 'A1', 'YYC', TO_TIMESTAMP_TZ('May 20, 2012 10:45 -07:00', 'MON DD, YYYY HH24:MI TZH:TZM'), 'arrived at 10:45');
-- INSERT INTO Flights VALUES ('AC',8554,'YYJ','YYC','BCRJ',TO_TIMESTAMP_TZ('Jan 15, 1980 12:25 -08:00','MON DD, YYYY HH24:MI TZH:TZM'),TO_TIMESTAMP_TZ('Jan 15, 1980 14:45 -07:00','MON DD, YYYY HH24:MI TZH:TZM'));
INSERT INTO Departures VALUES((SELECT id FROM FlightInstances WHERE airlineCode='AC' AND flightNumber=8554 AND flightDate=TO_DATE('May 20, 2012', 'MON DD, YYYY')), '1', 'YYJ', TO_TIMESTAMP_TZ('May 20, 2012 12:25 -08:00', 'MON DD, YYYY HH24:MI TZH:TZM'), 'departed at 12:25');
INSERT INTO Arrivals VALUES((SELECT id FROM FlightInstances WHERE airlineCode='AC' AND flightNumber=8554 AND flightDate=TO_DATE('May 20, 2012', 'MON DD, YYYY')), 'A1', 'YYC', TO_TIMESTAMP_TZ('May 20, 2012 14:45 -07:00', 'MON DD, YYYY HH24:MI TZH:TZM'), 'arrived at 14:45');
-- INSERT INTO Flights VALUES ('AC',8558,'YYJ','YYC','BCRJ',TO_TIMESTAMP_TZ('Jan 15, 1980 20:40 -08:00','MON DD, YYYY HH24:MI TZH:TZM'),TO_TIMESTAMP_TZ('Jan 15, 1980 23:00 -07:00','MON DD, YYYY HH24:MI TZH:TZM'));
INSERT INTO Departures VALUES((SELECT id FROM FlightInstances WHERE airlineCode='AC' AND flightNumber=8558 AND flightDate=TO_DATE('May 20, 2012', 'MON DD, YYYY')), '1', 'YYJ', TO_TIMESTAMP_TZ('May 20, 2012 20:40 -08:00', 'MON DD, YYYY HH24:MI TZH:TZM'), 'departed at 20:40');
INSERT INTO Arrivals VALUES((SELECT id FROM FlightInstances WHERE airlineCode='AC' AND flightNumber=8558 AND flightDate=TO_DATE('May 20, 2012', 'MON DD, YYYY')), 'A1', 'YYC', TO_TIMESTAMP_TZ('May 20, 2012 23:00 -07:00', 'MON DD, YYYY HH24:MI TZH:TZM'), 'arrived at 23:00');
-- INSERT INTO Flights VALUES ('AC',8178,'YYJ','YKA','BDH3',TO_TIMESTAMP_TZ('Jan 15, 1980 15:00 -08:00','MON DD, YYYY HH24:MI TZH:TZM'),TO_TIMESTAMP_TZ('Jan 15, 1980 16:51 -08:00','MON DD, YYYY HH24:MI TZH:TZM'));
INSERT INTO Departures VALUES((SELECT id FROM FlightInstances WHERE airlineCode='AC' AND flightNumber=8178 AND flightDate=TO_DATE('May 20, 2012', 'MON DD, YYYY')), '1', 'YYJ', TO_TIMESTAMP_TZ('May 20, 2012 15:00 -08:00', 'MON DD, YYYY HH24:MI TZH:TZM'), 'departed at 15:00');
INSERT INTO Arrivals VALUES((SELECT id FROM FlightInstances WHERE airlineCode='AC' AND flightNumber=8178 AND flightDate=TO_DATE('May 20, 2012', 'MON DD, YYYY')), '1', 'YKA', TO_TIMESTAMP_TZ('May 20, 2012 16:51 -08:00', 'MON DD, YYYY HH24:MI TZH:TZM'), 'arrived at 16:51');
--  INSERT INTO Flights VALUES ('AC',4400,'YYJ','SFO','BCRJ',TO_TIMESTAMP_TZ('Jan 15, 1980 06:53 -08:00','MON DD, YYYY HH24:MI TZH:TZM'),TO_TIMESTAMP_TZ('Jan 15, 1980 09:06 -08:00','MON DD, YYYY HH24:MI TZH:TZM'));
INSERT INTO Departures VALUES((SELECT id FROM FlightInstances WHERE airlineCode='AC' AND flightNumber=4400 AND flightDate=TO_DATE('May 20, 2012', 'MON DD, YYYY')), '1', 'YYJ', TO_TIMESTAMP_TZ('May 20, 2012 06:53 -08:00', 'MON DD, YYYY HH24:MI TZH:TZM'), 'departed at 06:53');
INSERT INTO Arrivals VALUES((SELECT id FROM FlightInstances WHERE airlineCode='AC' AND flightNumber=4400 AND flightDate=TO_DATE('May 20, 2012', 'MON DD, YYYY')), 'A1', 'SFO', TO_TIMESTAMP_TZ('May 20, 2012 09:06 -08:00', 'MON DD, YYYY HH24:MI TZH:TZM'), 'arrived at 09:06');
-- INSERT INTO Flights VALUES ('AC',4402,'YYJ','SFO','BCRJ',TO_TIMESTAMP_TZ('Jan 15, 1980 13:21 -08:00','MON DD, YYYY HH24:MI TZH:TZM'),TO_TIMESTAMP_TZ('Jan 15, 1980 15:34 -08:00','MON DD, YYYY HH24:MI TZH:TZM'));
INSERT INTO Departures VALUES((SELECT id FROM FlightInstances WHERE airlineCode='AC' AND flightNumber=4402 AND flightDate=TO_DATE('May 20, 2012', 'MON DD, YYYY')), '1', 'YYJ', TO_TIMESTAMP_TZ('May 20, 2012 13:21 -08:00', 'MON DD, YYYY HH24:MI TZH:TZM'), 'departed at 13:21');
INSERT INTO Arrivals VALUES((SELECT id FROM FlightInstances WHERE airlineCode='AC' AND flightNumber=4402 AND flightDate=TO_DATE('May 20, 2012', 'MON DD, YYYY')), 'A1', 'SFO', TO_TIMESTAMP_TZ('May 20, 2012 15:34 -08:00', 'MON DD, YYYY HH24:MI TZH:TZM'), 'arrived at 15:34');
-- INSERT INTO Flights VALUES ('AC',8556,'YYJ','YXE','BCRJ',TO_TIMESTAMP_TZ('Jan 15, 1980 15:00 -08:00','MON DD, YYYY HH24:MI TZH:TZM'),TO_TIMESTAMP_TZ('Jan 15, 1980 19:12 -06:00','MON DD, YYYY HH24:MI TZH:TZM'));
INSERT INTO Departures VALUES((SELECT id FROM FlightInstances WHERE airlineCode='AC' AND flightNumber=8556 AND flightDate=TO_DATE('May 20, 2012', 'MON DD, YYYY')), '1', 'YYJ', TO_TIMESTAMP_TZ('May 20, 2012 15:00 -08:00', 'MON DD, YYYY HH24:MI TZH:TZM'), 'departed at 15:00');
INSERT INTO Arrivals VALUES((SELECT id FROM FlightInstances WHERE airlineCode='AC' AND flightNumber=8556 AND flightDate=TO_DATE('May 20, 2012', 'MON DD, YYYY')), 'A1', 'YXE', TO_TIMESTAMP_TZ('May 20, 2012 19:12 -06:00', 'MON DD, YYYY HH24:MI TZH:TZM'), 'arrived at 19:12');
-- INSERT INTO Flights VALUES ('AC',190,'YYJ','YYZ','A319',TO_TIMESTAMP_TZ('Jan 15, 1980 06:45 -08:00','MON DD, YYYY HH24:MI TZH:TZM'),TO_TIMESTAMP_TZ('Jan 15, 1980 14:10 -05:00','MON DD, YYYY HH24:MI TZH:TZM'));
INSERT INTO Departures VALUES((SELECT id FROM FlightInstances WHERE airlineCode='AC' AND flightNumber=190 AND flightDate=TO_DATE('May 20, 2012', 'MON DD, YYYY')), '1', 'YYJ', TO_TIMESTAMP_TZ('May 20, 2012 06:45 -08:00', 'MON DD, YYYY HH24:MI TZH:TZM'), 'departed at 06:45');
INSERT INTO Arrivals VALUES((SELECT id FROM FlightInstances WHERE airlineCode='AC' AND flightNumber=190 AND flightDate=TO_DATE('May 20, 2012', 'MON DD, YYYY')), 'A8', 'YYZ', TO_TIMESTAMP_TZ('May 20, 2012 14:10 -05:00', 'MON DD, YYYY HH24:MI TZH:TZM'), 'arrived at 14:10');
-- INSERT INTO Flights VALUES ('AC',1186,'YYJ','YYZ','E90',TO_TIMESTAMP_TZ('Jan 15, 1980 12:00 -08:00','MON DD, YYYY HH24:MI TZH:TZM'),TO_TIMESTAMP_TZ('Jan 15, 1980 19:23 -05:00','MON DD, YYYY HH24:MI TZH:TZM'));
INSERT INTO Departures VALUES((SELECT id FROM FlightInstances WHERE airlineCode='AC' AND flightNumber=1186 AND flightDate=TO_DATE('May 20, 2012', 'MON DD, YYYY')), '1', 'YYJ', TO_TIMESTAMP_TZ('May 20, 2012 12:00 -08:00', 'MON DD, YYYY HH24:MI TZH:TZM'), 'departed at 12:00');
INSERT INTO Arrivals VALUES((SELECT id FROM FlightInstances WHERE airlineCode='AC' AND flightNumber=1186 AND flightDate=TO_DATE('May 20, 2012', 'MON DD, YYYY')), 'A8', 'YYZ', TO_TIMESTAMP_TZ('May 20, 2012 19:23 -05:00', 'MON DD, YYYY HH24:MI TZH:TZM'), 'arrived at 19:23');
-- INSERT INTO Flights VALUES ('AC',1192,'YYJ','YYZ','E90',TO_TIMESTAMP_TZ('Jan 15, 1980 23:50 -08:00','MON DD, YYYY HH24:MI TZH:TZM'),TO_TIMESTAMP_TZ('Jan 16, 1980 07:13 -05:00','MON DD, YYYY HH24:MI TZH:TZM'));
INSERT INTO Departures VALUES((SELECT id FROM FlightInstances WHERE airlineCode='AC' AND flightNumber=1192 AND flightDate=TO_DATE('May 20, 2012', 'MON DD, YYYY')), '1', 'YYJ', TO_TIMESTAMP_TZ('May 20, 2012 23:50 -08:00', 'MON DD, YYYY HH24:MI TZH:TZM'), 'departed at 23:50');
INSERT INTO Arrivals VALUES((SELECT id FROM FlightInstances WHERE airlineCode='AC' AND flightNumber=1192 AND flightDate=TO_DATE('May 20, 2012', 'MON DD, YYYY')), 'A8', 'YYZ', TO_TIMESTAMP_TZ('May 21, 2012 07:13 -05:00', 'MON DD, YYYY HH24:MI TZH:TZM'), 'arrived at 07:13');
-- INSERT INTO Flights VALUES ('AC',8050,'YYJ','YVR','BDH3',TO_TIMESTAMP_TZ('Jan 15, 1980 05:25 -08:00','MON DD, YYYY HH24:MI TZH:TZM'),TO_TIMESTAMP_TZ('Jan 15, 1980 05:48 -08:00','MON DD, YYYY HH24:MI TZH:TZM'));
INSERT INTO Departures VALUES((SELECT id FROM FlightInstances WHERE airlineCode='AC' AND flightNumber=8050 AND flightDate=TO_DATE('May 20, 2012', 'MON DD, YYYY')), '1', 'YYJ', TO_TIMESTAMP_TZ('May 20, 2012 05:25 -08:00', 'MON DD, YYYY HH24:MI TZH:TZM'), 'departed at 05:25');
INSERT INTO Arrivals VALUES((SELECT id FROM FlightInstances WHERE airlineCode='AC' AND flightNumber=8050 AND flightDate=TO_DATE('May 20, 2012', 'MON DD, YYYY')), 'A1', 'YVR', TO_TIMESTAMP_TZ('May 20, 2012 05:48 -08:00', 'MON DD, YYYY HH24:MI TZH:TZM'), 'arrived at 05:48');
-- INSERT INTO Flights VALUES ('AC',8054,'YYJ','YVR','BDH3',TO_TIMESTAMP_TZ('Jan 15, 1980 07:00 -08:00','MON DD, YYYY HH24:MI TZH:TZM'),TO_TIMESTAMP_TZ('Jan 15, 1980 07:23 -08:00','MON DD, YYYY HH24:MI TZH:TZM'));
INSERT INTO Departures VALUES((SELECT id FROM FlightInstances WHERE airlineCode='AC' AND flightNumber=8054 AND flightDate=TO_DATE('May 20, 2012', 'MON DD, YYYY')), '1', 'YYJ', TO_TIMESTAMP_TZ('May 20, 2012 07:00 -08:00', 'MON DD, YYYY HH24:MI TZH:TZM'), 'departed at 07:00');
INSERT INTO Arrivals VALUES((SELECT id FROM FlightInstances WHERE airlineCode='AC' AND flightNumber=8054 AND flightDate=TO_DATE('May 20, 2012', 'MON DD, YYYY')), 'A1', 'YVR', TO_TIMESTAMP_TZ('May 20, 2012 07:23 -08:00', 'MON DD, YYYY HH24:MI TZH:TZM'), 'arrived at 07:23');
-- INSERT INTO Flights VALUES ('AC',8056,'YYJ','YVR','BDH1',TO_TIMESTAMP_TZ('Jan 15, 1980 08:00 -08:00','MON DD, YYYY HH24:MI TZH:TZM'),TO_TIMESTAMP_TZ('Jan 15, 1980 08:23 -08:00','MON DD, YYYY HH24:MI TZH:TZM'));
INSERT INTO Departures VALUES((SELECT id FROM FlightInstances WHERE airlineCode='AC' AND flightNumber=8056 AND flightDate=TO_DATE('May 20, 2012', 'MON DD, YYYY')), '1', 'YYJ', TO_TIMESTAMP_TZ('May 20, 2012 08:00 -08:00', 'MON DD, YYYY HH24:MI TZH:TZM'), 'departed at 08:00');
INSERT INTO Arrivals VALUES((SELECT id FROM FlightInstances WHERE airlineCode='AC' AND flightNumber=8056 AND flightDate=TO_DATE('May 20, 2012', 'MON DD, YYYY')), 'A1', 'YVR', TO_TIMESTAMP_TZ('May 20, 2012 08:23 -08:00', 'MON DD, YYYY HH24:MI TZH:TZM'), 'arrived at 08:23');
-- INSERT INTO Flights VALUES ('AC',8058,'YYJ','YVR','BDH1',TO_TIMESTAMP_TZ('Jan 15, 1980 09:00 -08:00','MON DD, YYYY HH24:MI TZH:TZM'),TO_TIMESTAMP_TZ('Jan 15, 1980 09:23 -08:00','MON DD, YYYY HH24:MI TZH:TZM'));
INSERT INTO Departures VALUES((SELECT id FROM FlightInstances WHERE airlineCode='AC' AND flightNumber=8058 AND flightDate=TO_DATE('May 20, 2012', 'MON DD, YYYY')), '1', 'YYJ', TO_TIMESTAMP_TZ('May 20, 2012 09:00 -08:00', 'MON DD, YYYY HH24:MI TZH:TZM'), 'departed at 09:00');
INSERT INTO Arrivals VALUES((SELECT id FROM FlightInstances WHERE airlineCode='AC' AND flightNumber=8058 AND flightDate=TO_DATE('May 20, 2012', 'MON DD, YYYY')), 'A1', 'YVR', TO_TIMESTAMP_TZ('May 20, 2012 09:23 -08:00', 'MON DD, YYYY HH24:MI TZH:TZM'), 'arrived at 09:23');
-- INSERT INTO Flights VALUES ('AC',8060,'YYJ','YVR','BDH1',TO_TIMESTAMP_TZ('Jan 15, 1980 10:00 -08:00','MON DD, YYYY HH24:MI TZH:TZM'),TO_TIMESTAMP_TZ('Jan 15, 1980 10:23 -08:00','MON DD, YYYY HH24:MI TZH:TZM'));
INSERT INTO Departures VALUES((SELECT id FROM FlightInstances WHERE airlineCode='AC' AND flightNumber=8060 AND flightDate=TO_DATE('May 20, 2012', 'MON DD, YYYY')), '1', 'YYJ', TO_TIMESTAMP_TZ('May 20, 2012 10:00 -08:00', 'MON DD, YYYY HH24:MI TZH:TZM'), 'departed at 10:00');
INSERT INTO Arrivals VALUES((SELECT id FROM FlightInstances WHERE airlineCode='AC' AND flightNumber=8060 AND flightDate=TO_DATE('May 20, 2012', 'MON DD, YYYY')), 'A1', 'YVR', TO_TIMESTAMP_TZ('May 20, 2012 10:23 -08:00', 'MON DD, YYYY HH24:MI TZH:TZM'), 'arrived at 10:23');
-- INSERT INTO Flights VALUES ('AC',8062,'YYJ','YVR','BDH1',TO_TIMESTAMP_TZ('Jan 15, 1980 11:00 -08:00','MON DD, YYYY HH24:MI TZH:TZM'),TO_TIMESTAMP_TZ('Jan 15, 1980 11:23 -08:00','MON DD, YYYY HH24:MI TZH:TZM'));
INSERT INTO Departures VALUES((SELECT id FROM FlightInstances WHERE airlineCode='AC' AND flightNumber=8062 AND flightDate=TO_DATE('May 20, 2012', 'MON DD, YYYY')), '1', 'YYJ', TO_TIMESTAMP_TZ('May 20, 2012 11:00 -08:00', 'MON DD, YYYY HH24:MI TZH:TZM'), 'departed at 11:00');
INSERT INTO Arrivals VALUES((SELECT id FROM FlightInstances WHERE airlineCode='AC' AND flightNumber=8062 AND flightDate=TO_DATE('May 20, 2012', 'MON DD, YYYY')), 'A1', 'YVR', TO_TIMESTAMP_TZ('May 20, 2012 11:23 -08:00', 'MON DD, YYYY HH24:MI TZH:TZM'), 'arrived at 11:23');
-- INSERT INTO Flights VALUES ('AC',8064,'YYJ','YVR','BDH1',TO_TIMESTAMP_TZ('Jan 15, 1980 12:00 -08:00','MON DD, YYYY HH24:MI TZH:TZM'),TO_TIMESTAMP_TZ('Jan 15, 1980 12:23 -08:00','MON DD, YYYY HH24:MI TZH:TZM'));
INSERT INTO Departures VALUES((SELECT id FROM FlightInstances WHERE airlineCode='AC' AND flightNumber=8064 AND flightDate=TO_DATE('May 20, 2012', 'MON DD, YYYY')), '1', 'YYJ', TO_TIMESTAMP_TZ('May 20, 2012 12:00 -08:00', 'MON DD, YYYY HH24:MI TZH:TZM'), 'departed at 12:00');
INSERT INTO Arrivals VALUES((SELECT id FROM FlightInstances WHERE airlineCode='AC' AND flightNumber=8064 AND flightDate=TO_DATE('May 20, 2012', 'MON DD, YYYY')), 'A1', 'YVR', TO_TIMESTAMP_TZ('May 20, 2012 12:23 -08:00', 'MON DD, YYYY HH24:MI TZH:TZM'), 'arrived at 12:23');
-- INSERT INTO Flights VALUES ('AC',8052,'YYJ','YVR','BDH3',TO_TIMESTAMP_TZ('Jan 15, 1980 12:30 -08:00','MON DD, YYYY HH24:MI TZH:TZM'),TO_TIMESTAMP_TZ('Jan 15, 1980 12:53 -08:00','MON DD, YYYY HH24:MI TZH:TZM'));
INSERT INTO Departures VALUES((SELECT id FROM FlightInstances WHERE airlineCode='AC' AND flightNumber=8052 AND flightDate=TO_DATE('May 20, 2012', 'MON DD, YYYY')), '1', 'YYJ', TO_TIMESTAMP_TZ('May 20, 2012 12:30 -08:00', 'MON DD, YYYY HH24:MI TZH:TZM'), 'departed at 12:30');
INSERT INTO Arrivals VALUES((SELECT id FROM FlightInstances WHERE airlineCode='AC' AND flightNumber=8052 AND flightDate=TO_DATE('May 20, 2012', 'MON DD, YYYY')), 'A1', 'YVR', TO_TIMESTAMP_TZ('May 20, 2012 12:53 -08:00', 'MON DD, YYYY HH24:MI TZH:TZM'), 'arrived at 12:53');
-- INSERT INTO Flights VALUES ('AC',8174,'YYJ','YVR','BDH1',TO_TIMESTAMP_TZ('Jan 15, 1980 12:30 -08:00','MON DD, YYYY HH24:MI TZH:TZM'),TO_TIMESTAMP_TZ('Jan 15, 1980 12:53 -08:00','MON DD, YYYY HH24:MI TZH:TZM'));
INSERT INTO Departures VALUES((SELECT id FROM FlightInstances WHERE airlineCode='AC' AND flightNumber=8174 AND flightDate=TO_DATE('May 20, 2012', 'MON DD, YYYY')), '1', 'YYJ', TO_TIMESTAMP_TZ('May 20, 2012 12:30 -08:00', 'MON DD, YYYY HH24:MI TZH:TZM'), 'departed at 12:30');
INSERT INTO Arrivals VALUES((SELECT id FROM FlightInstances WHERE airlineCode='AC' AND flightNumber=8174 AND flightDate=TO_DATE('May 20, 2012', 'MON DD, YYYY')), 'A1', 'YVR', TO_TIMESTAMP_TZ('May 20, 2012 12:53 -08:00', 'MON DD, YYYY HH24:MI TZH:TZM'), 'arrived at 12:53');
-- INSERT INTO Flights VALUES ('AC',8066,'YYJ','YVR','BDH3',TO_TIMESTAMP_TZ('Jan 15, 1980 13:00 -08:00','MON DD, YYYY HH24:MI TZH:TZM'),TO_TIMESTAMP_TZ('Jan 15, 1980 13:23 -08:00','MON DD, YYYY HH24:MI TZH:TZM'));
INSERT INTO Departures VALUES((SELECT id FROM FlightInstances WHERE airlineCode='AC' AND flightNumber=8066 AND flightDate=TO_DATE('May 20, 2012', 'MON DD, YYYY')), '1', 'YYJ', TO_TIMESTAMP_TZ('May 20, 2012 13:00 -08:00', 'MON DD, YYYY HH24:MI TZH:TZM'), 'departed at 13:00');
INSERT INTO Arrivals VALUES((SELECT id FROM FlightInstances WHERE airlineCode='AC' AND flightNumber=8066 AND flightDate=TO_DATE('May 20, 2012', 'MON DD, YYYY')), 'A1', 'YVR', TO_TIMESTAMP_TZ('May 20, 2012 13:23 -08:00', 'MON DD, YYYY HH24:MI TZH:TZM'), 'arrived at 13:23');
-- INSERT INTO Flights VALUES ('AC',8068,'YYJ','YVR','BDH3',TO_TIMESTAMP_TZ('Jan 15, 1980 14:00 -08:00','MON DD, YYYY HH24:MI TZH:TZM'),TO_TIMESTAMP_TZ('Jan 15, 1980 14:23 -08:00','MON DD, YYYY HH24:MI TZH:TZM'));
INSERT INTO Departures VALUES((SELECT id FROM FlightInstances WHERE airlineCode='AC' AND flightNumber=8068 AND flightDate=TO_DATE('May 20, 2012', 'MON DD, YYYY')), '1', 'YYJ', TO_TIMESTAMP_TZ('May 20, 2012 14:00 -08:00', 'MON DD, YYYY HH24:MI TZH:TZM'), 'departed at 14:00');
INSERT INTO Arrivals VALUES((SELECT id FROM FlightInstances WHERE airlineCode='AC' AND flightNumber=8068 AND flightDate=TO_DATE('May 20, 2012', 'MON DD, YYYY')), 'A1', 'YVR', TO_TIMESTAMP_TZ('May 20, 2012 14:23 -08:00', 'MON DD, YYYY HH24:MI TZH:TZM'), 'arrived at 14:23');
-- INSERT INTO Flights VALUES ('AC',8084,'YYJ','YVR','BDH3',TO_TIMESTAMP_TZ('Jan 15, 1980 14:30 -08:00','MON DD, YYYY HH24:MI TZH:TZM'),TO_TIMESTAMP_TZ('Jan 15, 1980 14:53 -08:00','MON DD, YYYY HH24:MI TZH:TZM'));
INSERT INTO Departures VALUES((SELECT id FROM FlightInstances WHERE airlineCode='AC' AND flightNumber=8084 AND flightDate=TO_DATE('May 20, 2012', 'MON DD, YYYY')), '1', 'YYJ', TO_TIMESTAMP_TZ('May 20, 2012 14:30 -08:00', 'MON DD, YYYY HH24:MI TZH:TZM'), 'departed at 14:30');
INSERT INTO Arrivals VALUES((SELECT id FROM FlightInstances WHERE airlineCode='AC' AND flightNumber=8084 AND flightDate=TO_DATE('May 20, 2012', 'MON DD, YYYY')), 'A1', 'YVR', TO_TIMESTAMP_TZ('May 20, 2012 14:53 -08:00', 'MON DD, YYYY HH24:MI TZH:TZM'), 'arrived at 14:53');
-- INSERT INTO Flights VALUES ('AC',8070,'YYJ','YVR','BDH1',TO_TIMESTAMP_TZ('Jan 15, 1980 15:00 -08:00','MON DD, YYYY HH24:MI TZH:TZM'),TO_TIMESTAMP_TZ('Jan 15, 1980 15:23 -08:00','MON DD, YYYY HH24:MI TZH:TZM'));
INSERT INTO Departures VALUES((SELECT id FROM FlightInstances WHERE airlineCode='AC' AND flightNumber=8070 AND flightDate=TO_DATE('May 20, 2012', 'MON DD, YYYY')), '1', 'YYJ', TO_TIMESTAMP_TZ('May 20, 2012 15:00 -08:00', 'MON DD, YYYY HH24:MI TZH:TZM'), 'departed at 15:00');
INSERT INTO Arrivals VALUES((SELECT id FROM FlightInstances WHERE airlineCode='AC' AND flightNumber=8070 AND flightDate=TO_DATE('May 20, 2012', 'MON DD, YYYY')), 'A1', 'YVR', TO_TIMESTAMP_TZ('May 20, 2012 15:23 -08:00', 'MON DD, YYYY HH24:MI TZH:TZM'), 'arrived at 15:23');
-- INSERT INTO Flights VALUES ('AC',8072,'YYJ','YVR','BDH3',TO_TIMESTAMP_TZ('Jan 15, 1980 16:00 -08:00','MON DD, YYYY HH24:MI TZH:TZM'),TO_TIMESTAMP_TZ('Jan 15, 1980 16:23 -08:00','MON DD, YYYY HH24:MI TZH:TZM'));
INSERT INTO Departures VALUES((SELECT id FROM FlightInstances WHERE airlineCode='AC' AND flightNumber=8072 AND flightDate=TO_DATE('May 20, 2012', 'MON DD, YYYY')), '1', 'YYJ', TO_TIMESTAMP_TZ('May 20, 2012 16:00 -08:00', 'MON DD, YYYY HH24:MI TZH:TZM'), 'departed at 16:00');
INSERT INTO Arrivals VALUES((SELECT id FROM FlightInstances WHERE airlineCode='AC' AND flightNumber=8072 AND flightDate=TO_DATE('May 20, 2012', 'MON DD, YYYY')), 'A1', 'YVR', TO_TIMESTAMP_TZ('May 20, 2012 16:23 -08:00', 'MON DD, YYYY HH24:MI TZH:TZM'), 'arrived at 16:23');
-- INSERT INTO Flights VALUES ('AC',8086,'YYJ','YVR','BDH3',TO_TIMESTAMP_TZ('Jan 15, 1980 16:30 -08:00','MON DD, YYYY HH24:MI TZH:TZM'),TO_TIMESTAMP_TZ('Jan 15, 1980 16:53 -08:00','MON DD, YYYY HH24:MI TZH:TZM'));
INSERT INTO Departures VALUES((SELECT id FROM FlightInstances WHERE airlineCode='AC' AND flightNumber=8086 AND flightDate=TO_DATE('May 20, 2012', 'MON DD, YYYY')), '1', 'YYJ', TO_TIMESTAMP_TZ('May 20, 2012 16:30 -08:00', 'MON DD, YYYY HH24:MI TZH:TZM'), 'departed at 16:30');
INSERT INTO Arrivals VALUES((SELECT id FROM FlightInstances WHERE airlineCode='AC' AND flightNumber=8086 AND flightDate=TO_DATE('May 20, 2012', 'MON DD, YYYY')), 'A1', 'YVR', TO_TIMESTAMP_TZ('May 20, 2012 16:53 -08:00', 'MON DD, YYYY HH24:MI TZH:TZM'), 'arrived at 16:53');
-- INSERT INTO Flights VALUES ('AC',8074,'YYJ','YVR','BDH3',TO_TIMESTAMP_TZ('Jan 15, 1980 17:00 -08:00','MON DD, YYYY HH24:MI TZH:TZM'),TO_TIMESTAMP_TZ('Jan 15, 1980 17:23 -08:00','MON DD, YYYY HH24:MI TZH:TZM'));
INSERT INTO Departures VALUES((SELECT id FROM FlightInstances WHERE airlineCode='AC' AND flightNumber=8074 AND flightDate=TO_DATE('May 20, 2012', 'MON DD, YYYY')), '1', 'YYJ', TO_TIMESTAMP_TZ('May 20, 2012 17:00 -08:00', 'MON DD, YYYY HH24:MI TZH:TZM'), 'departed at 17:00');
INSERT INTO Arrivals VALUES((SELECT id FROM FlightInstances WHERE airlineCode='AC' AND flightNumber=8074 AND flightDate=TO_DATE('May 20, 2012', 'MON DD, YYYY')), 'A1', 'YVR', TO_TIMESTAMP_TZ('May 20, 2012 17:23 -08:00', 'MON DD, YYYY HH24:MI TZH:TZM'), 'arrived at 17:23');
-- INSERT INTO Flights VALUES ('AC',8076,'YYJ','YVR','BDH3',TO_TIMESTAMP_TZ('Jan 15, 1980 18:00 -08:00','MON DD, YYYY HH24:MI TZH:TZM'),TO_TIMESTAMP_TZ('Jan 15, 1980 18:23 -08:00','MON DD, YYYY HH24:MI TZH:TZM'));
INSERT INTO Departures VALUES((SELECT id FROM FlightInstances WHERE airlineCode='AC' AND flightNumber=8076 AND flightDate=TO_DATE('May 20, 2012', 'MON DD, YYYY')), '1', 'YYJ', TO_TIMESTAMP_TZ('May 20, 2012 18:00 -08:00', 'MON DD, YYYY HH24:MI TZH:TZM'), 'departed at 18:00');
INSERT INTO Arrivals VALUES((SELECT id FROM FlightInstances WHERE airlineCode='AC' AND flightNumber=8076 AND flightDate=TO_DATE('May 20, 2012', 'MON DD, YYYY')), 'A1', 'YVR', TO_TIMESTAMP_TZ('May 20, 2012 18:23 -08:00', 'MON DD, YYYY HH24:MI TZH:TZM'), 'arrived at 18:23');
-- INSERT INTO Flights VALUES ('AC',8078,'YYJ','YVR','BDH3',TO_TIMESTAMP_TZ('Jan 15, 1980 19:00 -08:00','MON DD, YYYY HH24:MI TZH:TZM'),TO_TIMESTAMP_TZ('Jan 15, 1980 19:23 -08:00','MON DD, YYYY HH24:MI TZH:TZM'));
INSERT INTO Departures VALUES((SELECT id FROM FlightInstances WHERE airlineCode='AC' AND flightNumber=8078 AND flightDate=TO_DATE('May 20, 2012', 'MON DD, YYYY')), '1', 'YYJ', TO_TIMESTAMP_TZ('May 20, 2012 19:00 -08:00', 'MON DD, YYYY HH24:MI TZH:TZM'), 'departed at 19:00');
INSERT INTO Arrivals VALUES((SELECT id FROM FlightInstances WHERE airlineCode='AC' AND flightNumber=8078 AND flightDate=TO_DATE('May 20, 2012', 'MON DD, YYYY')), 'A1', 'YVR', TO_TIMESTAMP_TZ('May 20, 2012 19:23 -08:00', 'MON DD, YYYY HH24:MI TZH:TZM'), 'arrived at 19:23');
-- INSERT INTO Flights VALUES ('AC',8080,'YYJ','YVR','BDH3',TO_TIMESTAMP_TZ('Jan 15, 1980 20:00 -08:00','MON DD, YYYY HH24:MI TZH:TZM'),TO_TIMESTAMP_TZ('Jan 15, 1980 20:23 -08:00','MON DD, YYYY HH24:MI TZH:TZM'));
INSERT INTO Departures VALUES((SELECT id FROM FlightInstances WHERE airlineCode='AC' AND flightNumber=8080 AND flightDate=TO_DATE('May 20, 2012', 'MON DD, YYYY')), '1', 'YYJ', TO_TIMESTAMP_TZ('May 20, 2012 20:00 -08:00', 'MON DD, YYYY HH24:MI TZH:TZM'), 'departed at 20:00');
INSERT INTO Arrivals VALUES((SELECT id FROM FlightInstances WHERE airlineCode='AC' AND flightNumber=8080 AND flightDate=TO_DATE('May 20, 2012', 'MON DD, YYYY')), 'A1', 'YVR', TO_TIMESTAMP_TZ('May 20, 2012 20:23 -08:00', 'MON DD, YYYY HH24:MI TZH:TZM'), 'arrived at 20:23');
-- INSERT INTO Flights VALUES ('WS',354,'YYJ','YYC','B737',TO_TIMESTAMP_TZ('Jan 15, 1980 07:00 -08:00','MON DD, YYYY HH24:MI TZH:TZM'),TO_TIMESTAMP_TZ('Jan 15, 1980 09:19 -07:00','MON DD, YYYY HH24:MI TZH:TZM'));
INSERT INTO Departures VALUES((SELECT id FROM FlightInstances WHERE airlineCode='WS' AND flightNumber=354 AND flightDate=TO_DATE('May 20, 2012', 'MON DD, YYYY')), '1', 'YYJ', TO_TIMESTAMP_TZ('May 20, 2012 07:00 -08:00', 'MON DD, YYYY HH24:MI TZH:TZM'), 'departed at 07:00');
INSERT INTO Arrivals VALUES((SELECT id FROM FlightInstances WHERE airlineCode='WS' AND flightNumber=354 AND flightDate=TO_DATE('May 20, 2012', 'MON DD, YYYY')), 'A1', 'YYC', TO_TIMESTAMP_TZ('May 20, 2012 09:19 -07:00', 'MON DD, YYYY HH24:MI TZH:TZM'), 'arrived at 09:19');
-- INSERT INTO Flights VALUES ('WS',196,'YYJ','YYC','B737',TO_TIMESTAMP_TZ('Jan 15, 1980 12:40 -08:00','MON DD, YYYY HH24:MI TZH:TZM'),TO_TIMESTAMP_TZ('Jan 15, 1980 14:59 -07:00','MON DD, YYYY HH24:MI TZH:TZM'));
INSERT INTO Departures VALUES((SELECT id FROM FlightInstances WHERE airlineCode='WS' AND flightNumber=196 AND flightDate=TO_DATE('May 20, 2012', 'MON DD, YYYY')), '1', 'YYJ', TO_TIMESTAMP_TZ('May 20, 2012 12:40 -08:00', 'MON DD, YYYY HH24:MI TZH:TZM'), 'departed at 12:40');
INSERT INTO Arrivals VALUES((SELECT id FROM FlightInstances WHERE airlineCode='WS' AND flightNumber=196 AND flightDate=TO_DATE('May 20, 2012', 'MON DD, YYYY')), 'A1', 'YYC', TO_TIMESTAMP_TZ('May 20, 2012 14:59 -07:00', 'MON DD, YYYY HH24:MI TZH:TZM'), 'arrived at 14:59');
-- INSERT INTO Flights VALUES ('WS',502,'YYJ','YYC','B737',TO_TIMESTAMP_TZ('Jan 15, 1980 18:10 -08:00','MON DD, YYYY HH24:MI TZH:TZM'),TO_TIMESTAMP_TZ('Jan 15, 1980 20:29 -07:00','MON DD, YYYY HH24:MI TZH:TZM'));
INSERT INTO Departures VALUES((SELECT id FROM FlightInstances WHERE airlineCode='WS' AND flightNumber=502 AND flightDate=TO_DATE('May 20, 2012', 'MON DD, YYYY')), '1', 'YYJ', TO_TIMESTAMP_TZ('May 20, 2012 18:10 -08:00', 'MON DD, YYYY HH24:MI TZH:TZM'), 'departed at 18:10');
INSERT INTO Arrivals VALUES((SELECT id FROM FlightInstances WHERE airlineCode='WS' AND flightNumber=502 AND flightDate=TO_DATE('May 20, 2012', 'MON DD, YYYY')), 'A1', 'YYC', TO_TIMESTAMP_TZ('May 20, 2012 20:29 -07:00', 'MON DD, YYYY HH24:MI TZH:TZM'), 'arrived at 20:29');
-- INSERT INTO Flights VALUES ('WS',508,'YYJ','YYC','B738',TO_TIMESTAMP_TZ('Jan 15, 1980 20:10 -08:00','MON DD, YYYY HH24:MI TZH:TZM'),TO_TIMESTAMP_TZ('Jan 15, 1980 22:29 -07:00','MON DD, YYYY HH24:MI TZH:TZM'));
INSERT INTO Departures VALUES((SELECT id FROM FlightInstances WHERE airlineCode='WS' AND flightNumber=508 AND flightDate=TO_DATE('May 20, 2012', 'MON DD, YYYY')), '1', 'YYJ', TO_TIMESTAMP_TZ('May 20, 2012 20:10 -08:00', 'MON DD, YYYY HH24:MI TZH:TZM'), 'departed at 20:10');
INSERT INTO Arrivals VALUES((SELECT id FROM FlightInstances WHERE airlineCode='WS' AND flightNumber=508 AND flightDate=TO_DATE('May 20, 2012', 'MON DD, YYYY')), 'A1', 'YYC', TO_TIMESTAMP_TZ('May 20, 2012 22:29 -07:00', 'MON DD, YYYY HH24:MI TZH:TZM'), 'arrived at 22:29');
-- INSERT INTO Flights VALUES ('WS',614,'YYJ','YEG','B737',TO_TIMESTAMP_TZ('Jan 15, 1980 09:00 -08:00','MON DD, YYYY HH24:MI TZH:TZM'),TO_TIMESTAMP_TZ('Jan 15, 1980 11:28 -07:00','MON DD, YYYY HH24:MI TZH:TZM'));
INSERT INTO Departures VALUES((SELECT id FROM FlightInstances WHERE airlineCode='WS' AND flightNumber=614 AND flightDate=TO_DATE('May 20, 2012', 'MON DD, YYYY')), '1', 'YYJ', TO_TIMESTAMP_TZ('May 20, 2012 09:00 -08:00', 'MON DD, YYYY HH24:MI TZH:TZM'), 'departed at 09:00');
INSERT INTO Arrivals VALUES((SELECT id FROM FlightInstances WHERE airlineCode='WS' AND flightNumber=614 AND flightDate=TO_DATE('May 20, 2012', 'MON DD, YYYY')), 'A1', 'YEG', TO_TIMESTAMP_TZ('May 20, 2012 11:28 -07:00', 'MON DD, YYYY HH24:MI TZH:TZM'), 'arrived at 11:28');
-- INSERT INTO Flights VALUES ('WS',336,'YYJ','YEG','B737',TO_TIMESTAMP_TZ('Jan 15, 1980 14:00 -08:00','MON DD, YYYY HH24:MI TZH:TZM'),TO_TIMESTAMP_TZ('Jan 15, 1980 16:28 -07:00','MON DD, YYYY HH24:MI TZH:TZM'));
INSERT INTO Departures VALUES((SELECT id FROM FlightInstances WHERE airlineCode='WS' AND flightNumber=336 AND flightDate=TO_DATE('May 20, 2012', 'MON DD, YYYY')), '1', 'YYJ', TO_TIMESTAMP_TZ('May 20, 2012 14:00 -08:00', 'MON DD, YYYY HH24:MI TZH:TZM'), 'departed at 14:00');
INSERT INTO Arrivals VALUES((SELECT id FROM FlightInstances WHERE airlineCode='WS' AND flightNumber=336 AND flightDate=TO_DATE('May 20, 2012', 'MON DD, YYYY')), 'A1', 'YEG', TO_TIMESTAMP_TZ('May 20, 2012 16:28 -07:00', 'MON DD, YYYY HH24:MI TZH:TZM'), 'arrived at 16:28');
-- INSERT INTO Flights VALUES ('WS',192,'YYJ','YEG','B737',TO_TIMESTAMP_TZ('Jan 15, 1980 19:30 -08:00','MON DD, YYYY HH24:MI TZH:TZM'),TO_TIMESTAMP_TZ('Jan 15, 1980 21:58 -07:00','MON DD, YYYY HH24:MI TZH:TZM'));
INSERT INTO Departures VALUES((SELECT id FROM FlightInstances WHERE airlineCode='WS' AND flightNumber=192 AND flightDate=TO_DATE('May 20, 2012', 'MON DD, YYYY')), '1', 'YYJ', TO_TIMESTAMP_TZ('May 20, 2012 19:50 -08:00', 'MON DD, YYYY HH24:MI TZH:TZM'), 'delayed to 19:35');
INSERT INTO Arrivals VALUES((SELECT id FROM FlightInstances WHERE airlineCode='WS' AND flightNumber=192 AND flightDate=TO_DATE('May 20, 2012', 'MON DD, YYYY')), 'A1', 'YEG', TO_TIMESTAMP_TZ('May 20, 2012 22:21 -07:00', 'MON DD, YYYY HH24:MI TZH:TZM'), 'delayed to 22:21');
-- INSERT INTO Flights VALUES ('WS',312,'YYJ','YLW','B737',TO_TIMESTAMP_TZ('Jan 15, 1980 09:15 -08:00','MON DD, YYYY HH24:MI TZH:TZM'),TO_TIMESTAMP_TZ('Jan 15, 1980 10:13 -08:00','MON DD, YYYY HH24:MI TZH:TZM'));
INSERT INTO Departures VALUES((SELECT id FROM FlightInstances WHERE airlineCode='WS' AND flightNumber=312 AND flightDate=TO_DATE('May 20, 2012', 'MON DD, YYYY')), '1', 'YYJ', TO_TIMESTAMP_TZ('May 20, 2012 09:15 -08:00', 'MON DD, YYYY HH24:MI TZH:TZM'), 'departed at 19:30');
INSERT INTO Arrivals VALUES((SELECT id FROM FlightInstances WHERE airlineCode='WS' AND flightNumber=312 AND flightDate=TO_DATE('May 20, 2012', 'MON DD, YYYY')), '1', 'YLW', TO_TIMESTAMP_TZ('May 20, 2012 10:13 -08:00', 'MON DD, YYYY HH24:MI TZH:TZM'), 'arrived at 21:58');
-- INSERT INTO Flights VALUES ('WS',650,'YYJ','YYZ','B737',TO_TIMESTAMP_TZ('Jan 15, 1980 11:35 -08:00','MON DD, YYYY HH24:MI TZH:TZM'),TO_TIMESTAMP_TZ('Jan 15, 1980 19:00 -05:00','MON DD, YYYY HH24:MI TZH:TZM'));
INSERT INTO Departures VALUES((SELECT id FROM FlightInstances WHERE airlineCode='WS' AND flightNumber=650 AND flightDate=TO_DATE('May 20, 2012', 'MON DD, YYYY')), '1', 'YYJ', TO_TIMESTAMP_TZ('May 20, 2012 11:35 -08:00', 'MON DD, YYYY HH24:MI TZH:TZM'), 'departed at 11:35');
INSERT INTO Arrivals VALUES((SELECT id FROM FlightInstances WHERE airlineCode='WS' AND flightNumber=650 AND flightDate=TO_DATE('May 20, 2012', 'MON DD, YYYY')), 'A8', 'YYZ', TO_TIMESTAMP_TZ('May 20, 2012 19:00 -05:00', 'MON DD, YYYY HH24:MI TZH:TZM'), 'arrived at 19:00');
-- INSERT INTO Flights VALUES ('WS',197,'YLW','YYJ','B737',TO_TIMESTAMP_TZ('Jan 15, 1980 18:00 -08:00','MON DD, YYYY HH24:MI TZH:TZM'),TO_TIMESTAMP_TZ('Jan 15, 1980 18:55 -08:00','MON DD, YYYY HH24:MI TZH:TZM'));
INSERT INTO Departures VALUES((SELECT id FROM FlightInstances WHERE airlineCode='WS' AND flightNumber=197 AND flightDate=TO_DATE('May 20, 2012', 'MON DD, YYYY')), '1', 'YLW', TO_TIMESTAMP_TZ('May 20, 2012 18:00 -08:00', 'MON DD, YYYY HH24:MI TZH:TZM'), 'departed at 18:00');
INSERT INTO Arrivals VALUES((SELECT id FROM FlightInstances WHERE airlineCode='WS' AND flightNumber=197 AND flightDate=TO_DATE('May 20, 2012', 'MON DD, YYYY')), '1', 'YYJ', TO_TIMESTAMP_TZ('May 20, 2012 18:55 -08:00', 'MON DD, YYYY HH24:MI TZH:TZM'), 'arrived at 18:55');
-- INSERT INTO Flights VALUES ('WS',546,'YYZ','YYJ','B737',TO_TIMESTAMP_TZ('Jan 15, 1980 08:45 -05:00','MON DD, YYYY HH24:MI TZH:TZM'),TO_TIMESTAMP_TZ('Jan 15, 1980 10:51 -08:00','MON DD, YYYY HH24:MI TZH:TZM'));
INSERT INTO Departures VALUES((SELECT id FROM FlightInstances WHERE airlineCode='WS' AND flightNumber=546 AND flightDate=TO_DATE('May 20, 2012', 'MON DD, YYYY')), 'A8', 'YYZ', TO_TIMESTAMP_TZ('May 20, 2012 08:45 -05:00', 'MON DD, YYYY HH24:MI TZH:TZM'), 'departed at 08:45');
INSERT INTO Arrivals VALUES((SELECT id FROM FlightInstances WHERE airlineCode='WS' AND flightNumber=546 AND flightDate=TO_DATE('May 20, 2012', 'MON DD, YYYY')), '1', 'YYJ', TO_TIMESTAMP_TZ('May 20, 2012 10:51 -08:00', 'MON DD, YYYY HH24:MI TZH:TZM'), 'arrived at 10:51');
-- INSERT INTO Flights VALUES ('WS',413,'YEG','YYJ','B737',TO_TIMESTAMP_TZ('Jan 15, 1980 08:05 -07:00','MON DD, YYYY HH24:MI TZH:TZM'),TO_TIMESTAMP_TZ('Jan 15, 1980 08:40 -08:00','MON DD, YYYY HH24:MI TZH:TZM'));
INSERT INTO Departures VALUES((SELECT id FROM FlightInstances WHERE airlineCode='WS' AND flightNumber=413 AND flightDate=TO_DATE('May 20, 2012', 'MON DD, YYYY')), 'A1', 'YEG', TO_TIMESTAMP_TZ('May 20, 2012 08:05 -07:00', 'MON DD, YYYY HH24:MI TZH:TZM'), 'departed at 08:05');
INSERT INTO Arrivals VALUES((SELECT id FROM FlightInstances WHERE airlineCode='WS' AND flightNumber=413 AND flightDate=TO_DATE('May 20, 2012', 'MON DD, YYYY')), '1', 'YYJ', TO_TIMESTAMP_TZ('May 20, 2012 08:40 -08:00', 'MON DD, YYYY HH24:MI TZH:TZM'), 'arrived at 08:40');
-- INSERT INTO Flights VALUES ('WS',335,'YEG','YYJ','B737',TO_TIMESTAMP_TZ('Jan 15, 1980 11:30 -07:00','MON DD, YYYY HH24:MI TZH:TZM'),TO_TIMESTAMP_TZ('Jan 15, 1980 12:05 -08:00','MON DD, YYYY HH24:MI TZH:TZM'));
INSERT INTO Departures VALUES((SELECT id FROM FlightInstances WHERE airlineCode='WS' AND flightNumber=335 AND flightDate=TO_DATE('May 20, 2012', 'MON DD, YYYY')), 'A1', 'YEG', TO_TIMESTAMP_TZ('May 20, 2012 11:30 -07:00', 'MON DD, YYYY HH24:MI TZH:TZM'), 'departed at 11:30');
INSERT INTO Arrivals VALUES((SELECT id FROM FlightInstances WHERE airlineCode='WS' AND flightNumber=335 AND flightDate=TO_DATE('May 20, 2012', 'MON DD, YYYY')), '1', 'YYJ', TO_TIMESTAMP_TZ('May 20, 2012 12:05 -08:00', 'MON DD, YYYY HH24:MI TZH:TZM'), 'arrived at 12:05');
-- INSERT INTO Flights VALUES ('WS',615,'YEG','YYJ','B737',TO_TIMESTAMP_TZ('Jan 15, 1980 17:00 -07:00','MON DD, YYYY HH24:MI TZH:TZM'),TO_TIMESTAMP_TZ('Jan 15, 1980 17:35 -08:00','MON DD, YYYY HH24:MI TZH:TZM'));
INSERT INTO Departures VALUES((SELECT id FROM FlightInstances WHERE airlineCode='WS' AND flightNumber=615 AND flightDate=TO_DATE('May 20, 2012', 'MON DD, YYYY')), 'A1', 'YEG', TO_TIMESTAMP_TZ('May 20, 2012 17:00 -07:00', 'MON DD, YYYY HH24:MI TZH:TZM'), 'departed at 17:00');
INSERT INTO Arrivals VALUES((SELECT id FROM FlightInstances WHERE airlineCode='WS' AND flightNumber=615 AND flightDate=TO_DATE('May 20, 2012', 'MON DD, YYYY')), '1', 'YYJ', TO_TIMESTAMP_TZ('May 20, 2012 17:35 -08:00', 'MON DD, YYYY HH24:MI TZH:TZM'), 'arrived at 17:35');
-- INSERT INTO Flights VALUES ('WS',209,'YYC','YYJ','B737',TO_TIMESTAMP_TZ('Jan 15, 1980 08:00 -07:00','MON DD, YYYY HH24:MI TZH:TZM'),TO_TIMESTAMP_TZ('Jan 15, 1980 08:27 -08:00','MON DD, YYYY HH24:MI TZH:TZM'));
INSERT INTO Departures VALUES((SELECT id FROM FlightInstances WHERE airlineCode='WS' AND flightNumber=209 AND flightDate=TO_DATE('May 20, 2012', 'MON DD, YYYY')), 'A1', 'YYC', TO_TIMESTAMP_TZ('May 20, 2012 08:00 -07:00', 'MON DD, YYYY HH24:MI TZH:TZM'), 'departed at 08:00');
INSERT INTO Arrivals VALUES((SELECT id FROM FlightInstances WHERE airlineCode='WS' AND flightNumber=209 AND flightDate=TO_DATE('May 20, 2012', 'MON DD, YYYY')), '1', 'YYJ', TO_TIMESTAMP_TZ('May 20, 2012 08:27 -08:00', 'MON DD, YYYY HH24:MI TZH:TZM'), 'arrived at 08:27');
-- INSERT INTO Flights VALUES ('WS',449,'YYC','YYJ','B737',TO_TIMESTAMP_TZ('Jan 15, 1980 12:50 -07:00','MON DD, YYYY HH24:MI TZH:TZM'),TO_TIMESTAMP_TZ('Jan 15, 1980 13:17 -08:00','MON DD, YYYY HH24:MI TZH:TZM'));
INSERT INTO Departures VALUES((SELECT id FROM FlightInstances WHERE airlineCode='WS' AND flightNumber=449 AND flightDate=TO_DATE('May 20, 2012', 'MON DD, YYYY')), 'A1', 'YYC', TO_TIMESTAMP_TZ('May 20, 2012 12:50 -07:00', 'MON DD, YYYY HH24:MI TZH:TZM'), 'departed at 12:50');
INSERT INTO Arrivals VALUES((SELECT id FROM FlightInstances WHERE airlineCode='WS' AND flightNumber=449 AND flightDate=TO_DATE('May 20, 2012', 'MON DD, YYYY')), '1', 'YYJ', TO_TIMESTAMP_TZ('May 20, 2012 13:17 -08:00', 'MON DD, YYYY HH24:MI TZH:TZM'), 'arrived at 13:17');
-- INSERT INTO Flights VALUES ('WS',221,'YYC','YYJ','B738',TO_TIMESTAMP_TZ('Jan 15, 1980 19:05 -07:00','MON DD, YYYY HH24:MI TZH:TZM'),TO_TIMESTAMP_TZ('Jan 15, 1980 19:32 -08:00','MON DD, YYYY HH24:MI TZH:TZM'));
INSERT INTO Departures VALUES((SELECT id FROM FlightInstances WHERE airlineCode='WS' AND flightNumber=221 AND flightDate=TO_DATE('May 20, 2012', 'MON DD, YYYY')), 'A1', 'YYC', TO_TIMESTAMP_TZ('May 20, 2012 19:05 -07:00', 'MON DD, YYYY HH24:MI TZH:TZM'), 'departed at 19:05');
INSERT INTO Arrivals VALUES((SELECT id FROM FlightInstances WHERE airlineCode='WS' AND flightNumber=221 AND flightDate=TO_DATE('May 20, 2012', 'MON DD, YYYY')), '1', 'YYJ', TO_TIMESTAMP_TZ('May 20, 2012 19:23 -08:00', 'MON DD, YYYY HH24:MI TZH:TZM'), 'arrived at 19:32');
-- INSERT INTO Flights VALUES ('WS',751,'YYC','YYJ','B737',TO_TIMESTAMP_TZ('Jan 15, 1980 22:30 -07:00','MON DD, YYYY HH24:MI TZH:TZM'),TO_TIMESTAMP_TZ('Jan 15, 1980 22:57 -08:00','MON DD, YYYY HH24:MI TZH:TZM'));
INSERT INTO Departures VALUES((SELECT id FROM FlightInstances WHERE airlineCode='WS' AND flightNumber=751 AND flightDate=TO_DATE('May 20, 2012', 'MON DD, YYYY')), 'A1', 'YYC', TO_TIMESTAMP_TZ('May 20, 2012 22:30 -07:00', 'MON DD, YYYY HH24:MI TZH:TZM'), 'departed at 22:30');
INSERT INTO Arrivals VALUES((SELECT id FROM FlightInstances WHERE airlineCode='WS' AND flightNumber=751 AND flightDate=TO_DATE('May 20, 2012', 'MON DD, YYYY')), '1', 'YYJ', TO_TIMESTAMP_TZ('May 20, 2012 22:57 -08:00', 'MON DD, YYYY HH24:MI TZH:TZM'), 'arrived at 22:57');
-- INSERT INTO Flights VALUES ('AS',2381,'YYJ','SEA','BDH4',TO_TIMESTAMP_TZ('Jan 15, 1980 06:00 -08:00','MON DD, YYYY HH24:MI TZH:TZM'),TO_TIMESTAMP_TZ('Jan 15, 1980 06:40 -08:00','MON DD, YYYY HH24:MI TZH:TZM'));
INSERT INTO Departures VALUES((SELECT id FROM FlightInstances WHERE airlineCode='AS' AND flightNumber=2381 AND flightDate=TO_DATE('May 20, 2012', 'MON DD, YYYY')), '1', 'YYJ', TO_TIMESTAMP_TZ('May 20, 2012 06:00 -08:00', 'MON DD, YYYY HH24:MI TZH:TZM'), 'departed at 06:00');
INSERT INTO Arrivals VALUES((SELECT id FROM FlightInstances WHERE airlineCode='AS' AND flightNumber=2381 AND flightDate=TO_DATE('May 20, 2012', 'MON DD, YYYY')), 'A1', 'SEA', TO_TIMESTAMP_TZ('May 20, 2012 06:40 -08:00', 'MON DD, YYYY HH24:MI TZH:TZM'), 'arrived at 06:40');
-- INSERT INTO Flights VALUES ('AS',2383,'YYJ','SEA','BDH4',TO_TIMESTAMP_TZ('Jan 15, 1980 09:05 -08:00','MON DD, YYYY HH24:MI TZH:TZM'),TO_TIMESTAMP_TZ('Jan 15, 1980 09:45 -08:00','MON DD, YYYY HH24:MI TZH:TZM'));
INSERT INTO Departures VALUES((SELECT id FROM FlightInstances WHERE airlineCode='AS' AND flightNumber=2383 AND flightDate=TO_DATE('May 20, 2012', 'MON DD, YYYY')), '1', 'YYJ', TO_TIMESTAMP_TZ('May 20, 2012 09:05 -08:00', 'MON DD, YYYY HH24:MI TZH:TZM'), 'departed at 09:05');
INSERT INTO Arrivals VALUES((SELECT id FROM FlightInstances WHERE airlineCode='AS' AND flightNumber=2383 AND flightDate=TO_DATE('May 20, 2012', 'MON DD, YYYY')), 'A1', 'SEA', TO_TIMESTAMP_TZ('May 20, 2012 09:45 -08:00', 'MON DD, YYYY HH24:MI TZH:TZM'), 'arrived at 09:45');
-- INSERT INTO Flights VALUES ('AS',2385,'YYJ','SEA','BDH4',TO_TIMESTAMP_TZ('Jan 15, 1980 12:20 -08:00','MON DD, YYYY HH24:MI TZH:TZM'),TO_TIMESTAMP_TZ('Jan 15, 1980 13:01 -08:00','MON DD, YYYY HH24:MI TZH:TZM'));
INSERT INTO Departures VALUES((SELECT id FROM FlightInstances WHERE airlineCode='AS' AND flightNumber=2385 AND flightDate=TO_DATE('May 20, 2012', 'MON DD, YYYY')), '1', 'YYJ', TO_TIMESTAMP_TZ('May 20, 2012 12:20 -08:00', 'MON DD, YYYY HH24:MI TZH:TZM'), 'departed at 12:20');
INSERT INTO Arrivals VALUES((SELECT id FROM FlightInstances WHERE airlineCode='AS' AND flightNumber=2385 AND flightDate=TO_DATE('May 20, 2012', 'MON DD, YYYY')), 'A1', 'SEA', TO_TIMESTAMP_TZ('May 20, 2012 13:01 -08:00', 'MON DD, YYYY HH24:MI TZH:TZM'), 'arrived at 13:01');
-- INSERT INTO Flights VALUES ('AS',2387,'YYJ','SEA','BDH4',TO_TIMESTAMP_TZ('Jan 15, 1980 15:40 -08:00','MON DD, YYYY HH24:MI TZH:TZM'),TO_TIMESTAMP_TZ('Jan 15, 1980 16:20 -08:00','MON DD, YYYY HH24:MI TZH:TZM'));
INSERT INTO Departures VALUES((SELECT id FROM FlightInstances WHERE airlineCode='AS' AND flightNumber=2387 AND flightDate=TO_DATE('May 20, 2012', 'MON DD, YYYY')), '1', 'YYJ', TO_TIMESTAMP_TZ('May 20, 2012 15:40 -08:00', 'MON DD, YYYY HH24:MI TZH:TZM'), 'departed at 15:40');
INSERT INTO Arrivals VALUES((SELECT id FROM FlightInstances WHERE airlineCode='AS' AND flightNumber=2387 AND flightDate=TO_DATE('May 20, 2012', 'MON DD, YYYY')), 'A1', 'SEA', TO_TIMESTAMP_TZ('May 20, 2012 16:20 -08:00', 'MON DD, YYYY HH24:MI TZH:TZM'), 'arrived at 16:20');
-- INSERT INTO Flights VALUES ('AS',2389,'YYJ','SEA','BDH4',TO_TIMESTAMP_TZ('Jan 15, 1980 18:50 -08:00','MON DD, YYYY HH24:MI TZH:TZM'),TO_TIMESTAMP_TZ('Jan 15, 1980 19:30 -08:00','MON DD, YYYY HH24:MI TZH:TZM'));
INSERT INTO Departures VALUES((SELECT id FROM FlightInstances WHERE airlineCode='AS' AND flightNumber=2389 AND flightDate=TO_DATE('May 20, 2012', 'MON DD, YYYY')), '1', 'YYJ', TO_TIMESTAMP_TZ('May 20, 2012 18:50 -08:00', 'MON DD, YYYY HH24:MI TZH:TZM'), 'departed at 18:50');
INSERT INTO Arrivals VALUES((SELECT id FROM FlightInstances WHERE airlineCode='AS' AND flightNumber=2389 AND flightDate=TO_DATE('May 20, 2012', 'MON DD, YYYY')), 'A1', 'SEA', TO_TIMESTAMP_TZ('May 20, 2012 19:30 -08:00', 'MON DD, YYYY HH24:MI TZH:TZM'), 'arrived at 19:30');
-- INSERT INTO Flights VALUES ('AS',2382,'SEA','YYJ','BDH4',TO_TIMESTAMP_TZ('Jan 15, 1980 07:50 -08:00','MON DD, YYYY HH24:MI TZH:TZM'),TO_TIMESTAMP_TZ('Jan 15, 1980 08:29 -08:00','MON DD, YYYY HH24:MI TZH:TZM'));
INSERT INTO Departures VALUES((SELECT id FROM FlightInstances WHERE airlineCode='AS' AND flightNumber=2382 AND flightDate=TO_DATE('May 20, 2012', 'MON DD, YYYY')), 'A1', 'SEA', TO_TIMESTAMP_TZ('May 20, 2012 07:50 -08:00', 'MON DD, YYYY HH24:MI TZH:TZM'), 'departed at 07:50');
INSERT INTO Arrivals VALUES((SELECT id FROM FlightInstances WHERE airlineCode='AS' AND flightNumber=2382 AND flightDate=TO_DATE('May 20, 2012', 'MON DD, YYYY')), '1', 'YYJ', TO_TIMESTAMP_TZ('May 20, 2012 08:29 -08:00', 'MON DD, YYYY HH24:MI TZH:TZM'), 'arrived at 08:29');
-- INSERT INTO Flights VALUES ('AS',2384,'SEA','YYJ','BDH4',TO_TIMESTAMP_TZ('Jan 15, 1980 11:00 -08:00','MON DD, YYYY HH24:MI TZH:TZM'),TO_TIMESTAMP_TZ('Jan 15, 1980 11:45 -08:00','MON DD, YYYY HH24:MI TZH:TZM'));
INSERT INTO Departures VALUES((SELECT id FROM FlightInstances WHERE airlineCode='AS' AND flightNumber=2384 AND flightDate=TO_DATE('May 20, 2012', 'MON DD, YYYY')), 'A1', 'SEA', TO_TIMESTAMP_TZ('May 20, 2012 11:00 -08:00', 'MON DD, YYYY HH24:MI TZH:TZM'), 'departed at 11:00');
INSERT INTO Arrivals VALUES((SELECT id FROM FlightInstances WHERE airlineCode='AS' AND flightNumber=2384 AND flightDate=TO_DATE('May 20, 2012', 'MON DD, YYYY')), '1', 'YYJ', TO_TIMESTAMP_TZ('May 20, 2012 11:45 -08:00', 'MON DD, YYYY HH24:MI TZH:TZM'), 'arrived at 11:45');
-- INSERT INTO Flights VALUES ('AS',2386,'SEA','YYJ','BDH4',TO_TIMESTAMP_TZ('Jan 15, 1980 14:20 -08:00','MON DD, YYYY HH24:MI TZH:TZM'),TO_TIMESTAMP_TZ('Jan 15, 1980 15:04 -08:00','MON DD, YYYY HH24:MI TZH:TZM'));
INSERT INTO Departures VALUES((SELECT id FROM FlightInstances WHERE airlineCode='AS' AND flightNumber=2386 AND flightDate=TO_DATE('May 20, 2012', 'MON DD, YYYY')), 'A1', 'SEA', TO_TIMESTAMP_TZ('May 20, 2012 14:20 -08:00', 'MON DD, YYYY HH24:MI TZH:TZM'), 'departed at 14:20');
INSERT INTO Arrivals VALUES((SELECT id FROM FlightInstances WHERE airlineCode='AS' AND flightNumber=2386 AND flightDate=TO_DATE('May 20, 2012', 'MON DD, YYYY')), '1', 'YYJ', TO_TIMESTAMP_TZ('May 20, 2012 15:04 -08:00', 'MON DD, YYYY HH24:MI TZH:TZM'), 'arrived at 15:04');
-- INSERT INTO Flights VALUES ('AS',2388,'SEA','YYJ','BDH4',TO_TIMESTAMP_TZ('Jan 15, 1980 17:32 -08:00','MON DD, YYYY HH24:MI TZH:TZM'),TO_TIMESTAMP_TZ('Jan 15, 1980 18:15 -08:00','MON DD, YYYY HH24:MI TZH:TZM'));
INSERT INTO Departures VALUES((SELECT id FROM FlightInstances WHERE airlineCode='AS' AND flightNumber=2388 AND flightDate=TO_DATE('May 20, 2012', 'MON DD, YYYY')), 'A1', 'SEA', TO_TIMESTAMP_TZ('May 20, 2012 17:32 -08:00', 'MON DD, YYYY HH24:MI TZH:TZM'), 'departed at 17:32');
INSERT INTO Arrivals VALUES((SELECT id FROM FlightInstances WHERE airlineCode='AS' AND flightNumber=2388 AND flightDate=TO_DATE('May 20, 2012', 'MON DD, YYYY')), '1', 'YYJ', TO_TIMESTAMP_TZ('May 20, 2012 18:15 -08:00', 'MON DD, YYYY HH24:MI TZH:TZM'), 'arrived at 18:15');
-- INSERT INTO Flights VALUES ('AS',2380,'SEA','YYJ','BDH4',TO_TIMESTAMP_TZ('Jan 15, 1980 23:00 -08:00','MON DD, YYYY HH24:MI TZH:TZM'),TO_TIMESTAMP_TZ('Jan 15, 1980 23:42 -08:00','MON DD, YYYY HH24:MI TZH:TZM'));
INSERT INTO Departures VALUES((SELECT id FROM FlightInstances WHERE airlineCode='AS' AND flightNumber=2380 AND flightDate=TO_DATE('May 20, 2012', 'MON DD, YYYY')), 'A1', 'SEA', TO_TIMESTAMP_TZ('May 20, 2012 23:00 -08:00', 'MON DD, YYYY HH24:MI TZH:TZM'), 'departed at 23:00');
INSERT INTO Arrivals VALUES((SELECT id FROM FlightInstances WHERE airlineCode='AS' AND flightNumber=2380 AND flightDate=TO_DATE('May 20, 2012', 'MON DD, YYYY')), '1', 'YYJ', TO_TIMESTAMP_TZ('May 20, 2012 23:42 -08:00', 'MON DD, YYYY HH24:MI TZH:TZM'), 'arrived at 23:42');
INSERT INTO Departures VALUES((SELECT id FROM FlightInstances WHERE airlineCode='AC' AND flightNumber=8551 AND flightDate=TO_DATE('May 21, 2012', 'MON DD, YYYY')), 'A1', 'YYC', TO_TIMESTAMP_TZ('May 21, 2012 07:40 -07:00', 'MON DD, YYYY HH24:MI TZH:TZM'), 'departed at 07:40');
INSERT INTO Arrivals VALUES((SELECT id FROM FlightInstances WHERE airlineCode='AC' AND flightNumber=8551 AND flightDate=TO_DATE('May 21, 2012', 'MON DD, YYYY')), '1', 'YYJ', TO_TIMESTAMP_TZ('May 21, 2012 08:09 -08:00', 'MON DD, YYYY HH24:MI TZH:TZM'), 'arrived at 08:09');
INSERT INTO Departures VALUES((SELECT id FROM FlightInstances WHERE airlineCode='AC' AND flightNumber=8553 AND flightDate=TO_DATE('May 21, 2012', 'MON DD, YYYY')), 'A2', 'YYC', TO_TIMESTAMP_TZ('May 21, 2012 11:25 -07:00', 'MON DD, YYYY HH24:MI TZH:TZM'), 'departed at 11:25');
INSERT INTO Arrivals VALUES((SELECT id FROM FlightInstances WHERE airlineCode='AC' AND flightNumber=8553 AND flightDate=TO_DATE('May 21, 2012', 'MON DD, YYYY')), '1', 'YYJ', TO_TIMESTAMP_TZ('May 21, 2012 11:54 -08:00', 'MON DD, YYYY HH24:MI TZH:TZM'), 'arrived at 11:54');
INSERT INTO Departures VALUES((SELECT id FROM FlightInstances WHERE airlineCode='AC' AND flightNumber=8555 AND flightDate=TO_DATE('May 21, 2012', 'MON DD, YYYY')), 'A2', 'YYC', TO_TIMESTAMP_TZ('May 21, 2012 16:25 -07:00', 'MON DD, YYYY HH24:MI TZH:TZM'), 'departed at 16:25');
INSERT INTO Arrivals VALUES((SELECT id FROM FlightInstances WHERE airlineCode='AC' AND flightNumber=8555 AND flightDate=TO_DATE('May 21, 2012', 'MON DD, YYYY')), '1', 'YYJ', TO_TIMESTAMP_TZ('May 21, 2012 16:54 -08:00', 'MON DD, YYYY HH24:MI TZH:TZM'), 'arrived at 16:54');
INSERT INTO Departures VALUES((SELECT id FROM FlightInstances WHERE airlineCode='AC' AND flightNumber=8559 AND flightDate=TO_DATE('May 21, 2012', 'MON DD, YYYY')), 'A2', 'YYC', TO_TIMESTAMP_TZ('May 21, 2012 18:45 -07:00', 'MON DD, YYYY HH24:MI TZH:TZM'), 'departed at 18:45');
INSERT INTO Arrivals VALUES((SELECT id FROM FlightInstances WHERE airlineCode='AC' AND flightNumber=8559 AND flightDate=TO_DATE('May 21, 2012', 'MON DD, YYYY')), '1', 'YYJ', TO_TIMESTAMP_TZ('May 21, 2012 19:14 -08:00', 'MON DD, YYYY HH24:MI TZH:TZM'), 'arrived at 19:14');
INSERT INTO Departures VALUES((SELECT id FROM FlightInstances WHERE airlineCode='AC' AND flightNumber=8197 AND flightDate=TO_DATE('May 21, 2012', 'MON DD, YYYY')), '1', 'YKA', TO_TIMESTAMP_TZ('May 21, 2012 17:15 -07:00', 'MON DD, YYYY HH24:MI TZH:TZM'), 'departed at 17:15');
INSERT INTO Arrivals VALUES((SELECT id FROM FlightInstances WHERE airlineCode='AC' AND flightNumber=8197 AND flightDate=TO_DATE('May 21, 2012', 'MON DD, YYYY')), '1', 'YYJ', TO_TIMESTAMP_TZ('May 21, 2012 19:22 -08:00', 'MON DD, YYYY HH24:MI TZH:TZM'), 'arrived at 19:22');
INSERT INTO Departures VALUES((SELECT id FROM FlightInstances WHERE airlineCode='AC' AND flightNumber=1191 AND flightDate=TO_DATE('May 21, 2012', 'MON DD, YYYY')), 'A1', 'YOW', TO_TIMESTAMP_TZ('May 21, 2012 07:00 -05:00', 'MON DD, YYYY HH24:MI TZH:TZM'), 'departed at 07:00');
INSERT INTO Arrivals VALUES((SELECT id FROM FlightInstances WHERE airlineCode='AC' AND flightNumber=1191 AND flightDate=TO_DATE('May 21, 2012', 'MON DD, YYYY')), '1', 'YYJ', TO_TIMESTAMP_TZ('May 21, 2012 10:56 -08:00', 'MON DD, YYYY HH24:MI TZH:TZM'), 'arrived at 10:56');
INSERT INTO Departures VALUES((SELECT id FROM FlightInstances WHERE airlineCode='AC' AND flightNumber=8557 AND flightDate=TO_DATE('May 21, 2012', 'MON DD, YYYY')), 'A1', 'YXE', TO_TIMESTAMP_TZ('May 21, 2012 16:50 -06:00', 'MON DD, YYYY HH24:MI TZH:TZM'), 'departed at 16:50');
INSERT INTO Arrivals VALUES((SELECT id FROM FlightInstances WHERE airlineCode='AC' AND flightNumber=8557 AND flightDate=TO_DATE('May 21, 2012', 'MON DD, YYYY')), '1', 'YYJ', TO_TIMESTAMP_TZ('May 21, 2012 19:14 -08:00', 'MON DD, YYYY HH24:MI TZH:TZM'), 'arrived at 19:14');
INSERT INTO Departures VALUES((SELECT id FROM FlightInstances WHERE airlineCode='AC' AND flightNumber=4401 AND flightDate=TO_DATE('May 21, 2012', 'MON DD, YYYY')), 'A1', 'SFO', TO_TIMESTAMP_TZ('May 21, 2012 10:33 -08:00', 'MON DD, YYYY HH24:MI TZH:TZM'), 'departed at 10:33');
INSERT INTO Arrivals VALUES((SELECT id FROM FlightInstances WHERE airlineCode='AC' AND flightNumber=4401 AND flightDate=TO_DATE('May 21, 2012', 'MON DD, YYYY')), '1', 'YYJ', TO_TIMESTAMP_TZ('May 21, 2012 12:50 -08:00', 'MON DD, YYYY HH24:MI TZH:TZM'), 'arrived at 12:50');
INSERT INTO Departures VALUES((SELECT id FROM FlightInstances WHERE airlineCode='AC' AND flightNumber=4403 AND flightDate=TO_DATE('May 21, 2012', 'MON DD, YYYY')), 'A1', 'SFO', TO_TIMESTAMP_TZ('May 21, 2012 19:46 -08:00', 'MON DD, YYYY HH24:MI TZH:TZM'), 'departed at 19:46');
INSERT INTO Arrivals VALUES((SELECT id FROM FlightInstances WHERE airlineCode='AC' AND flightNumber=4403 AND flightDate=TO_DATE('May 21, 2012', 'MON DD, YYYY')), '1', 'YYJ', TO_TIMESTAMP_TZ('May 21, 2012 22:03 -08:00', 'MON DD, YYYY HH24:MI TZH:TZM'), 'arrived at 22:03');
INSERT INTO Departures VALUES((SELECT id FROM FlightInstances WHERE airlineCode='AC' AND flightNumber=8059 AND flightDate=TO_DATE('May 21, 2012', 'MON DD, YYYY')), '1', 'YXT', TO_TIMESTAMP_TZ('May 21, 2012 06:25 -08:00', 'MON DD, YYYY HH24:MI TZH:TZM'), 'departed at 06:25');
INSERT INTO Arrivals VALUES((SELECT id FROM FlightInstances WHERE airlineCode='AC' AND flightNumber=8059 AND flightDate=TO_DATE('May 21, 2012', 'MON DD, YYYY')), '1', 'YYJ', TO_TIMESTAMP_TZ('May 21, 2012 09:23 -08:00', 'MON DD, YYYY HH24:MI TZH:TZM'), 'arrived at 09:23');
INSERT INTO Departures VALUES((SELECT id FROM FlightInstances WHERE airlineCode='AC' AND flightNumber=191 AND flightDate=TO_DATE('May 21, 2012', 'MON DD, YYYY')), 'A8', 'YYZ', TO_TIMESTAMP_TZ('May 21, 2012 18:05 -05:00', 'MON DD, YYYY HH24:MI TZH:TZM'), 'departed at 18:05');
INSERT INTO Arrivals VALUES((SELECT id FROM FlightInstances WHERE airlineCode='AC' AND flightNumber=191 AND flightDate=TO_DATE('May 21, 2012', 'MON DD, YYYY')), '1', 'YYJ', TO_TIMESTAMP_TZ('May 21, 2012 20:09 -08:00', 'MON DD, YYYY HH24:MI TZH:TZM'), 'arrived at 20:09');
INSERT INTO Departures VALUES((SELECT id FROM FlightInstances WHERE airlineCode='AC' AND flightNumber=1193 AND flightDate=TO_DATE('May 21, 2012', 'MON DD, YYYY')), 'A8', 'YYZ', TO_TIMESTAMP_TZ('May 21, 2012 20:55 -05:00', 'MON DD, YYYY HH24:MI TZH:TZM'), 'departed at 20:55');
INSERT INTO Arrivals VALUES((SELECT id FROM FlightInstances WHERE airlineCode='AC' AND flightNumber=1193 AND flightDate=TO_DATE('May 21, 2012', 'MON DD, YYYY')), '1', 'YYJ', TO_TIMESTAMP_TZ('May 21, 2012 23:06 -08:00', 'MON DD, YYYY HH24:MI TZH:TZM'), 'arrived at 23:06');
INSERT INTO Departures VALUES((SELECT id FROM FlightInstances WHERE airlineCode='AC' AND flightNumber=8055 AND flightDate=TO_DATE('May 21, 2012', 'MON DD, YYYY')), 'A1', 'YVR', TO_TIMESTAMP_TZ('May 21, 2012 07:00 -08:00', 'MON DD, YYYY HH24:MI TZH:TZM'), 'departed at 07:00');
INSERT INTO Arrivals VALUES((SELECT id FROM FlightInstances WHERE airlineCode='AC' AND flightNumber=8055 AND flightDate=TO_DATE('May 21, 2012', 'MON DD, YYYY')), '1', 'YYJ', TO_TIMESTAMP_TZ('May 21, 2012 07:24 -08:00', 'MON DD, YYYY HH24:MI TZH:TZM'), 'arrived at 07:24');
INSERT INTO Departures VALUES((SELECT id FROM FlightInstances WHERE airlineCode='AC' AND flightNumber=8057 AND flightDate=TO_DATE('May 21, 2012', 'MON DD, YYYY')), 'A1', 'YVR', TO_TIMESTAMP_TZ('May 21, 2012 08:00 -08:00', 'MON DD, YYYY HH24:MI TZH:TZM'), 'departed at 08:00');
INSERT INTO Arrivals VALUES((SELECT id FROM FlightInstances WHERE airlineCode='AC' AND flightNumber=8057 AND flightDate=TO_DATE('May 21, 2012', 'MON DD, YYYY')), '1', 'YYJ', TO_TIMESTAMP_TZ('May 21, 2012 08:24 -08:00', 'MON DD, YYYY HH24:MI TZH:TZM'), 'arrived at 08:24');
INSERT INTO Departures VALUES((SELECT id FROM FlightInstances WHERE airlineCode='AC' AND flightNumber=8061 AND flightDate=TO_DATE('May 21, 2012', 'MON DD, YYYY')), 'A1', 'YVR', TO_TIMESTAMP_TZ('May 21, 2012 10:00 -08:00', 'MON DD, YYYY HH24:MI TZH:TZM'), 'departed at 10:00');
INSERT INTO Arrivals VALUES((SELECT id FROM FlightInstances WHERE airlineCode='AC' AND flightNumber=8061 AND flightDate=TO_DATE('May 21, 2012', 'MON DD, YYYY')), '1', 'YYJ', TO_TIMESTAMP_TZ('May 21, 2012 10:23 -08:00', 'MON DD, YYYY HH24:MI TZH:TZM'), 'arrived at 10:23');
INSERT INTO Departures VALUES((SELECT id FROM FlightInstances WHERE airlineCode='AC' AND flightNumber=8063 AND flightDate=TO_DATE('May 21, 2012', 'MON DD, YYYY')), 'A1', 'YVR', TO_TIMESTAMP_TZ('May 21, 2012 11:00 -08:00', 'MON DD, YYYY HH24:MI TZH:TZM'), 'departed at 11:00');
INSERT INTO Arrivals VALUES((SELECT id FROM FlightInstances WHERE airlineCode='AC' AND flightNumber=8063 AND flightDate=TO_DATE('May 21, 2012', 'MON DD, YYYY')), '1', 'YYJ', TO_TIMESTAMP_TZ('May 21, 2012 11:22 -08:00', 'MON DD, YYYY HH24:MI TZH:TZM'), 'arrived at 11:22');
INSERT INTO Departures VALUES((SELECT id FROM FlightInstances WHERE airlineCode='AC' AND flightNumber=8051 AND flightDate=TO_DATE('May 21, 2012', 'MON DD, YYYY')), 'A1', 'YVR', TO_TIMESTAMP_TZ('May 21, 2012 11:30 -08:00', 'MON DD, YYYY HH24:MI TZH:TZM'), 'departed at 11:30');
INSERT INTO Arrivals VALUES((SELECT id FROM FlightInstances WHERE airlineCode='AC' AND flightNumber=8051 AND flightDate=TO_DATE('May 21, 2012', 'MON DD, YYYY')), '1', 'YYJ', TO_TIMESTAMP_TZ('May 21, 2012 11:53 -08:00', 'MON DD, YYYY HH24:MI TZH:TZM'), 'arrived at 11:53');
INSERT INTO Departures VALUES((SELECT id FROM FlightInstances WHERE airlineCode='AC' AND flightNumber=8065 AND flightDate=TO_DATE('May 21, 2012', 'MON DD, YYYY')), 'A1', 'YVR', TO_TIMESTAMP_TZ('May 21, 2012 12:00 -08:00', 'MON DD, YYYY HH24:MI TZH:TZM'), 'departed at 12:00');
INSERT INTO Arrivals VALUES((SELECT id FROM FlightInstances WHERE airlineCode='AC' AND flightNumber=8065 AND flightDate=TO_DATE('May 21, 2012', 'MON DD, YYYY')), '1', 'YYJ', TO_TIMESTAMP_TZ('May 21, 2012 12:22 -08:00', 'MON DD, YYYY HH24:MI TZH:TZM'), 'arrived at 12:22');
INSERT INTO Departures VALUES((SELECT id FROM FlightInstances WHERE airlineCode='AC' AND flightNumber=8085 AND flightDate=TO_DATE('May 21, 2012', 'MON DD, YYYY')), 'A1', 'YVR', TO_TIMESTAMP_TZ('May 21, 2012 12:30 -08:00', 'MON DD, YYYY HH24:MI TZH:TZM'), 'departed at 12:30');
INSERT INTO Arrivals VALUES((SELECT id FROM FlightInstances WHERE airlineCode='AC' AND flightNumber=8085 AND flightDate=TO_DATE('May 21, 2012', 'MON DD, YYYY')), '1', 'YYJ', TO_TIMESTAMP_TZ('May 21, 2012 12:53 -08:00', 'MON DD, YYYY HH24:MI TZH:TZM'), 'arrived at 12:53');
INSERT INTO Departures VALUES((SELECT id FROM FlightInstances WHERE airlineCode='AC' AND flightNumber=8067 AND flightDate=TO_DATE('May 21, 2012', 'MON DD, YYYY')), 'A1', 'YVR', TO_TIMESTAMP_TZ('May 21, 2012 13:00 -08:00', 'MON DD, YYYY HH24:MI TZH:TZM'), 'departed at 13:00');
INSERT INTO Arrivals VALUES((SELECT id FROM FlightInstances WHERE airlineCode='AC' AND flightNumber=8067 AND flightDate=TO_DATE('May 21, 2012', 'MON DD, YYYY')), '1', 'YYJ', TO_TIMESTAMP_TZ('May 21, 2012 13:22 -08:00', 'MON DD, YYYY HH24:MI TZH:TZM'), 'arrived at 13:22');
INSERT INTO Departures VALUES((SELECT id FROM FlightInstances WHERE airlineCode='AC' AND flightNumber=8053 AND flightDate=TO_DATE('May 21, 2012', 'MON DD, YYYY')), 'A1', 'YVR', TO_TIMESTAMP_TZ('May 21, 2012 13:30 -08:00', 'MON DD, YYYY HH24:MI TZH:TZM'), 'departed at 13:30');
INSERT INTO Arrivals VALUES((SELECT id FROM FlightInstances WHERE airlineCode='AC' AND flightNumber=8053 AND flightDate=TO_DATE('May 21, 2012', 'MON DD, YYYY')), '1', 'YYJ', TO_TIMESTAMP_TZ('May 21, 2012 13:52 -08:00', 'MON DD, YYYY HH24:MI TZH:TZM'), 'arrived at 13:52');
INSERT INTO Departures VALUES((SELECT id FROM FlightInstances WHERE airlineCode='AC' AND flightNumber=8069 AND flightDate=TO_DATE('May 21, 2012', 'MON DD, YYYY')), 'A1', 'YVR', TO_TIMESTAMP_TZ('May 21, 2012 14:00 -08:00', 'MON DD, YYYY HH24:MI TZH:TZM'), 'departed at 14:00');
INSERT INTO Arrivals VALUES((SELECT id FROM FlightInstances WHERE airlineCode='AC' AND flightNumber=8069 AND flightDate=TO_DATE('May 21, 2012', 'MON DD, YYYY')), '1', 'YYJ', TO_TIMESTAMP_TZ('May 21, 2012 14:22 -08:00', 'MON DD, YYYY HH24:MI TZH:TZM'), 'arrived at 14:22');
INSERT INTO Departures VALUES((SELECT id FROM FlightInstances WHERE airlineCode='AC' AND flightNumber=8071 AND flightDate=TO_DATE('May 21, 2012', 'MON DD, YYYY')), 'A1', 'YVR', TO_TIMESTAMP_TZ('May 21, 2012 15:00 -08:00', 'MON DD, YYYY HH24:MI TZH:TZM'), 'departed at 15:00');
INSERT INTO Arrivals VALUES((SELECT id FROM FlightInstances WHERE airlineCode='AC' AND flightNumber=8071 AND flightDate=TO_DATE('May 21, 2012', 'MON DD, YYYY')), '1', 'YYJ', TO_TIMESTAMP_TZ('May 21, 2012 15:23 -08:00', 'MON DD, YYYY HH24:MI TZH:TZM'), 'arrived at 15:23');
INSERT INTO Departures VALUES((SELECT id FROM FlightInstances WHERE airlineCode='AC' AND flightNumber=8161 AND flightDate=TO_DATE('May 21, 2012', 'MON DD, YYYY')), 'A1', 'YVR', TO_TIMESTAMP_TZ('May 21, 2012 15:30 -08:00', 'MON DD, YYYY HH24:MI TZH:TZM'), 'departed at 15:30');
INSERT INTO Arrivals VALUES((SELECT id FROM FlightInstances WHERE airlineCode='AC' AND flightNumber=8161 AND flightDate=TO_DATE('May 21, 2012', 'MON DD, YYYY')), '1', 'YYJ', TO_TIMESTAMP_TZ('May 21, 2012 15:53 -08:00', 'MON DD, YYYY HH24:MI TZH:TZM'), 'arrived at 15:53');
INSERT INTO Departures VALUES((SELECT id FROM FlightInstances WHERE airlineCode='AC' AND flightNumber=8073 AND flightDate=TO_DATE('May 21, 2012', 'MON DD, YYYY')), 'A1', 'YVR', TO_TIMESTAMP_TZ('May 21, 2012 16:00 -08:00', 'MON DD, YYYY HH24:MI TZH:TZM'), 'departed at 16:00');
INSERT INTO Arrivals VALUES((SELECT id FROM FlightInstances WHERE airlineCode='AC' AND flightNumber=8073 AND flightDate=TO_DATE('May 21, 2012', 'MON DD, YYYY')), '1', 'YYJ', TO_TIMESTAMP_TZ('May 21, 2012 16:22 -08:00', 'MON DD, YYYY HH24:MI TZH:TZM'), 'arrived at 16:22');
INSERT INTO Departures VALUES((SELECT id FROM FlightInstances WHERE airlineCode='AC' AND flightNumber=8091 AND flightDate=TO_DATE('May 21, 2012', 'MON DD, YYYY')), 'A1', 'YVR', TO_TIMESTAMP_TZ('May 21, 2012 16:30 -08:00', 'MON DD, YYYY HH24:MI TZH:TZM'), 'departed at 16:30');
INSERT INTO Arrivals VALUES((SELECT id FROM FlightInstances WHERE airlineCode='AC' AND flightNumber=8091 AND flightDate=TO_DATE('May 21, 2012', 'MON DD, YYYY')), '1', 'YYJ', TO_TIMESTAMP_TZ('May 21, 2012 16:52 -08:00', 'MON DD, YYYY HH24:MI TZH:TZM'), 'arrived at 16:52');
INSERT INTO Departures VALUES((SELECT id FROM FlightInstances WHERE airlineCode='AC' AND flightNumber=8075 AND flightDate=TO_DATE('May 21, 2012', 'MON DD, YYYY')), 'A1', 'YVR', TO_TIMESTAMP_TZ('May 21, 2012 17:00 -08:00', 'MON DD, YYYY HH24:MI TZH:TZM'), 'departed at 17:00');
INSERT INTO Arrivals VALUES((SELECT id FROM FlightInstances WHERE airlineCode='AC' AND flightNumber=8075 AND flightDate=TO_DATE('May 21, 2012', 'MON DD, YYYY')), '1', 'YYJ', TO_TIMESTAMP_TZ('May 21, 2012 17:22 -08:00', 'MON DD, YYYY HH24:MI TZH:TZM'), 'arrived at 17:20');
INSERT INTO Departures VALUES((SELECT id FROM FlightInstances WHERE airlineCode='AC' AND flightNumber=8077 AND flightDate=TO_DATE('May 21, 2012', 'MON DD, YYYY')), 'A1', 'YVR', TO_TIMESTAMP_TZ('May 21, 2012 18:00 -08:00', 'MON DD, YYYY HH24:MI TZH:TZM'), 'departed at 18:00');
INSERT INTO Arrivals VALUES((SELECT id FROM FlightInstances WHERE airlineCode='AC' AND flightNumber=8077 AND flightDate=TO_DATE('May 21, 2012', 'MON DD, YYYY')), '1', 'YYJ', TO_TIMESTAMP_TZ('May 21, 2012 18:22 -08:00', 'MON DD, YYYY HH24:MI TZH:TZM'), 'arrived at 18:22');
INSERT INTO Departures VALUES((SELECT id FROM FlightInstances WHERE airlineCode='AC' AND flightNumber=8079 AND flightDate=TO_DATE('May 21, 2012', 'MON DD, YYYY')), 'A1', 'YVR', TO_TIMESTAMP_TZ('May 21, 2012 19:00 -08:00', 'MON DD, YYYY HH24:MI TZH:TZM'), 'departed at 19:00');
INSERT INTO Arrivals VALUES((SELECT id FROM FlightInstances WHERE airlineCode='AC' AND flightNumber=8079 AND flightDate=TO_DATE('May 21, 2012', 'MON DD, YYYY')), '1', 'YYJ', TO_TIMESTAMP_TZ('May 21, 2012 19:21 -08:00', 'MON DD, YYYY HH24:MI TZH:TZM'), 'arrived at 19:21');
INSERT INTO Departures VALUES((SELECT id FROM FlightInstances WHERE airlineCode='AC' AND flightNumber=8081 AND flightDate=TO_DATE('May 21, 2012', 'MON DD, YYYY')), 'A1', 'YVR', TO_TIMESTAMP_TZ('May 21, 2012 20:00 -08:00', 'MON DD, YYYY HH24:MI TZH:TZM'), 'departed at 20:00');
INSERT INTO Arrivals VALUES((SELECT id FROM FlightInstances WHERE airlineCode='AC' AND flightNumber=8081 AND flightDate=TO_DATE('May 21, 2012', 'MON DD, YYYY')), '1', 'YYJ', TO_TIMESTAMP_TZ('May 21, 2012 20:21 -08:00', 'MON DD, YYYY HH24:MI TZH:TZM'), 'arrived at 20:21');
INSERT INTO Departures VALUES((SELECT id FROM FlightInstances WHERE airlineCode='AC' AND flightNumber=8083 AND flightDate=TO_DATE('May 21, 2012', 'MON DD, YYYY')), 'A1', 'YVR', TO_TIMESTAMP_TZ('May 21, 2012 22:20 -08:00', 'MON DD, YYYY HH24:MI TZH:TZM'), 'departed at 22:20');
INSERT INTO Arrivals VALUES((SELECT id FROM FlightInstances WHERE airlineCode='AC' AND flightNumber=8083 AND flightDate=TO_DATE('May 21, 2012', 'MON DD, YYYY')), '1', 'YYJ', TO_TIMESTAMP_TZ('May 21, 2012 22:43 -08:00', 'MON DD, YYYY HH24:MI TZH:TZM'), 'arrived at 22:43');
INSERT INTO Departures VALUES((SELECT id FROM FlightInstances WHERE airlineCode='AC' AND flightNumber=8087 AND flightDate=TO_DATE('May 21, 2012', 'MON DD, YYYY')), 'A1', 'YVR', TO_TIMESTAMP_TZ('May 21, 2012 23:30 -08:00', 'MON DD, YYYY HH24:MI TZH:TZM'), 'departed at 23:30');
INSERT INTO Arrivals VALUES((SELECT id FROM FlightInstances WHERE airlineCode='AC' AND flightNumber=8087 AND flightDate=TO_DATE('May 21, 2012', 'MON DD, YYYY')), '1', 'YYJ', TO_TIMESTAMP_TZ('May 21, 2012 23:53 -08:00', 'MON DD, YYYY HH24:MI TZH:TZM'), 'arrived at 23:53');
--
-- INSERT INTO Flights VALUES ('AC',8552,'YYJ','YYC','BCRJ',TO_TIMESTAMP_TZ('Jan 15, 1980 08:40 -08:00','MON DD, YYYY HH24:MI TZH:TZM'),TO_TIMESTAMP_TZ('Jan 15, 1980 10:45 -07:00','MON DD, YYYY HH24:MI TZH:TZM'));
INSERT INTO Departures VALUES((SELECT id FROM FlightInstances WHERE airlineCode='AC' AND flightNumber=8552 AND flightDate=TO_DATE('May 21, 2012', 'MON DD, YYYY')), '1', 'YYJ', TO_TIMESTAMP_TZ('May 21, 2012 08:40 -08:00', 'MON DD, YYYY HH24:MI TZH:TZM'), 'departed at 08:40');
INSERT INTO Arrivals VALUES((SELECT id FROM FlightInstances WHERE airlineCode='AC' AND flightNumber=8552 AND flightDate=TO_DATE('May 21, 2012', 'MON DD, YYYY')), 'A1', 'YYC', TO_TIMESTAMP_TZ('May 21, 2012 10:45 -07:00', 'MON DD, YYYY HH24:MI TZH:TZM'), 'arrived at 10:45');
-- INSERT INTO Flights VALUES ('AC',8554,'YYJ','YYC','BCRJ',TO_TIMESTAMP_TZ('Jan 15, 1980 12:25 -08:00','MON DD, YYYY HH24:MI TZH:TZM'),TO_TIMESTAMP_TZ('Jan 15, 1980 14:45 -07:00','MON DD, YYYY HH24:MI TZH:TZM'));
INSERT INTO Departures VALUES((SELECT id FROM FlightInstances WHERE airlineCode='AC' AND flightNumber=8554 AND flightDate=TO_DATE('May 21, 2012', 'MON DD, YYYY')), '1', 'YYJ', TO_TIMESTAMP_TZ('May 21, 2012 12:25 -08:00', 'MON DD, YYYY HH24:MI TZH:TZM'), 'departed at 12:25');
INSERT INTO Arrivals VALUES((SELECT id FROM FlightInstances WHERE airlineCode='AC' AND flightNumber=8554 AND flightDate=TO_DATE('May 21, 2012', 'MON DD, YYYY')), 'A1', 'YYC', TO_TIMESTAMP_TZ('May 21, 2012 14:45 -07:00', 'MON DD, YYYY HH24:MI TZH:TZM'), 'arrived at 14:45');
-- INSERT INTO Flights VALUES ('AC',8558,'YYJ','YYC','BCRJ',TO_TIMESTAMP_TZ('Jan 15, 1980 20:40 -08:00','MON DD, YYYY HH24:MI TZH:TZM'),TO_TIMESTAMP_TZ('Jan 15, 1980 23:00 -07:00','MON DD, YYYY HH24:MI TZH:TZM'));
INSERT INTO Departures VALUES((SELECT id FROM FlightInstances WHERE airlineCode='AC' AND flightNumber=8558 AND flightDate=TO_DATE('May 21, 2012', 'MON DD, YYYY')), '1', 'YYJ', TO_TIMESTAMP_TZ('May 21, 2012 20:40 -08:00', 'MON DD, YYYY HH24:MI TZH:TZM'), 'departed at 20:40');
INSERT INTO Arrivals VALUES((SELECT id FROM FlightInstances WHERE airlineCode='AC' AND flightNumber=8558 AND flightDate=TO_DATE('May 21, 2012', 'MON DD, YYYY')), 'A1', 'YYC', TO_TIMESTAMP_TZ('May 21, 2012 23:00 -07:00', 'MON DD, YYYY HH24:MI TZH:TZM'), 'arrived at 23:00');
-- INSERT INTO Flights VALUES ('AC',8178,'YYJ','YKA','BDH3',TO_TIMESTAMP_TZ('Jan 15, 1980 15:00 -08:00','MON DD, YYYY HH24:MI TZH:TZM'),TO_TIMESTAMP_TZ('Jan 15, 1980 16:51 -08:00','MON DD, YYYY HH24:MI TZH:TZM'));
INSERT INTO Departures VALUES((SELECT id FROM FlightInstances WHERE airlineCode='AC' AND flightNumber=8178 AND flightDate=TO_DATE('May 21, 2012', 'MON DD, YYYY')), '1', 'YYJ', TO_TIMESTAMP_TZ('May 21, 2012 15:00 -08:00', 'MON DD, YYYY HH24:MI TZH:TZM'), 'departed at 15:00');
INSERT INTO Arrivals VALUES((SELECT id FROM FlightInstances WHERE airlineCode='AC' AND flightNumber=8178 AND flightDate=TO_DATE('May 21, 2012', 'MON DD, YYYY')), '1', 'YKA', TO_TIMESTAMP_TZ('May 21, 2012 16:51 -08:00', 'MON DD, YYYY HH24:MI TZH:TZM'), 'arrived at 16:51');
--  INSERT INTO Flights VALUES ('AC',4400,'YYJ','SFO','BCRJ',TO_TIMESTAMP_TZ('Jan 15, 1980 06:53 -08:00','MON DD, YYYY HH24:MI TZH:TZM'),TO_TIMESTAMP_TZ('Jan 15, 1980 09:06 -08:00','MON DD, YYYY HH24:MI TZH:TZM'));
INSERT INTO Departures VALUES((SELECT id FROM FlightInstances WHERE airlineCode='AC' AND flightNumber=4400 AND flightDate=TO_DATE('May 21, 2012', 'MON DD, YYYY')), '1', 'YYJ', TO_TIMESTAMP_TZ('May 21, 2012 06:53 -08:00', 'MON DD, YYYY HH24:MI TZH:TZM'), 'departed at 06:53');
INSERT INTO Arrivals VALUES((SELECT id FROM FlightInstances WHERE airlineCode='AC' AND flightNumber=4400 AND flightDate=TO_DATE('May 21, 2012', 'MON DD, YYYY')), 'A1', 'SFO', TO_TIMESTAMP_TZ('May 21, 2012 09:06 -08:00', 'MON DD, YYYY HH24:MI TZH:TZM'), 'arrived at 09:06');
-- INSERT INTO Flights VALUES ('AC',4402,'YYJ','SFO','BCRJ',TO_TIMESTAMP_TZ('Jan 15, 1980 13:21 -08:00','MON DD, YYYY HH24:MI TZH:TZM'),TO_TIMESTAMP_TZ('Jan 15, 1980 15:34 -08:00','MON DD, YYYY HH24:MI TZH:TZM'));
INSERT INTO Departures VALUES((SELECT id FROM FlightInstances WHERE airlineCode='AC' AND flightNumber=4402 AND flightDate=TO_DATE('May 21, 2012', 'MON DD, YYYY')), '1', 'YYJ', TO_TIMESTAMP_TZ('May 21, 2012 13:21 -08:00', 'MON DD, YYYY HH24:MI TZH:TZM'), 'departed at 13:21');
INSERT INTO Arrivals VALUES((SELECT id FROM FlightInstances WHERE airlineCode='AC' AND flightNumber=4402 AND flightDate=TO_DATE('May 21, 2012', 'MON DD, YYYY')), 'A1', 'SFO', TO_TIMESTAMP_TZ('May 21, 2012 15:34 -08:00', 'MON DD, YYYY HH24:MI TZH:TZM'), 'arrived at 15:34');
-- INSERT INTO Flights VALUES ('AC',8556,'YYJ','YXE','BCRJ',TO_TIMESTAMP_TZ('Jan 15, 1980 15:00 -08:00','MON DD, YYYY HH24:MI TZH:TZM'),TO_TIMESTAMP_TZ('Jan 15, 1980 19:12 -06:00','MON DD, YYYY HH24:MI TZH:TZM'));
INSERT INTO Departures VALUES((SELECT id FROM FlightInstances WHERE airlineCode='AC' AND flightNumber=8556 AND flightDate=TO_DATE('May 21, 2012', 'MON DD, YYYY')), '1', 'YYJ', TO_TIMESTAMP_TZ('May 21, 2012 15:00 -08:00', 'MON DD, YYYY HH24:MI TZH:TZM'), 'departed at 15:00');
INSERT INTO Arrivals VALUES((SELECT id FROM FlightInstances WHERE airlineCode='AC' AND flightNumber=8556 AND flightDate=TO_DATE('May 21, 2012', 'MON DD, YYYY')), 'A1', 'YXE', TO_TIMESTAMP_TZ('May 21, 2012 19:12 -06:00', 'MON DD, YYYY HH24:MI TZH:TZM'), 'arrived at 19:12');
-- INSERT INTO Flights VALUES ('AC',190,'YYJ','YYZ','A319',TO_TIMESTAMP_TZ('Jan 15, 1980 06:45 -08:00','MON DD, YYYY HH24:MI TZH:TZM'),TO_TIMESTAMP_TZ('Jan 15, 1980 14:10 -05:00','MON DD, YYYY HH24:MI TZH:TZM'));
INSERT INTO Departures VALUES((SELECT id FROM FlightInstances WHERE airlineCode='AC' AND flightNumber=190 AND flightDate=TO_DATE('May 21, 2012', 'MON DD, YYYY')), '1', 'YYJ', TO_TIMESTAMP_TZ('May 21, 2012 06:45 -08:00', 'MON DD, YYYY HH24:MI TZH:TZM'), 'departed at 06:45');
INSERT INTO Arrivals VALUES((SELECT id FROM FlightInstances WHERE airlineCode='AC' AND flightNumber=190 AND flightDate=TO_DATE('May 21, 2012', 'MON DD, YYYY')), 'A8', 'YYZ', TO_TIMESTAMP_TZ('May 21, 2012 14:10 -05:00', 'MON DD, YYYY HH24:MI TZH:TZM'), 'arrived at 14:10');
-- INSERT INTO Flights VALUES ('AC',1186,'YYJ','YYZ','E90',TO_TIMESTAMP_TZ('Jan 15, 1980 12:00 -08:00','MON DD, YYYY HH24:MI TZH:TZM'),TO_TIMESTAMP_TZ('Jan 15, 1980 19:23 -05:00','MON DD, YYYY HH24:MI TZH:TZM'));
INSERT INTO Departures VALUES((SELECT id FROM FlightInstances WHERE airlineCode='AC' AND flightNumber=1186 AND flightDate=TO_DATE('May 21, 2012', 'MON DD, YYYY')), '1', 'YYJ', TO_TIMESTAMP_TZ('May 21, 2012 12:00 -08:00', 'MON DD, YYYY HH24:MI TZH:TZM'), 'departed at 12:00');
INSERT INTO Arrivals VALUES((SELECT id FROM FlightInstances WHERE airlineCode='AC' AND flightNumber=1186 AND flightDate=TO_DATE('May 21, 2012', 'MON DD, YYYY')), 'A8', 'YYZ', TO_TIMESTAMP_TZ('May 21, 2012 19:23 -05:00', 'MON DD, YYYY HH24:MI TZH:TZM'), 'arrived at 19:23');
-- INSERT INTO Flights VALUES ('AC',1192,'YYJ','YYZ','E90',TO_TIMESTAMP_TZ('Jan 15, 1980 23:50 -08:00','MON DD, YYYY HH24:MI TZH:TZM'),TO_TIMESTAMP_TZ('Jan 16, 1980 07:13 -05:00','MON DD, YYYY HH24:MI TZH:TZM'));
INSERT INTO Departures VALUES((SELECT id FROM FlightInstances WHERE airlineCode='AC' AND flightNumber=1192 AND flightDate=TO_DATE('May 21, 2012', 'MON DD, YYYY')), '1', 'YYJ', TO_TIMESTAMP_TZ('May 21, 2012 23:50 -08:00', 'MON DD, YYYY HH24:MI TZH:TZM'), 'departed at 23:50');
INSERT INTO Arrivals VALUES((SELECT id FROM FlightInstances WHERE airlineCode='AC' AND flightNumber=1192 AND flightDate=TO_DATE('May 21, 2012', 'MON DD, YYYY')), 'A8', 'YYZ', TO_TIMESTAMP_TZ('May 22, 2012 07:13 -05:00', 'MON DD, YYYY HH24:MI TZH:TZM'), 'arrived at 07:13');
-- INSERT INTO Flights VALUES ('AC',8050,'YYJ','YVR','BDH3',TO_TIMESTAMP_TZ('Jan 15, 1980 05:25 -08:00','MON DD, YYYY HH24:MI TZH:TZM'),TO_TIMESTAMP_TZ('Jan 15, 1980 05:48 -08:00','MON DD, YYYY HH24:MI TZH:TZM'));
INSERT INTO Departures VALUES((SELECT id FROM FlightInstances WHERE airlineCode='AC' AND flightNumber=8050 AND flightDate=TO_DATE('May 21, 2012', 'MON DD, YYYY')), '1', 'YYJ', TO_TIMESTAMP_TZ('May 21, 2012 05:25 -08:00', 'MON DD, YYYY HH24:MI TZH:TZM'), 'departed at 05:25');
INSERT INTO Arrivals VALUES((SELECT id FROM FlightInstances WHERE airlineCode='AC' AND flightNumber=8050 AND flightDate=TO_DATE('May 21, 2012', 'MON DD, YYYY')), 'A1', 'YVR', TO_TIMESTAMP_TZ('May 21, 2012 05:48 -08:00', 'MON DD, YYYY HH24:MI TZH:TZM'), 'arrived at 05:48');
-- INSERT INTO Flights VALUES ('AC',8054,'YYJ','YVR','BDH3',TO_TIMESTAMP_TZ('Jan 15, 1980 07:00 -08:00','MON DD, YYYY HH24:MI TZH:TZM'),TO_TIMESTAMP_TZ('Jan 15, 1980 07:23 -08:00','MON DD, YYYY HH24:MI TZH:TZM'));
INSERT INTO Departures VALUES((SELECT id FROM FlightInstances WHERE airlineCode='AC' AND flightNumber=8054 AND flightDate=TO_DATE('May 21, 2012', 'MON DD, YYYY')), '1', 'YYJ', TO_TIMESTAMP_TZ('May 21, 2012 07:00 -08:00', 'MON DD, YYYY HH24:MI TZH:TZM'), 'departed at 07:00');
INSERT INTO Arrivals VALUES((SELECT id FROM FlightInstances WHERE airlineCode='AC' AND flightNumber=8054 AND flightDate=TO_DATE('May 21, 2012', 'MON DD, YYYY')), 'A1', 'YVR', TO_TIMESTAMP_TZ('May 21, 2012 07:23 -08:00', 'MON DD, YYYY HH24:MI TZH:TZM'), 'arrived at 07:23');
-- INSERT INTO Flights VALUES ('AC',8056,'YYJ','YVR','BDH1',TO_TIMESTAMP_TZ('Jan 15, 1980 08:00 -08:00','MON DD, YYYY HH24:MI TZH:TZM'),TO_TIMESTAMP_TZ('Jan 15, 1980 08:23 -08:00','MON DD, YYYY HH24:MI TZH:TZM'));
INSERT INTO Departures VALUES((SELECT id FROM FlightInstances WHERE airlineCode='AC' AND flightNumber=8056 AND flightDate=TO_DATE('May 21, 2012', 'MON DD, YYYY')), '1', 'YYJ', TO_TIMESTAMP_TZ('May 21, 2012 08:00 -08:00', 'MON DD, YYYY HH24:MI TZH:TZM'), 'departed at 08:00');
INSERT INTO Arrivals VALUES((SELECT id FROM FlightInstances WHERE airlineCode='AC' AND flightNumber=8056 AND flightDate=TO_DATE('May 21, 2012', 'MON DD, YYYY')), 'A1', 'YVR', TO_TIMESTAMP_TZ('May 21, 2012 08:23 -08:00', 'MON DD, YYYY HH24:MI TZH:TZM'), 'arrived at 08:23');
-- INSERT INTO Flights VALUES ('AC',8058,'YYJ','YVR','BDH1',TO_TIMESTAMP_TZ('Jan 15, 1980 09:00 -08:00','MON DD, YYYY HH24:MI TZH:TZM'),TO_TIMESTAMP_TZ('Jan 15, 1980 09:23 -08:00','MON DD, YYYY HH24:MI TZH:TZM'));
INSERT INTO Departures VALUES((SELECT id FROM FlightInstances WHERE airlineCode='AC' AND flightNumber=8058 AND flightDate=TO_DATE('May 21, 2012', 'MON DD, YYYY')), '1', 'YYJ', TO_TIMESTAMP_TZ('May 21, 2012 09:00 -08:00', 'MON DD, YYYY HH24:MI TZH:TZM'), 'departed at 09:00');
INSERT INTO Arrivals VALUES((SELECT id FROM FlightInstances WHERE airlineCode='AC' AND flightNumber=8058 AND flightDate=TO_DATE('May 21, 2012', 'MON DD, YYYY')), 'A1', 'YVR', TO_TIMESTAMP_TZ('May 21, 2012 09:23 -08:00', 'MON DD, YYYY HH24:MI TZH:TZM'), 'arrived at 09:23');
-- INSERT INTO Flights VALUES ('AC',8060,'YYJ','YVR','BDH1',TO_TIMESTAMP_TZ('Jan 15, 1980 10:00 -08:00','MON DD, YYYY HH24:MI TZH:TZM'),TO_TIMESTAMP_TZ('Jan 15, 1980 10:23 -08:00','MON DD, YYYY HH24:MI TZH:TZM'));
INSERT INTO Departures VALUES((SELECT id FROM FlightInstances WHERE airlineCode='AC' AND flightNumber=8060 AND flightDate=TO_DATE('May 21, 2012', 'MON DD, YYYY')), '1', 'YYJ', TO_TIMESTAMP_TZ('May 21, 2012 10:00 -08:00', 'MON DD, YYYY HH24:MI TZH:TZM'), 'departed at 10:00');
INSERT INTO Arrivals VALUES((SELECT id FROM FlightInstances WHERE airlineCode='AC' AND flightNumber=8060 AND flightDate=TO_DATE('May 21, 2012', 'MON DD, YYYY')), 'A1', 'YVR', TO_TIMESTAMP_TZ('May 21, 2012 10:23 -08:00', 'MON DD, YYYY HH24:MI TZH:TZM'), 'arrived at 10:23');
-- INSERT INTO Flights VALUES ('AC',8062,'YYJ','YVR','BDH1',TO_TIMESTAMP_TZ('Jan 15, 1980 11:00 -08:00','MON DD, YYYY HH24:MI TZH:TZM'),TO_TIMESTAMP_TZ('Jan 15, 1980 11:23 -08:00','MON DD, YYYY HH24:MI TZH:TZM'));
INSERT INTO Departures VALUES((SELECT id FROM FlightInstances WHERE airlineCode='AC' AND flightNumber=8062 AND flightDate=TO_DATE('May 21, 2012', 'MON DD, YYYY')), '1', 'YYJ', TO_TIMESTAMP_TZ('May 21, 2012 11:00 -08:00', 'MON DD, YYYY HH24:MI TZH:TZM'), 'departed at 11:00');
INSERT INTO Arrivals VALUES((SELECT id FROM FlightInstances WHERE airlineCode='AC' AND flightNumber=8062 AND flightDate=TO_DATE('May 21, 2012', 'MON DD, YYYY')), 'A1', 'YVR', TO_TIMESTAMP_TZ('May 21, 2012 11:23 -08:00', 'MON DD, YYYY HH24:MI TZH:TZM'), 'arrived at 11:23');
-- INSERT INTO Flights VALUES ('AC',8064,'YYJ','YVR','BDH1',TO_TIMESTAMP_TZ('Jan 15, 1980 12:00 -08:00','MON DD, YYYY HH24:MI TZH:TZM'),TO_TIMESTAMP_TZ('Jan 15, 1980 12:23 -08:00','MON DD, YYYY HH24:MI TZH:TZM'));
INSERT INTO Departures VALUES((SELECT id FROM FlightInstances WHERE airlineCode='AC' AND flightNumber=8064 AND flightDate=TO_DATE('May 21, 2012', 'MON DD, YYYY')), '1', 'YYJ', TO_TIMESTAMP_TZ('May 21, 2012 12:00 -08:00', 'MON DD, YYYY HH24:MI TZH:TZM'), 'departed at 12:00');
INSERT INTO Arrivals VALUES((SELECT id FROM FlightInstances WHERE airlineCode='AC' AND flightNumber=8064 AND flightDate=TO_DATE('May 21, 2012', 'MON DD, YYYY')), 'A1', 'YVR', TO_TIMESTAMP_TZ('May 21, 2012 12:23 -08:00', 'MON DD, YYYY HH24:MI TZH:TZM'), 'arrived at 12:23');
-- INSERT INTO Flights VALUES ('AC',8052,'YYJ','YVR','BDH3',TO_TIMESTAMP_TZ('Jan 15, 1980 12:30 -08:00','MON DD, YYYY HH24:MI TZH:TZM'),TO_TIMESTAMP_TZ('Jan 15, 1980 12:53 -08:00','MON DD, YYYY HH24:MI TZH:TZM'));
INSERT INTO Departures VALUES((SELECT id FROM FlightInstances WHERE airlineCode='AC' AND flightNumber=8052 AND flightDate=TO_DATE('May 21, 2012', 'MON DD, YYYY')), '1', 'YYJ', TO_TIMESTAMP_TZ('May 21, 2012 12:30 -08:00', 'MON DD, YYYY HH24:MI TZH:TZM'), 'departed at 12:30');
INSERT INTO Arrivals VALUES((SELECT id FROM FlightInstances WHERE airlineCode='AC' AND flightNumber=8052 AND flightDate=TO_DATE('May 21, 2012', 'MON DD, YYYY')), 'A1', 'YVR', TO_TIMESTAMP_TZ('May 21, 2012 12:53 -08:00', 'MON DD, YYYY HH24:MI TZH:TZM'), 'arrived at 12:53');
-- INSERT INTO Flights VALUES ('AC',8174,'YYJ','YVR','BDH1',TO_TIMESTAMP_TZ('Jan 15, 1980 12:30 -08:00','MON DD, YYYY HH24:MI TZH:TZM'),TO_TIMESTAMP_TZ('Jan 15, 1980 12:53 -08:00','MON DD, YYYY HH24:MI TZH:TZM'));
INSERT INTO Departures VALUES((SELECT id FROM FlightInstances WHERE airlineCode='AC' AND flightNumber=8174 AND flightDate=TO_DATE('May 21, 2012', 'MON DD, YYYY')), '1', 'YYJ', TO_TIMESTAMP_TZ('May 21, 2012 12:30 -08:00', 'MON DD, YYYY HH24:MI TZH:TZM'), 'departed at 12:30');
INSERT INTO Arrivals VALUES((SELECT id FROM FlightInstances WHERE airlineCode='AC' AND flightNumber=8174 AND flightDate=TO_DATE('May 21, 2012', 'MON DD, YYYY')), 'A1', 'YVR', TO_TIMESTAMP_TZ('May 21, 2012 12:53 -08:00', 'MON DD, YYYY HH24:MI TZH:TZM'), 'arrived at 12:53');
-- INSERT INTO Flights VALUES ('AC',8066,'YYJ','YVR','BDH3',TO_TIMESTAMP_TZ('Jan 15, 1980 13:00 -08:00','MON DD, YYYY HH24:MI TZH:TZM'),TO_TIMESTAMP_TZ('Jan 15, 1980 13:23 -08:00','MON DD, YYYY HH24:MI TZH:TZM'));
INSERT INTO Departures VALUES((SELECT id FROM FlightInstances WHERE airlineCode='AC' AND flightNumber=8066 AND flightDate=TO_DATE('May 21, 2012', 'MON DD, YYYY')), '1', 'YYJ', TO_TIMESTAMP_TZ('May 21, 2012 13:00 -08:00', 'MON DD, YYYY HH24:MI TZH:TZM'), 'departed at 13:00');
INSERT INTO Arrivals VALUES((SELECT id FROM FlightInstances WHERE airlineCode='AC' AND flightNumber=8066 AND flightDate=TO_DATE('May 21, 2012', 'MON DD, YYYY')), 'A1', 'YVR', TO_TIMESTAMP_TZ('May 21, 2012 13:23 -08:00', 'MON DD, YYYY HH24:MI TZH:TZM'), 'arrived at 13:23');
-- INSERT INTO Flights VALUES ('AC',8068,'YYJ','YVR','BDH3',TO_TIMESTAMP_TZ('Jan 15, 1980 14:00 -08:00','MON DD, YYYY HH24:MI TZH:TZM'),TO_TIMESTAMP_TZ('Jan 15, 1980 14:23 -08:00','MON DD, YYYY HH24:MI TZH:TZM'));
INSERT INTO Departures VALUES((SELECT id FROM FlightInstances WHERE airlineCode='AC' AND flightNumber=8068 AND flightDate=TO_DATE('May 21, 2012', 'MON DD, YYYY')), '1', 'YYJ', TO_TIMESTAMP_TZ('May 21, 2012 14:00 -08:00', 'MON DD, YYYY HH24:MI TZH:TZM'), 'departed at 14:00');
INSERT INTO Arrivals VALUES((SELECT id FROM FlightInstances WHERE airlineCode='AC' AND flightNumber=8068 AND flightDate=TO_DATE('May 21, 2012', 'MON DD, YYYY')), 'A1', 'YVR', TO_TIMESTAMP_TZ('May 21, 2012 14:23 -08:00', 'MON DD, YYYY HH24:MI TZH:TZM'), 'arrived at 14:23');
-- INSERT INTO Flights VALUES ('AC',8084,'YYJ','YVR','BDH3',TO_TIMESTAMP_TZ('Jan 15, 1980 14:30 -08:00','MON DD, YYYY HH24:MI TZH:TZM'),TO_TIMESTAMP_TZ('Jan 15, 1980 14:53 -08:00','MON DD, YYYY HH24:MI TZH:TZM'));
INSERT INTO Departures VALUES((SELECT id FROM FlightInstances WHERE airlineCode='AC' AND flightNumber=8084 AND flightDate=TO_DATE('May 21, 2012', 'MON DD, YYYY')), '1', 'YYJ', TO_TIMESTAMP_TZ('May 21, 2012 15:00 -08:00', 'MON DD, YYYY HH24:MI TZH:TZM'), 'delayed to 15:00');
INSERT INTO Arrivals VALUES((SELECT id FROM FlightInstances WHERE airlineCode='AC' AND flightNumber=8084 AND flightDate=TO_DATE('May 21, 2012', 'MON DD, YYYY')), 'A1', 'YVR', TO_TIMESTAMP_TZ('May 21, 2012 15:25 -08:00', 'MON DD, YYYY HH24:MI TZH:TZM'), 'delayed to 15:25');
-- INSERT INTO Flights VALUES ('AC',8070,'YYJ','YVR','BDH1',TO_TIMESTAMP_TZ('Jan 15, 1980 15:00 -08:00','MON DD, YYYY HH24:MI TZH:TZM'),TO_TIMESTAMP_TZ('Jan 15, 1980 15:23 -08:00','MON DD, YYYY HH24:MI TZH:TZM'));
INSERT INTO Departures VALUES((SELECT id FROM FlightInstances WHERE airlineCode='AC' AND flightNumber=8070 AND flightDate=TO_DATE('May 21, 2012', 'MON DD, YYYY')), '1', 'YYJ', TO_TIMESTAMP_TZ('May 21, 2012 15:00 -08:00', 'MON DD, YYYY HH24:MI TZH:TZM'), 'departed at 15:00');
INSERT INTO Arrivals VALUES((SELECT id FROM FlightInstances WHERE airlineCode='AC' AND flightNumber=8070 AND flightDate=TO_DATE('May 21, 2012', 'MON DD, YYYY')), 'A1', 'YVR', TO_TIMESTAMP_TZ('May 21, 2012 15:23 -08:00', 'MON DD, YYYY HH24:MI TZH:TZM'), 'arrived at 15:23');
-- INSERT INTO Flights VALUES ('AC',8072,'YYJ','YVR','BDH3',TO_TIMESTAMP_TZ('Jan 15, 1980 16:00 -08:00','MON DD, YYYY HH24:MI TZH:TZM'),TO_TIMESTAMP_TZ('Jan 15, 1980 16:23 -08:00','MON DD, YYYY HH24:MI TZH:TZM'));
INSERT INTO Departures VALUES((SELECT id FROM FlightInstances WHERE airlineCode='AC' AND flightNumber=8072 AND flightDate=TO_DATE('May 21, 2012', 'MON DD, YYYY')), '1', 'YYJ', TO_TIMESTAMP_TZ('May 21, 2012 16:00 -08:00', 'MON DD, YYYY HH24:MI TZH:TZM'), 'departed at 16:00');
INSERT INTO Arrivals VALUES((SELECT id FROM FlightInstances WHERE airlineCode='AC' AND flightNumber=8072 AND flightDate=TO_DATE('May 21, 2012', 'MON DD, YYYY')), 'A1', 'YVR', TO_TIMESTAMP_TZ('May 21, 2012 16:23 -08:00', 'MON DD, YYYY HH24:MI TZH:TZM'), 'arrived at 16:23');
-- INSERT INTO Flights VALUES ('AC',8086,'YYJ','YVR','BDH3',TO_TIMESTAMP_TZ('Jan 15, 1980 16:30 -08:00','MON DD, YYYY HH24:MI TZH:TZM'),TO_TIMESTAMP_TZ('Jan 15, 1980 16:53 -08:00','MON DD, YYYY HH24:MI TZH:TZM'));
INSERT INTO Departures VALUES((SELECT id FROM FlightInstances WHERE airlineCode='AC' AND flightNumber=8086 AND flightDate=TO_DATE('May 21, 2012', 'MON DD, YYYY')), '1', 'YYJ', TO_TIMESTAMP_TZ('May 21, 2012 16:30 -08:00', 'MON DD, YYYY HH24:MI TZH:TZM'), 'departed at 16:30');
INSERT INTO Arrivals VALUES((SELECT id FROM FlightInstances WHERE airlineCode='AC' AND flightNumber=8086 AND flightDate=TO_DATE('May 21, 2012', 'MON DD, YYYY')), 'A1', 'YVR', TO_TIMESTAMP_TZ('May 21, 2012 16:53 -08:00', 'MON DD, YYYY HH24:MI TZH:TZM'), 'arrived at 16:53');
-- INSERT INTO Flights VALUES ('AC',8074,'YYJ','YVR','BDH3',TO_TIMESTAMP_TZ('Jan 15, 1980 17:00 -08:00','MON DD, YYYY HH24:MI TZH:TZM'),TO_TIMESTAMP_TZ('Jan 15, 1980 17:23 -08:00','MON DD, YYYY HH24:MI TZH:TZM'));
INSERT INTO Departures VALUES((SELECT id FROM FlightInstances WHERE airlineCode='AC' AND flightNumber=8074 AND flightDate=TO_DATE('May 21, 2012', 'MON DD, YYYY')), '1', 'YYJ', TO_TIMESTAMP_TZ('May 21, 2012 17:00 -08:00', 'MON DD, YYYY HH24:MI TZH:TZM'), 'departed at 17:00');
INSERT INTO Arrivals VALUES((SELECT id FROM FlightInstances WHERE airlineCode='AC' AND flightNumber=8074 AND flightDate=TO_DATE('May 21, 2012', 'MON DD, YYYY')), 'A1', 'YVR', TO_TIMESTAMP_TZ('May 21, 2012 17:23 -08:00', 'MON DD, YYYY HH24:MI TZH:TZM'), 'arrived at 17:23');
-- INSERT INTO Flights VALUES ('AC',8076,'YYJ','YVR','BDH3',TO_TIMESTAMP_TZ('Jan 15, 1980 18:00 -08:00','MON DD, YYYY HH24:MI TZH:TZM'),TO_TIMESTAMP_TZ('Jan 15, 1980 18:23 -08:00','MON DD, YYYY HH24:MI TZH:TZM'));
INSERT INTO Departures VALUES((SELECT id FROM FlightInstances WHERE airlineCode='AC' AND flightNumber=8076 AND flightDate=TO_DATE('May 21, 2012', 'MON DD, YYYY')), '1', 'YYJ', TO_TIMESTAMP_TZ('May 21, 2012 18:00 -08:00', 'MON DD, YYYY HH24:MI TZH:TZM'), 'departed at 18:00');
INSERT INTO Arrivals VALUES((SELECT id FROM FlightInstances WHERE airlineCode='AC' AND flightNumber=8076 AND flightDate=TO_DATE('May 21, 2012', 'MON DD, YYYY')), 'A1', 'YVR', TO_TIMESTAMP_TZ('May 21, 2012 18:23 -08:00', 'MON DD, YYYY HH24:MI TZH:TZM'), 'arrived at 18:23');
-- INSERT INTO Flights VALUES ('AC',8078,'YYJ','YVR','BDH3',TO_TIMESTAMP_TZ('Jan 15, 1980 19:00 -08:00','MON DD, YYYY HH24:MI TZH:TZM'),TO_TIMESTAMP_TZ('Jan 15, 1980 19:23 -08:00','MON DD, YYYY HH24:MI TZH:TZM'));
INSERT INTO Departures VALUES((SELECT id FROM FlightInstances WHERE airlineCode='AC' AND flightNumber=8078 AND flightDate=TO_DATE('May 21, 2012', 'MON DD, YYYY')), '1', 'YYJ', TO_TIMESTAMP_TZ('May 21, 2012 19:00 -08:00', 'MON DD, YYYY HH24:MI TZH:TZM'), 'departed at 19:00');
INSERT INTO Arrivals VALUES((SELECT id FROM FlightInstances WHERE airlineCode='AC' AND flightNumber=8078 AND flightDate=TO_DATE('May 21, 2012', 'MON DD, YYYY')), 'A1', 'YVR', TO_TIMESTAMP_TZ('May 21, 2012 19:23 -08:00', 'MON DD, YYYY HH24:MI TZH:TZM'), 'arrived at 19:23');
-- INSERT INTO Flights VALUES ('AC',8080,'YYJ','YVR','BDH3',TO_TIMESTAMP_TZ('Jan 15, 1980 20:00 -08:00','MON DD, YYYY HH24:MI TZH:TZM'),TO_TIMESTAMP_TZ('Jan 15, 1980 20:23 -08:00','MON DD, YYYY HH24:MI TZH:TZM'));
INSERT INTO Departures VALUES((SELECT id FROM FlightInstances WHERE airlineCode='AC' AND flightNumber=8080 AND flightDate=TO_DATE('May 21, 2012', 'MON DD, YYYY')), '1', 'YYJ', TO_TIMESTAMP_TZ('May 21, 2012 20:00 -08:00', 'MON DD, YYYY HH24:MI TZH:TZM'), 'departed at 20:00');
INSERT INTO Arrivals VALUES((SELECT id FROM FlightInstances WHERE airlineCode='AC' AND flightNumber=8080 AND flightDate=TO_DATE('May 21, 2012', 'MON DD, YYYY')), 'A1', 'YVR', TO_TIMESTAMP_TZ('May 21, 2012 20:23 -08:00', 'MON DD, YYYY HH24:MI TZH:TZM'), 'arrived at 20:23');
-- INSERT INTO Flights VALUES ('WS',354,'YYJ','YYC','B737',TO_TIMESTAMP_TZ('Jan 15, 1980 07:00 -08:00','MON DD, YYYY HH24:MI TZH:TZM'),TO_TIMESTAMP_TZ('Jan 15, 1980 09:19 -07:00','MON DD, YYYY HH24:MI TZH:TZM'));
INSERT INTO Departures VALUES((SELECT id FROM FlightInstances WHERE airlineCode='WS' AND flightNumber=354 AND flightDate=TO_DATE('May 21, 2012', 'MON DD, YYYY')), '1', 'YYJ', TO_TIMESTAMP_TZ('May 21, 2012 07:00 -08:00', 'MON DD, YYYY HH24:MI TZH:TZM'), 'departed at 07:00');
INSERT INTO Arrivals VALUES((SELECT id FROM FlightInstances WHERE airlineCode='WS' AND flightNumber=354 AND flightDate=TO_DATE('May 21, 2012', 'MON DD, YYYY')), 'A1', 'YYC', TO_TIMESTAMP_TZ('May 21, 2012 09:19 -07:00', 'MON DD, YYYY HH24:MI TZH:TZM'), 'arrived at 09:19');
-- INSERT INTO Flights VALUES ('WS',196,'YYJ','YYC','B737',TO_TIMESTAMP_TZ('Jan 15, 1980 12:40 -08:00','MON DD, YYYY HH24:MI TZH:TZM'),TO_TIMESTAMP_TZ('Jan 15, 1980 14:59 -07:00','MON DD, YYYY HH24:MI TZH:TZM'));
INSERT INTO Departures VALUES((SELECT id FROM FlightInstances WHERE airlineCode='WS' AND flightNumber=196 AND flightDate=TO_DATE('May 21, 2012', 'MON DD, YYYY')), '1', 'YYJ', TO_TIMESTAMP_TZ('May 21, 2012 12:40 -08:00', 'MON DD, YYYY HH24:MI TZH:TZM'), 'departed at 12:40');
INSERT INTO Arrivals VALUES((SELECT id FROM FlightInstances WHERE airlineCode='WS' AND flightNumber=196 AND flightDate=TO_DATE('May 21, 2012', 'MON DD, YYYY')), 'A1', 'YYC', TO_TIMESTAMP_TZ('May 21, 2012 14:59 -07:00', 'MON DD, YYYY HH24:MI TZH:TZM'), 'arrived at 14:59');
-- INSERT INTO Flights VALUES ('WS',502,'YYJ','YYC','B737',TO_TIMESTAMP_TZ('Jan 15, 1980 18:10 -08:00','MON DD, YYYY HH24:MI TZH:TZM'),TO_TIMESTAMP_TZ('Jan 15, 1980 20:29 -07:00','MON DD, YYYY HH24:MI TZH:TZM'));
INSERT INTO Departures VALUES((SELECT id FROM FlightInstances WHERE airlineCode='WS' AND flightNumber=502 AND flightDate=TO_DATE('May 21, 2012', 'MON DD, YYYY')), '1', 'YYJ', TO_TIMESTAMP_TZ('May 21, 2012 18:10 -08:00', 'MON DD, YYYY HH24:MI TZH:TZM'), 'departed at 18:10');
INSERT INTO Arrivals VALUES((SELECT id FROM FlightInstances WHERE airlineCode='WS' AND flightNumber=502 AND flightDate=TO_DATE('May 21, 2012', 'MON DD, YYYY')), 'A1', 'YYC', TO_TIMESTAMP_TZ('May 21, 2012 20:29 -07:00', 'MON DD, YYYY HH24:MI TZH:TZM'), 'arrived at 20:29');
-- INSERT INTO Flights VALUES ('WS',508,'YYJ','YYC','B738',TO_TIMESTAMP_TZ('Jan 15, 1980 20:10 -08:00','MON DD, YYYY HH24:MI TZH:TZM'),TO_TIMESTAMP_TZ('Jan 15, 1980 22:29 -07:00','MON DD, YYYY HH24:MI TZH:TZM'));
INSERT INTO Departures VALUES((SELECT id FROM FlightInstances WHERE airlineCode='WS' AND flightNumber=508 AND flightDate=TO_DATE('May 21, 2012', 'MON DD, YYYY')), '1', 'YYJ', TO_TIMESTAMP_TZ('May 21, 2012 20:10 -08:00', 'MON DD, YYYY HH24:MI TZH:TZM'), 'departed at 20:10');
INSERT INTO Arrivals VALUES((SELECT id FROM FlightInstances WHERE airlineCode='WS' AND flightNumber=508 AND flightDate=TO_DATE('May 21, 2012', 'MON DD, YYYY')), 'A1', 'YYC', TO_TIMESTAMP_TZ('May 21, 2012 22:29 -07:00', 'MON DD, YYYY HH24:MI TZH:TZM'), 'arrived at 22:29');
-- INSERT INTO Flights VALUES ('WS',614,'YYJ','YEG','B737',TO_TIMESTAMP_TZ('Jan 15, 1980 09:00 -08:00','MON DD, YYYY HH24:MI TZH:TZM'),TO_TIMESTAMP_TZ('Jan 15, 1980 11:28 -07:00','MON DD, YYYY HH24:MI TZH:TZM'));
INSERT INTO Departures VALUES((SELECT id FROM FlightInstances WHERE airlineCode='WS' AND flightNumber=614 AND flightDate=TO_DATE('May 21, 2012', 'MON DD, YYYY')), '1', 'YYJ', TO_TIMESTAMP_TZ('May 21, 2012 09:00 -08:00', 'MON DD, YYYY HH24:MI TZH:TZM'), 'departed at 09:00');
INSERT INTO Arrivals VALUES((SELECT id FROM FlightInstances WHERE airlineCode='WS' AND flightNumber=614 AND flightDate=TO_DATE('May 21, 2012', 'MON DD, YYYY')), 'A1', 'YEG', TO_TIMESTAMP_TZ('May 21, 2012 11:28 -07:00', 'MON DD, YYYY HH24:MI TZH:TZM'), 'arrived at 11:28');
-- INSERT INTO Flights VALUES ('WS',336,'YYJ','YEG','B737',TO_TIMESTAMP_TZ('Jan 15, 1980 14:00 -08:00','MON DD, YYYY HH24:MI TZH:TZM'),TO_TIMESTAMP_TZ('Jan 15, 1980 16:28 -07:00','MON DD, YYYY HH24:MI TZH:TZM'));
INSERT INTO Departures VALUES((SELECT id FROM FlightInstances WHERE airlineCode='WS' AND flightNumber=336 AND flightDate=TO_DATE('May 21, 2012', 'MON DD, YYYY')), '1', 'YYJ', TO_TIMESTAMP_TZ('May 21, 2012 14:00 -08:00', 'MON DD, YYYY HH24:MI TZH:TZM'), 'departed at 14:00');
INSERT INTO Arrivals VALUES((SELECT id FROM FlightInstances WHERE airlineCode='WS' AND flightNumber=336 AND flightDate=TO_DATE('May 21, 2012', 'MON DD, YYYY')), 'A1', 'YEG', TO_TIMESTAMP_TZ('May 21, 2012 16:28 -07:00', 'MON DD, YYYY HH24:MI TZH:TZM'), 'arrived at 16:28');
-- INSERT INTO Flights VALUES ('WS',192,'YYJ','YEG','B737',TO_TIMESTAMP_TZ('Jan 15, 1980 19:30 -08:00','MON DD, YYYY HH24:MI TZH:TZM'),TO_TIMESTAMP_TZ('Jan 15, 1980 21:58 -07:00','MON DD, YYYY HH24:MI TZH:TZM'));
INSERT INTO Departures VALUES((SELECT id FROM FlightInstances WHERE airlineCode='WS' AND flightNumber=192 AND flightDate=TO_DATE('May 21, 2012', 'MON DD, YYYY')), '1', 'YYJ', TO_TIMESTAMP_TZ('May 21, 2012 19:30 -08:00', 'MON DD, YYYY HH24:MI TZH:TZM'), 'departed at 19:30');
INSERT INTO Arrivals VALUES((SELECT id FROM FlightInstances WHERE airlineCode='WS' AND flightNumber=192 AND flightDate=TO_DATE('May 21, 2012', 'MON DD, YYYY')), 'A1', 'YEG', TO_TIMESTAMP_TZ('May 21, 2012 21:58 -07:00', 'MON DD, YYYY HH24:MI TZH:TZM'), 'arrived at 21:58');
-- INSERT INTO Flights VALUES ('WS',312,'YYJ','YLW','B737',TO_TIMESTAMP_TZ('Jan 15, 1980 09:15 -08:00','MON DD, YYYY HH24:MI TZH:TZM'),TO_TIMESTAMP_TZ('Jan 15, 1980 10:13 -08:00','MON DD, YYYY HH24:MI TZH:TZM'));
INSERT INTO Departures VALUES((SELECT id FROM FlightInstances WHERE airlineCode='WS' AND flightNumber=312 AND flightDate=TO_DATE('May 21, 2012', 'MON DD, YYYY')), '1', 'YYJ', TO_TIMESTAMP_TZ('May 21, 2012 09:15 -08:00', 'MON DD, YYYY HH24:MI TZH:TZM'), 'departed at 19:30');
INSERT INTO Arrivals VALUES((SELECT id FROM FlightInstances WHERE airlineCode='WS' AND flightNumber=312 AND flightDate=TO_DATE('May 21, 2012', 'MON DD, YYYY')), '1', 'YLW', TO_TIMESTAMP_TZ('May 21, 2012 10:13 -08:00', 'MON DD, YYYY HH24:MI TZH:TZM'), 'arrived at 21:58');
-- INSERT INTO Flights VALUES ('WS',650,'YYJ','YYZ','B737',TO_TIMESTAMP_TZ('Jan 15, 1980 11:35 -08:00','MON DD, YYYY HH24:MI TZH:TZM'),TO_TIMESTAMP_TZ('Jan 15, 1980 19:00 -05:00','MON DD, YYYY HH24:MI TZH:TZM'));
INSERT INTO Departures VALUES((SELECT id FROM FlightInstances WHERE airlineCode='WS' AND flightNumber=650 AND flightDate=TO_DATE('May 21, 2012', 'MON DD, YYYY')), '1', 'YYJ', TO_TIMESTAMP_TZ('May 21, 2012 11:35 -08:00', 'MON DD, YYYY HH24:MI TZH:TZM'), 'departed at 11:35');
INSERT INTO Arrivals VALUES((SELECT id FROM FlightInstances WHERE airlineCode='WS' AND flightNumber=650 AND flightDate=TO_DATE('May 21, 2012', 'MON DD, YYYY')), 'A8', 'YYZ', TO_TIMESTAMP_TZ('May 21, 2012 19:00 -05:00', 'MON DD, YYYY HH24:MI TZH:TZM'), 'arrived at 19:00');
-- INSERT INTO Flights VALUES ('WS',197,'YLW','YYJ','B737',TO_TIMESTAMP_TZ('Jan 15, 1980 18:00 -08:00','MON DD, YYYY HH24:MI TZH:TZM'),TO_TIMESTAMP_TZ('Jan 15, 1980 18:55 -08:00','MON DD, YYYY HH24:MI TZH:TZM'));
INSERT INTO Departures VALUES((SELECT id FROM FlightInstances WHERE airlineCode='WS' AND flightNumber=197 AND flightDate=TO_DATE('May 21, 2012', 'MON DD, YYYY')), '1', 'YLW', TO_TIMESTAMP_TZ('May 21, 2012 18:00 -08:00', 'MON DD, YYYY HH24:MI TZH:TZM'), 'departed at 18:00');
INSERT INTO Arrivals VALUES((SELECT id FROM FlightInstances WHERE airlineCode='WS' AND flightNumber=197 AND flightDate=TO_DATE('May 21, 2012', 'MON DD, YYYY')), '1', 'YYJ', TO_TIMESTAMP_TZ('May 21, 2012 18:55 -08:00', 'MON DD, YYYY HH24:MI TZH:TZM'), 'arrived at 18:55');
-- INSERT INTO Flights VALUES ('WS',546,'YYZ','YYJ','B737',TO_TIMESTAMP_TZ('Jan 15, 1980 08:45 -05:00','MON DD, YYYY HH24:MI TZH:TZM'),TO_TIMESTAMP_TZ('Jan 15, 1980 10:51 -08:00','MON DD, YYYY HH24:MI TZH:TZM'));
INSERT INTO Departures VALUES((SELECT id FROM FlightInstances WHERE airlineCode='WS' AND flightNumber=546 AND flightDate=TO_DATE('May 21, 2012', 'MON DD, YYYY')), 'A8', 'YYZ', TO_TIMESTAMP_TZ('May 21, 2012 08:45 -05:00', 'MON DD, YYYY HH24:MI TZH:TZM'), 'departed at 08:45');
INSERT INTO Arrivals VALUES((SELECT id FROM FlightInstances WHERE airlineCode='WS' AND flightNumber=546 AND flightDate=TO_DATE('May 21, 2012', 'MON DD, YYYY')), '1', 'YYJ', TO_TIMESTAMP_TZ('May 21, 2012 10:51 -08:00', 'MON DD, YYYY HH24:MI TZH:TZM'), 'arrived at 10:51');
-- INSERT INTO Flights VALUES ('WS',413,'YEG','YYJ','B737',TO_TIMESTAMP_TZ('Jan 15, 1980 08:05 -07:00','MON DD, YYYY HH24:MI TZH:TZM'),TO_TIMESTAMP_TZ('Jan 15, 1980 08:40 -08:00','MON DD, YYYY HH24:MI TZH:TZM'));
INSERT INTO Departures VALUES((SELECT id FROM FlightInstances WHERE airlineCode='WS' AND flightNumber=413 AND flightDate=TO_DATE('May 21, 2012', 'MON DD, YYYY')), 'A1', 'YEG', TO_TIMESTAMP_TZ('May 21, 2012 08:05 -07:00', 'MON DD, YYYY HH24:MI TZH:TZM'), 'departed at 08:05');
INSERT INTO Arrivals VALUES((SELECT id FROM FlightInstances WHERE airlineCode='WS' AND flightNumber=413 AND flightDate=TO_DATE('May 21, 2012', 'MON DD, YYYY')), '1', 'YYJ', TO_TIMESTAMP_TZ('May 21, 2012 08:40 -08:00', 'MON DD, YYYY HH24:MI TZH:TZM'), 'arrived at 08:40');
-- INSERT INTO Flights VALUES ('WS',335,'YEG','YYJ','B737',TO_TIMESTAMP_TZ('Jan 15, 1980 11:30 -07:00','MON DD, YYYY HH24:MI TZH:TZM'),TO_TIMESTAMP_TZ('Jan 15, 1980 12:05 -08:00','MON DD, YYYY HH24:MI TZH:TZM'));
INSERT INTO Departures VALUES((SELECT id FROM FlightInstances WHERE airlineCode='WS' AND flightNumber=335 AND flightDate=TO_DATE('May 21, 2012', 'MON DD, YYYY')), 'A1', 'YEG', TO_TIMESTAMP_TZ('May 21, 2012 11:30 -07:00', 'MON DD, YYYY HH24:MI TZH:TZM'), 'departed at 11:30');
INSERT INTO Arrivals VALUES((SELECT id FROM FlightInstances WHERE airlineCode='WS' AND flightNumber=335 AND flightDate=TO_DATE('May 21, 2012', 'MON DD, YYYY')), '1', 'YYJ', TO_TIMESTAMP_TZ('May 21, 2012 12:05 -08:00', 'MON DD, YYYY HH24:MI TZH:TZM'), 'arrived at 12:05');
-- INSERT INTO Flights VALUES ('WS',615,'YEG','YYJ','B737',TO_TIMESTAMP_TZ('Jan 15, 1980 17:00 -07:00','MON DD, YYYY HH24:MI TZH:TZM'),TO_TIMESTAMP_TZ('Jan 15, 1980 17:35 -08:00','MON DD, YYYY HH24:MI TZH:TZM'));
INSERT INTO Departures VALUES((SELECT id FROM FlightInstances WHERE airlineCode='WS' AND flightNumber=615 AND flightDate=TO_DATE('May 21, 2012', 'MON DD, YYYY')), 'A1', 'YEG', TO_TIMESTAMP_TZ('May 21, 2012 17:00 -07:00', 'MON DD, YYYY HH24:MI TZH:TZM'), 'departed at 17:00');
INSERT INTO Arrivals VALUES((SELECT id FROM FlightInstances WHERE airlineCode='WS' AND flightNumber=615 AND flightDate=TO_DATE('May 21, 2012', 'MON DD, YYYY')), '1', 'YYJ', TO_TIMESTAMP_TZ('May 21, 2012 17:35 -08:00', 'MON DD, YYYY HH24:MI TZH:TZM'), 'arrived at 17:35');
-- INSERT INTO Flights VALUES ('WS',209,'YYC','YYJ','B737',TO_TIMESTAMP_TZ('Jan 15, 1980 08:00 -07:00','MON DD, YYYY HH24:MI TZH:TZM'),TO_TIMESTAMP_TZ('Jan 15, 1980 08:27 -08:00','MON DD, YYYY HH24:MI TZH:TZM'));
INSERT INTO Departures VALUES((SELECT id FROM FlightInstances WHERE airlineCode='WS' AND flightNumber=209 AND flightDate=TO_DATE('May 21, 2012', 'MON DD, YYYY')), 'A1', 'YYC', TO_TIMESTAMP_TZ('May 21, 2012 08:00 -07:00', 'MON DD, YYYY HH24:MI TZH:TZM'), 'departed at 08:00');
INSERT INTO Arrivals VALUES((SELECT id FROM FlightInstances WHERE airlineCode='WS' AND flightNumber=209 AND flightDate=TO_DATE('May 21, 2012', 'MON DD, YYYY')), '1', 'YYJ', TO_TIMESTAMP_TZ('May 21, 2012 08:27 -08:00', 'MON DD, YYYY HH24:MI TZH:TZM'), 'arrived at 08:27');
-- INSERT INTO Flights VALUES ('WS',449,'YYC','YYJ','B737',TO_TIMESTAMP_TZ('Jan 15, 1980 12:50 -07:00','MON DD, YYYY HH24:MI TZH:TZM'),TO_TIMESTAMP_TZ('Jan 15, 1980 13:17 -08:00','MON DD, YYYY HH24:MI TZH:TZM'));
INSERT INTO Departures VALUES((SELECT id FROM FlightInstances WHERE airlineCode='WS' AND flightNumber=449 AND flightDate=TO_DATE('May 21, 2012', 'MON DD, YYYY')), 'A1', 'YYC', TO_TIMESTAMP_TZ('May 21, 2012 12:50 -07:00', 'MON DD, YYYY HH24:MI TZH:TZM'), 'departed at 12:50');
INSERT INTO Arrivals VALUES((SELECT id FROM FlightInstances WHERE airlineCode='WS' AND flightNumber=449 AND flightDate=TO_DATE('May 21, 2012', 'MON DD, YYYY')), '1', 'YYJ', TO_TIMESTAMP_TZ('May 21, 2012 13:17 -08:00', 'MON DD, YYYY HH24:MI TZH:TZM'), 'arrived at 13:17');
-- INSERT INTO Flights VALUES ('WS',221,'YYC','YYJ','B738',TO_TIMESTAMP_TZ('Jan 15, 1980 19:05 -07:00','MON DD, YYYY HH24:MI TZH:TZM'),TO_TIMESTAMP_TZ('Jan 15, 1980 19:32 -08:00','MON DD, YYYY HH24:MI TZH:TZM'));
INSERT INTO Departures VALUES((SELECT id FROM FlightInstances WHERE airlineCode='WS' AND flightNumber=221 AND flightDate=TO_DATE('May 21, 2012', 'MON DD, YYYY')), 'A1', 'YYC', TO_TIMESTAMP_TZ('May 21, 2012 19:05 -07:00', 'MON DD, YYYY HH24:MI TZH:TZM'), 'departed at 19:05');
INSERT INTO Arrivals VALUES((SELECT id FROM FlightInstances WHERE airlineCode='WS' AND flightNumber=221 AND flightDate=TO_DATE('May 21, 2012', 'MON DD, YYYY')), '1', 'YYJ', TO_TIMESTAMP_TZ('May 21, 2012 19:23 -08:00', 'MON DD, YYYY HH24:MI TZH:TZM'), 'arrived at 19:32');
-- INSERT INTO Flights VALUES ('WS',751,'YYC','YYJ','B737',TO_TIMESTAMP_TZ('Jan 15, 1980 22:30 -07:00','MON DD, YYYY HH24:MI TZH:TZM'),TO_TIMESTAMP_TZ('Jan 15, 1980 22:57 -08:00','MON DD, YYYY HH24:MI TZH:TZM'));
INSERT INTO Departures VALUES((SELECT id FROM FlightInstances WHERE airlineCode='WS' AND flightNumber=751 AND flightDate=TO_DATE('May 21, 2012', 'MON DD, YYYY')), 'A1', 'YYC', TO_TIMESTAMP_TZ('May 21, 2012 22:30 -07:00', 'MON DD, YYYY HH24:MI TZH:TZM'), 'departed at 22:30');
INSERT INTO Arrivals VALUES((SELECT id FROM FlightInstances WHERE airlineCode='WS' AND flightNumber=751 AND flightDate=TO_DATE('May 21, 2012', 'MON DD, YYYY')), '1', 'YYJ', TO_TIMESTAMP_TZ('May 21, 2012 22:57 -08:00', 'MON DD, YYYY HH24:MI TZH:TZM'), 'arrived at 22:57');
-- INSERT INTO Flights VALUES ('AS',2381,'YYJ','SEA','BDH4',TO_TIMESTAMP_TZ('Jan 15, 1980 06:00 -08:00','MON DD, YYYY HH24:MI TZH:TZM'),TO_TIMESTAMP_TZ('Jan 15, 1980 06:40 -08:00','MON DD, YYYY HH24:MI TZH:TZM'));
INSERT INTO Departures VALUES((SELECT id FROM FlightInstances WHERE airlineCode='AS' AND flightNumber=2381 AND flightDate=TO_DATE('May 21, 2012', 'MON DD, YYYY')), '1', 'YYJ', TO_TIMESTAMP_TZ('May 21, 2012 06:00 -08:00', 'MON DD, YYYY HH24:MI TZH:TZM'), 'departed at 06:00');
INSERT INTO Arrivals VALUES((SELECT id FROM FlightInstances WHERE airlineCode='AS' AND flightNumber=2381 AND flightDate=TO_DATE('May 21, 2012', 'MON DD, YYYY')), 'A1', 'SEA', TO_TIMESTAMP_TZ('May 21, 2012 06:40 -08:00', 'MON DD, YYYY HH24:MI TZH:TZM'), 'arrived at 06:40');
-- INSERT INTO Flights VALUES ('AS',2383,'YYJ','SEA','BDH4',TO_TIMESTAMP_TZ('Jan 15, 1980 09:05 -08:00','MON DD, YYYY HH24:MI TZH:TZM'),TO_TIMESTAMP_TZ('Jan 15, 1980 09:45 -08:00','MON DD, YYYY HH24:MI TZH:TZM'));
INSERT INTO Departures VALUES((SELECT id FROM FlightInstances WHERE airlineCode='AS' AND flightNumber=2383 AND flightDate=TO_DATE('May 21, 2012', 'MON DD, YYYY')), '1', 'YYJ', TO_TIMESTAMP_TZ('May 21, 2012 09:05 -08:00', 'MON DD, YYYY HH24:MI TZH:TZM'), 'departed at 09:05');
INSERT INTO Arrivals VALUES((SELECT id FROM FlightInstances WHERE airlineCode='AS' AND flightNumber=2383 AND flightDate=TO_DATE('May 21, 2012', 'MON DD, YYYY')), 'A1', 'SEA', TO_TIMESTAMP_TZ('May 21, 2012 09:45 -08:00', 'MON DD, YYYY HH24:MI TZH:TZM'), 'arrived at 09:45');
-- INSERT INTO Flights VALUES ('AS',2385,'YYJ','SEA','BDH4',TO_TIMESTAMP_TZ('Jan 15, 1980 12:20 -08:00','MON DD, YYYY HH24:MI TZH:TZM'),TO_TIMESTAMP_TZ('Jan 15, 1980 13:01 -08:00','MON DD, YYYY HH24:MI TZH:TZM'));
INSERT INTO Departures VALUES((SELECT id FROM FlightInstances WHERE airlineCode='AS' AND flightNumber=2385 AND flightDate=TO_DATE('May 21, 2012', 'MON DD, YYYY')), '1', 'YYJ', TO_TIMESTAMP_TZ('May 21, 2012 12:20 -08:00', 'MON DD, YYYY HH24:MI TZH:TZM'), 'departed at 12:20');
INSERT INTO Arrivals VALUES((SELECT id FROM FlightInstances WHERE airlineCode='AS' AND flightNumber=2385 AND flightDate=TO_DATE('May 21, 2012', 'MON DD, YYYY')), 'A1', 'SEA', TO_TIMESTAMP_TZ('May 21, 2012 13:01 -08:00', 'MON DD, YYYY HH24:MI TZH:TZM'), 'arrived at 13:01');
-- INSERT INTO Flights VALUES ('AS',2387,'YYJ','SEA','BDH4',TO_TIMESTAMP_TZ('Jan 15, 1980 15:40 -08:00','MON DD, YYYY HH24:MI TZH:TZM'),TO_TIMESTAMP_TZ('Jan 15, 1980 16:20 -08:00','MON DD, YYYY HH24:MI TZH:TZM'));
INSERT INTO Departures VALUES((SELECT id FROM FlightInstances WHERE airlineCode='AS' AND flightNumber=2387 AND flightDate=TO_DATE('May 21, 2012', 'MON DD, YYYY')), '1', 'YYJ', TO_TIMESTAMP_TZ('May 21, 2012 15:40 -08:00', 'MON DD, YYYY HH24:MI TZH:TZM'), 'departed at 15:40');
INSERT INTO Arrivals VALUES((SELECT id FROM FlightInstances WHERE airlineCode='AS' AND flightNumber=2387 AND flightDate=TO_DATE('May 21, 2012', 'MON DD, YYYY')), 'A1', 'SEA', TO_TIMESTAMP_TZ('May 21, 2012 16:20 -08:00', 'MON DD, YYYY HH24:MI TZH:TZM'), 'arrived at 16:20');
-- INSERT INTO Flights VALUES ('AS',2389,'YYJ','SEA','BDH4',TO_TIMESTAMP_TZ('Jan 15, 1980 18:50 -08:00','MON DD, YYYY HH24:MI TZH:TZM'),TO_TIMESTAMP_TZ('Jan 15, 1980 19:30 -08:00','MON DD, YYYY HH24:MI TZH:TZM'));
INSERT INTO Departures VALUES((SELECT id FROM FlightInstances WHERE airlineCode='AS' AND flightNumber=2389 AND flightDate=TO_DATE('May 21, 2012', 'MON DD, YYYY')), '1', 'YYJ', TO_TIMESTAMP_TZ('May 21, 2012 18:50 -08:00', 'MON DD, YYYY HH24:MI TZH:TZM'), 'departed at 18:50');
INSERT INTO Arrivals VALUES((SELECT id FROM FlightInstances WHERE airlineCode='AS' AND flightNumber=2389 AND flightDate=TO_DATE('May 21, 2012', 'MON DD, YYYY')), 'A1', 'SEA', TO_TIMESTAMP_TZ('May 21, 2012 19:30 -08:00', 'MON DD, YYYY HH24:MI TZH:TZM'), 'arrived at 19:30');
-- INSERT INTO Flights VALUES ('AS',2382,'SEA','YYJ','BDH4',TO_TIMESTAMP_TZ('Jan 15, 1980 07:50 -08:00','MON DD, YYYY HH24:MI TZH:TZM'),TO_TIMESTAMP_TZ('Jan 15, 1980 08:29 -08:00','MON DD, YYYY HH24:MI TZH:TZM'));
INSERT INTO Departures VALUES((SELECT id FROM FlightInstances WHERE airlineCode='AS' AND flightNumber=2382 AND flightDate=TO_DATE('May 21, 2012', 'MON DD, YYYY')), 'A1', 'SEA', TO_TIMESTAMP_TZ('May 21, 2012 07:50 -08:00', 'MON DD, YYYY HH24:MI TZH:TZM'), 'departed at 07:50');
INSERT INTO Arrivals VALUES((SELECT id FROM FlightInstances WHERE airlineCode='AS' AND flightNumber=2382 AND flightDate=TO_DATE('May 21, 2012', 'MON DD, YYYY')), '1', 'YYJ', TO_TIMESTAMP_TZ('May 21, 2012 08:29 -08:00', 'MON DD, YYYY HH24:MI TZH:TZM'), 'arrived at 08:29');
-- INSERT INTO Flights VALUES ('AS',2384,'SEA','YYJ','BDH4',TO_TIMESTAMP_TZ('Jan 15, 1980 11:00 -08:00','MON DD, YYYY HH24:MI TZH:TZM'),TO_TIMESTAMP_TZ('Jan 15, 1980 11:45 -08:00','MON DD, YYYY HH24:MI TZH:TZM'));
INSERT INTO Departures VALUES((SELECT id FROM FlightInstances WHERE airlineCode='AS' AND flightNumber=2384 AND flightDate=TO_DATE('May 21, 2012', 'MON DD, YYYY')), 'A1', 'SEA', TO_TIMESTAMP_TZ('May 21, 2012 11:00 -08:00', 'MON DD, YYYY HH24:MI TZH:TZM'), 'departed at 11:00');
INSERT INTO Arrivals VALUES((SELECT id FROM FlightInstances WHERE airlineCode='AS' AND flightNumber=2384 AND flightDate=TO_DATE('May 21, 2012', 'MON DD, YYYY')), '1', 'YYJ', TO_TIMESTAMP_TZ('May 21, 2012 11:45 -08:00', 'MON DD, YYYY HH24:MI TZH:TZM'), 'arrived at 11:45');
-- INSERT INTO Flights VALUES ('AS',2386,'SEA','YYJ','BDH4',TO_TIMESTAMP_TZ('Jan 15, 1980 14:20 -08:00','MON DD, YYYY HH24:MI TZH:TZM'),TO_TIMESTAMP_TZ('Jan 15, 1980 15:04 -08:00','MON DD, YYYY HH24:MI TZH:TZM'));
INSERT INTO Departures VALUES((SELECT id FROM FlightInstances WHERE airlineCode='AS' AND flightNumber=2386 AND flightDate=TO_DATE('May 21, 2012', 'MON DD, YYYY')), 'A1', 'SEA', TO_TIMESTAMP_TZ('May 21, 2012 14:20 -08:00', 'MON DD, YYYY HH24:MI TZH:TZM'), 'departed at 14:20');
INSERT INTO Arrivals VALUES((SELECT id FROM FlightInstances WHERE airlineCode='AS' AND flightNumber=2386 AND flightDate=TO_DATE('May 21, 2012', 'MON DD, YYYY')), '1', 'YYJ', TO_TIMESTAMP_TZ('May 21, 2012 15:04 -08:00', 'MON DD, YYYY HH24:MI TZH:TZM'), 'arrived at 15:04');
-- INSERT INTO Flights VALUES ('AS',2388,'SEA','YYJ','BDH4',TO_TIMESTAMP_TZ('Jan 15, 1980 17:32 -08:00','MON DD, YYYY HH24:MI TZH:TZM'),TO_TIMESTAMP_TZ('Jan 15, 1980 18:15 -08:00','MON DD, YYYY HH24:MI TZH:TZM'));
INSERT INTO Departures VALUES((SELECT id FROM FlightInstances WHERE airlineCode='AS' AND flightNumber=2388 AND flightDate=TO_DATE('May 21, 2012', 'MON DD, YYYY')), 'A1', 'SEA', TO_TIMESTAMP_TZ('May 21, 2012 18:45 -08:00', 'MON DD, YYYY HH24:MI TZH:TZM'), 'delayed to 18:45');
INSERT INTO Arrivals VALUES((SELECT id FROM FlightInstances WHERE airlineCode='AS' AND flightNumber=2388 AND flightDate=TO_DATE('May 21, 2012', 'MON DD, YYYY')), '1', 'YYJ', TO_TIMESTAMP_TZ('May 21, 2012 20:05 -08:00', 'MON DD, YYYY HH24:MI TZH:TZM'), 'delayed to 20:05');
-- INSERT INTO Flights VALUES ('AS',2380,'SEA','YYJ','BDH4',TO_TIMESTAMP_TZ('Jan 15, 1980 23:00 -08:00','MON DD, YYYY HH24:MI TZH:TZM'),TO_TIMESTAMP_TZ('Jan 15, 1980 23:42 -08:00','MON DD, YYYY HH24:MI TZH:TZM'));
INSERT INTO Departures VALUES((SELECT id FROM FlightInstances WHERE airlineCode='AS' AND flightNumber=2380 AND flightDate=TO_DATE('May 21, 2012', 'MON DD, YYYY')), 'A1', 'SEA', TO_TIMESTAMP_TZ('May 21, 2012 23:00 -08:00', 'MON DD, YYYY HH24:MI TZH:TZM'), 'departed at 23:00');
INSERT INTO Arrivals VALUES((SELECT id FROM FlightInstances WHERE airlineCode='AS' AND flightNumber=2380 AND flightDate=TO_DATE('May 21, 2012', 'MON DD, YYYY')), '1', 'YYJ', TO_TIMESTAMP_TZ('May 21, 2012 23:42 -08:00', 'MON DD, YYYY HH24:MI TZH:TZM'), 'arrived at 23:42');
